fichier,octets,lignes
sirene/01/activites-sportives-dont-ecuries-de-course.json,4679,36
sirene/01/aeronautique.json,237,2
sirene/01/agences-immobilieres-gestion-de-logements.json,30933,250
sirene/01/aide-a-domicile.json,9101,72
sirene/01/ambulances.json,5875,49
sirene/01/aquaculture-pisciculture-conchyliculture.json,1690,14
sirene/01/architectes.json,5854,50
sirene/01/armurerie-fabrication-d-armes.json,3,0
sirene/01/associations-animation-solidarite.json,28694,219
sirene/01/audiovisuel-cinema-son.json,1202,11
sirene/01/autres-elevages-dont-animaux-de-compagnie-apiculture.json,910,8
sirene/01/banques-assurances.json,25475,184
sirene/01/bateaux-nautisme.json,110,1
sirene/01/bijouterie-horlogerie.json,1713,15
sirene/01/boucherie-charcuterie-poissonnerie.json,15550,134
sirene/01/boulangerie-patisserie.json,27790,239
sirene/01/bureaux-d-etudes-economistes-de-la-construction.json,29904,259
sirene/01/cafes-bars.json,11596,103
sirene/01/ceramique-verre-d-art-instruments-de-musique.json,398,3
sirene/01/chaudronnerie-soudure-structures-metalliques.json,10279,82
sirene/01/chimie-pharmacie-cosmetiques-papier.json,7191,58
sirene/01/chocolaterie-confiserie-glaces.json,1237,10
sirene/01/clubs-et-salles-de-sport.json,39249,311
sirene/01/coiffure.json,30472,272
sirene/01/commerce-de-gros-entre-entreprises.json,41772,346
sirene/01/comptabilite-conseil-gestion.json,62479,529
sirene/01/concessionnaires-vente-de-vehicules-et-pieces.json,34116,291
sirene/01/construction-de-navires.json,321,3
sirene/01/construction-maconnerie-gros-uvre.json,70399,613
sirene/01/couture-confection.json,1290,10
sirene/01/creches-petite-enfance.json,23919,185
sirene/01/cuir-maroquinerie-cordonnerie.json,972,8
sirene/01/cultures-specialisees-vergers-cultures-tropicales.json,513,4
sirene/01/dechets-recyclage-assainissement.json,22764,172
sirene/01/demenagement.json,2256,17
sirene/01/eau-potable-captage-traitement-distribution.json,10484,78
sirene/01/ebenisterie-meubles-restauration-de-meubles.json,4100,36
sirene/01/ecoles-de-sport-equitation.json,4900,41
sirene/01/ecoles-maternelles-et-elementaires.json,59632,425
sirene/01/electricite-du-batiment.json,32079,277
sirene/01/electronique-materiel-electrique.json,4577,39
sirene/01/elements-prefabriques-en-beton.json,1915,16
sirene/01/elevage-bovin-ovin-caprin-porcin-volailles.json,27190,232
sirene/01/elevage-de-chevaux-haras.json,3270,29
sirene/01/enseignement-culturel-conservatoires.json,3959,32
sirene/01/enseignes-signaletique-marquage.json,1898,15
sirene/01/entrepots-logistique.json,15562,123
sirene/01/esthetique-soins-de-beaute.json,9386,83
sirene/01/fabrication-de-monnaies-medailles.json,3,0
sirene/01/fleuristes-jardineries.json,10237,88
sirene/01/fleurs-artificielles-parures-de-mode.json,3,0
sirene/01/fonderies.json,1109,9
sirene/01/forets-travaux-forestiers.json,5504,45
sirene/01/froid-industriel-installation-de-machines.json,4578,37
sirene/01/garages-carrosseries-voitures.json,47427,409
sirene/01/geometres-experts-topographie.json,3424,28
sirene/01/grossistes-en-fruits-et-legumes.json,2116,19
sirene/01/grossistes-en-poissons-crustaces-mollusques.json,653,5
sirene/01/grossistes-en-viandes.json,478,4
sirene/01/guides-offices-de-tourisme.json,3737,26
sirene/01/handicap-foyers-esat-ime.json,9602,65
sirene/01/hopitaux-cliniques-laboratoires.json,14272,108
sirene/01/horticulture-maraichage-agriculture.json,21345,186
sirene/01/hotels.json,20747,170
sirene/01/imprimerie-prepresse-reliure.json,7576,65
sirene/01/industrie-agroalimentaire.json,7882,64
sirene/01/interim-recrutement.json,18980,147
sirene/01/laboratoires-d-analyses-et-d-essais.json,963,8
sirene/01/laboratoires-de-recherche-scientifique.json,2029,17
sirene/01/loisirs-animation.json,24531,191
sirene/01/magasins-specialises-bricolage-maison-sport-high-tech.json,54027,453
sirene/01/maintenance-d-equipements-ascenseurs.json,6045,50
sirene/01/mairies-administrations.json,99338,724
sirene/01/materiels-agricoles-engins-de-chantier.json,10420,89
sirene/01/menuiserie-agencement-serrurerie.json,39743,338
sirene/01/motos-scooters.json,2848,25
sirene/01/navigation-fluviale.json,236,2
sirene/01/navigation-maritime-plaisance-professionnelle.json,3,0
sirene/01/nettoyage-proprete.json,21165,180
sirene/01/objets-en-bois-liege-vannerie.json,2015,17
sirene/01/optique-photonique-instruments-de-mesure.json,1396,12
sirene/01/parcs-naturels-jardins-botaniques-et-zoologiques.json,274,2
sirene/01/parfumerie-cosmetiques.json,4697,37
sirene/01/paysagistes-espaces-verts.json,23230,200
sirene/01/peche-professionnelle.json,3,0
sirene/01/peinture-platre-carrelage-sols-isolation.json,42777,377
sirene/01/personnes-agees-ehpad-residences.json,17843,133
sirene/01/pharmacie-optique-protheses.json,44240,372
sirene/01/photographie.json,781,7
sirene/01/plastique-verre-materiaux.json,21972,190
sirene/01/plomberie-chauffage-climatisation-froid.json,44128,377
sirene/01/poids-lourds-utilitaires.json,1686,15
sirene/01/poste-courrier.json,1388,13
sirene/01/pressing-blanchisserie-retouches.json,4947,42
sirene/01/primeur-fromagerie-epicerie-fine-cave.json,8871,76
sirene/01/production-et-distribution-d-energie.json,6045,49
sirene/01/publicite-design-graphique.json,7348,63
sirene/01/remontees-mecaniques-telepheriques.json,1198,9
sirene/01/reparation-d-ordinateurs-et-de-telephones.json,2152,18
sirene/01/reparation-de-machines-et-d-electronique.json,9560,79
sirene/01/reseaux-electriques-et-telecoms.json,1383,11
sirene/01/restaurants.json,57116,499
sirene/01/restauration-collective-cantines-entreprises.json,9730,74
sirene/01/restauration-rapide.json,35540,314
sirene/01/scieries-preparation-du-bois.json,3381,28
sirene/01/secretariat-accueil-centres-d-appels.json,19330,163
sirene/01/securite-privee-surveillance.json,3708,30
sirene/01/services-a-l-elevage-marechalerie.json,1673,14
sirene/01/services-informatiques-reseaux.json,7194,67
sirene/01/spectacle-musees-bibliotheques.json,8415,68
sirene/01/superettes-alimentation-generale.json,8948,79
sirene/01/supermarches-grandes-surfaces.json,21032,186
sirene/01/tapisserie-decoration-textile.json,587,5
sirene/01/telecommunications.json,2357,20
sirene/01/traitement-des-dechets-dangereux.json,297,2
sirene/01/traiteurs.json,4050,36
sirene/01/transformation-de-poissons-crustaces-mollusques.json,417,3
sirene/01/transformation-de-viandes.json,3457,29
sirene/01/transport-de-marchandises-livraison.json,27363,232
sirene/01/transport-de-voyageurs.json,14750,123
sirene/01/travaux-agricoles-services-aux-cultures.json,5751,50
sirene/01/travaux-publics-routes-reseaux.json,21302,180
sirene/01/usinage-mecanique-outillage.json,22360,191
sirene/01/vetements-chaussures-accessoires.json,26736,232
sirene/01/veterinaires-soins-aux-animaux.json,10392,84
sirene/01/viticulture-vinification.json,2915,25
sirene/02/activites-sportives-dont-ecuries-de-course.json,2483,19
sirene/02/aeronautique.json,3,0
sirene/02/agences-immobilieres-gestion-de-logements.json,20064,167
sirene/02/aide-a-domicile.json,18583,133
sirene/02/ambulances.json,5758,48
sirene/02/aquaculture-pisciculture-conchyliculture.json,116,1
sirene/02/architectes.json,3078,27
sirene/02/armurerie-fabrication-d-armes.json,3,0
sirene/02/associations-animation-solidarite.json,38504,270
sirene/02/audiovisuel-cinema-son.json,1858,15
sirene/02/autres-elevages-dont-animaux-de-compagnie-apiculture.json,237,2
sirene/02/banques-assurances.json,21464,154
sirene/02/bateaux-nautisme.json,3,0
sirene/02/bijouterie-horlogerie.json,3,0
sirene/02/boucherie-charcuterie-poissonnerie.json,8103,71
sirene/02/boulangerie-patisserie.json,16529,146
sirene/02/bureaux-d-etudes-economistes-de-la-construction.json,8681,74
sirene/02/cafes-bars.json,10296,93
sirene/02/ceramique-verre-d-art-instruments-de-musique.json,119,1
sirene/02/chaudronnerie-soudure-structures-metalliques.json,3677,29
sirene/02/chimie-pharmacie-cosmetiques-papier.json,2730,24
sirene/02/chocolaterie-confiserie-glaces.json,329,2
sirene/02/clubs-et-salles-de-sport.json,26315,204
sirene/02/coiffure.json,16619,148
sirene/02/commerce-de-gros-entre-entreprises.json,19488,162
sirene/02/comptabilite-conseil-gestion.json,39382,320
sirene/02/concessionnaires-vente-de-vehicules-et-pieces.json,24675,208
sirene/02/construction-de-navires.json,3,0
sirene/02/construction-maconnerie-gros-uvre.json,45056,407
sirene/02/couture-confection.json,664,6
sirene/02/creches-petite-enfance.json,11484,92
sirene/02/cuir-maroquinerie-cordonnerie.json,1430,12
sirene/02/cultures-specialisees-vergers-cultures-tropicales.json,834,7
sirene/02/dechets-recyclage-assainissement.json,21557,155
sirene/02/demenagement.json,1309,10
sirene/02/eau-potable-captage-traitement-distribution.json,31145,230
sirene/02/ebenisterie-meubles-restauration-de-meubles.json,1039,9
sirene/02/ecoles-de-sport-equitation.json,2005,16
sirene/02/ecoles-maternelles-et-elementaires.json,81758,586
sirene/02/electricite-du-batiment.json,13545,120
sirene/02/electronique-materiel-electrique.json,1524,12
sirene/02/elements-prefabriques-en-beton.json,800,7
sirene/02/elevage-bovin-ovin-caprin-porcin-volailles.json,9291,83
sirene/02/elevage-de-chevaux-haras.json,335,3
sirene/02/enseignement-culturel-conservatoires.json,2010,16
sirene/02/enseignes-signaletique-marquage.json,574,5
sirene/02/entrepots-logistique.json,10780,87
sirene/02/esthetique-soins-de-beaute.json,3330,30
sirene/02/fabrication-de-monnaies-medailles.json,3,0
sirene/02/fleuristes-jardineries.json,5474,48
sirene/02/fleurs-artificielles-parures-de-mode.json,3,0
sirene/02/fonderies.json,709,6
sirene/02/forets-travaux-forestiers.json,7717,66
sirene/02/froid-industriel-installation-de-machines.json,1942,17
sirene/02/garages-carrosseries-voitures.json,24315,213
sirene/02/geometres-experts-topographie.json,1715,14
sirene/02/grossistes-en-fruits-et-legumes.json,1597,15
sirene/02/grossistes-en-poissons-crustaces-mollusques.json,3,0
sirene/02/grossistes-en-viandes.json,260,2
sirene/02/guides-offices-de-tourisme.json,1798,12
sirene/02/handicap-foyers-esat-ime.json,13401,93
sirene/02/hopitaux-cliniques-laboratoires.json,17084,120
sirene/02/horticulture-maraichage-agriculture.json,71250,641
sirene/02/hotels.json,10098,83
sirene/02/imprimerie-prepresse-reliure.json,2433,21
sirene/02/industrie-agroalimentaire.json,3009,26
sirene/02/interim-recrutement.json,20782,167
sirene/02/laboratoires-d-analyses-et-d-essais.json,570,4
sirene/02/laboratoires-de-recherche-scientifique.json,1180,9
sirene/02/loisirs-animation.json,21668,164
sirene/02/magasins-specialises-bricolage-maison-sport-high-tech.json,27968,245
sirene/02/maintenance-d-equipements-ascenseurs.json,2633,22
sirene/02/mairies-administrations.json,142439,1094
sirene/02/materiels-agricoles-engins-de-chantier.json,12180,107
sirene/02/menuiserie-agencement-serrurerie.json,17463,149
sirene/02/motos-scooters.json,1867,17
sirene/02/navigation-fluviale.json,325,3
sirene/02/navigation-maritime-plaisance-professionnelle.json,3,0
sirene/02/nettoyage-proprete.json,7436,65
sirene/02/objets-en-bois-liege-vannerie.json,566,5
sirene/02/optique-photonique-instruments-de-mesure.json,210,2
sirene/02/parcs-naturels-jardins-botaniques-et-zoologiques.json,411,3
sirene/02/parfumerie-cosmetiques.json,3032,26
sirene/02/paysagistes-espaces-verts.json,9990,88
sirene/02/peche-professionnelle.json,97,1
sirene/02/peinture-platre-carrelage-sols-isolation.json,15725,141
sirene/02/personnes-agees-ehpad-residences.json,10961,81
sirene/02/pharmacie-optique-protheses.json,35745,304
sirene/02/photographie.json,338,3
sirene/02/plastique-verre-materiaux.json,3498,28
sirene/02/plomberie-chauffage-climatisation-froid.json,20895,184
sirene/02/poids-lourds-utilitaires.json,1778,14
sirene/02/poste-courrier.json,316,3
sirene/02/pressing-blanchisserie-retouches.json,3820,33
sirene/02/primeur-fromagerie-epicerie-fine-cave.json,3587,31
sirene/02/production-et-distribution-d-energie.json,1878,15
sirene/02/publicite-design-graphique.json,2372,20
sirene/02/remontees-mecaniques-telepheriques.json,3,0
sirene/02/reparation-d-ordinateurs-et-de-telephones.json,451,4
sirene/02/reparation-de-machines-et-d-electronique.json,6545,57
sirene/02/reseaux-electriques-et-telecoms.json,1156,9
sirene/02/restaurants.json,24858,221
sirene/02/restauration-collective-cantines-entreprises.json,4285,30
sirene/02/restauration-rapide.json,27773,250
sirene/02/scieries-preparation-du-bois.json,846,7
sirene/02/secretariat-accueil-centres-d-appels.json,8649,73
sirene/02/securite-privee-surveillance.json,2384,21
sirene/02/services-a-l-elevage-marechalerie.json,1346,11
sirene/02/services-informatiques-reseaux.json,2457,22
sirene/02/spectacle-musees-bibliotheques.json,8272,68
sirene/02/superettes-alimentation-generale.json,3930,36
sirene/02/supermarches-grandes-surfaces.json,19863,178
sirene/02/tapisserie-decoration-textile.json,468,4
sirene/02/telecommunications.json,1706,13
sirene/02/traitement-des-dechets-dangereux.json,741,6
sirene/02/traiteurs.json,2512,22
sirene/02/transformation-de-poissons-crustaces-mollusques.json,114,1
sirene/02/transformation-de-viandes.json,1098,10
sirene/02/transport-de-marchandises-livraison.json,21533,191
sirene/02/transport-de-voyageurs.json,9900,80
sirene/02/travaux-agricoles-services-aux-cultures.json,10366,94
sirene/02/travaux-publics-routes-reseaux.json,9883,86
sirene/02/usinage-mecanique-outillage.json,7015,57
sirene/02/vetements-chaussures-accessoires.json,20105,179
sirene/02/veterinaires-soins-aux-animaux.json,6289,52
sirene/02/viticulture-vinification.json,21685,181
sirene/03/activites-sportives-dont-ecuries-de-course.json,1212,10
sirene/03/aeronautique.json,354,3
sirene/03/agences-immobilieres-gestion-de-logements.json,16243,137
sirene/03/aide-a-domicile.json,10732,80
sirene/03/ambulances.json,5359,46
sirene/03/aquaculture-pisciculture-conchyliculture.json,3,0
sirene/03/architectes.json,1904,17
sirene/03/armurerie-fabrication-d-armes.json,3,0
sirene/03/associations-animation-solidarite.json,16023,125
sirene/03/audiovisuel-cinema-son.json,1313,12
sirene/03/autres-elevages-dont-animaux-de-compagnie-apiculture.json,969,7
sirene/03/banques-assurances.json,14833,108
sirene/03/bateaux-nautisme.json,3,0
sirene/03/bijouterie-horlogerie.json,460,4
sirene/03/boucherie-charcuterie-poissonnerie.json,7942,67
sirene/03/boulangerie-patisserie.json,16338,143
sirene/03/bureaux-d-etudes-economistes-de-la-construction.json,6628,58
sirene/03/cafes-bars.json,8362,78
sirene/03/ceramique-verre-d-art-instruments-de-musique.json,350,3
sirene/03/chaudronnerie-soudure-structures-metalliques.json,3827,32
sirene/03/chimie-pharmacie-cosmetiques-papier.json,3232,27
sirene/03/chocolaterie-confiserie-glaces.json,1138,10
sirene/03/clubs-et-salles-de-sport.json,18257,146
sirene/03/coiffure.json,13573,122
sirene/03/commerce-de-gros-entre-entreprises.json,13818,117
sirene/03/comptabilite-conseil-gestion.json,25701,218
sirene/03/concessionnaires-vente-de-vehicules-et-pieces.json,16183,140
sirene/03/construction-de-navires.json,102,1
sirene/03/construction-maconnerie-gros-uvre.json,26918,241
sirene/03/couture-confection.json,112,1
sirene/03/creches-petite-enfance.json,5314,41
sirene/03/cuir-maroquinerie-cordonnerie.json,2367,19
sirene/03/cultures-specialisees-vergers-cultures-tropicales.json,3,0
sirene/03/dechets-recyclage-assainissement.json,24185,169
sirene/03/demenagement.json,1161,8
sirene/03/eau-potable-captage-traitement-distribution.json,4497,29
sirene/03/ebenisterie-meubles-restauration-de-meubles.json,1512,13
sirene/03/ecoles-de-sport-equitation.json,2735,21
sirene/03/ecoles-maternelles-et-elementaires.json,47660,350
sirene/03/electricite-du-batiment.json,10680,94
sirene/03/electronique-materiel-electrique.json,1371,11
sirene/03/elements-prefabriques-en-beton.json,808,7
sirene/03/elevage-bovin-ovin-caprin-porcin-volailles.json,25025,188
sirene/03/elevage-de-chevaux-haras.json,1702,14
sirene/03/enseignement-culturel-conservatoires.json,448,3
sirene/03/enseignes-signaletique-marquage.json,337,3
sirene/03/entrepots-logistique.json,4429,39
sirene/03/esthetique-soins-de-beaute.json,4422,40
sirene/03/fabrication-de-monnaies-medailles.json,3,0
sirene/03/fleuristes-jardineries.json,6757,60
sirene/03/fleurs-artificielles-parures-de-mode.json,3,0
sirene/03/fonderies.json,445,4
sirene/03/forets-travaux-forestiers.json,2176,19
sirene/03/froid-industriel-installation-de-machines.json,1530,13
sirene/03/garages-carrosseries-voitures.json,21362,191
sirene/03/geometres-experts-topographie.json,1421,10
sirene/03/grossistes-en-fruits-et-legumes.json,803,7
sirene/03/grossistes-en-poissons-crustaces-mollusques.json,184,2
sirene/03/grossistes-en-viandes.json,206,2
sirene/03/guides-offices-de-tourisme.json,2144,16
sirene/03/handicap-foyers-esat-ime.json,11022,69
sirene/03/hopitaux-cliniques-laboratoires.json,12976,92
sirene/03/horticulture-maraichage-agriculture.json,20269,157
sirene/03/hotels.json,14273,120
sirene/03/imprimerie-prepresse-reliure.json,2010,18
sirene/03/industrie-agroalimentaire.json,2932,25
sirene/03/interim-recrutement.json,13983,110
sirene/03/laboratoires-d-analyses-et-d-essais.json,232,2
sirene/03/laboratoires-de-recherche-scientifique.json,1036,7
sirene/03/loisirs-animation.json,24858,178
sirene/03/magasins-specialises-bricolage-maison-sport-high-tech.json,32887,281
sirene/03/maintenance-d-equipements-ascenseurs.json,1626,14
sirene/03/mairies-administrations.json,84558,615
sirene/03/materiels-agricoles-engins-de-chantier.json,7794,69
sirene/03/menuiserie-agencement-serrurerie.json,18707,164
sirene/03/motos-scooters.json,1184,11
sirene/03/navigation-fluviale.json,110,1
sirene/03/navigation-maritime-plaisance-professionnelle.json,3,0
sirene/03/nettoyage-proprete.json,5203,48
sirene/03/objets-en-bois-liege-vannerie.json,114,1
sirene/03/optique-photonique-instruments-de-mesure.json,663,5
sirene/03/parcs-naturels-jardins-botaniques-et-zoologiques.json,167,1
sirene/03/parfumerie-cosmetiques.json,1417,13
sirene/03/paysagistes-espaces-verts.json,5431,50
sirene/03/peche-professionnelle.json,3,0
sirene/03/peinture-platre-carrelage-sols-isolation.json,16007,143
sirene/03/personnes-agees-ehpad-residences.json,9556,70
sirene/03/pharmacie-optique-protheses.json,27304,231
sirene/03/photographie.json,548,4
sirene/03/plastique-verre-materiaux.json,1934,16
sirene/03/plomberie-chauffage-climatisation-froid.json,18062,159
sirene/03/poids-lourds-utilitaires.json,1859,15
sirene/03/poste-courrier.json,202,2
sirene/03/pressing-blanchisserie-retouches.json,2841,26
sirene/03/primeur-fromagerie-epicerie-fine-cave.json,3630,32
sirene/03/production-et-distribution-d-energie.json,9318,83
sirene/03/publicite-design-graphique.json,2050,19
sirene/03/remontees-mecaniques-telepheriques.json,3,0
sirene/03/reparation-d-ordinateurs-et-de-telephones.json,817,8
sirene/03/reparation-de-machines-et-d-electronique.json,5038,45
sirene/03/reseaux-electriques-et-telecoms.json,768,6
sirene/03/restaurants.json,24453,226
sirene/03/restauration-collective-cantines-entreprises.json,4339,34
sirene/03/restauration-rapide.json,16754,148
sirene/03/scieries-preparation-du-bois.json,1901,15
sirene/03/secretariat-accueil-centres-d-appels.json,8042,70
sirene/03/securite-privee-surveillance.json,1694,14
sirene/03/services-a-l-elevage-marechalerie.json,860,8
sirene/03/services-informatiques-reseaux.json,1711,16
sirene/03/spectacle-musees-bibliotheques.json,8643,69
sirene/03/superettes-alimentation-generale.json,4268,37
sirene/03/supermarches-grandes-surfaces.json,13030,113
sirene/03/tapisserie-decoration-textile.json,836,7
sirene/03/telecommunications.json,1479,13
sirene/03/traitement-des-dechets-dangereux.json,3,0
sirene/03/traiteurs.json,1514,12
sirene/03/transformation-de-poissons-crustaces-mollusques.json,3,0
sirene/03/transformation-de-viandes.json,2300,18
sirene/03/transport-de-marchandises-livraison.json,13091,113
sirene/03/transport-de-voyageurs.json,6308,54
sirene/03/travaux-agricoles-services-aux-cultures.json,3005,29
sirene/03/travaux-publics-routes-reseaux.json,8493,74
sirene/03/usinage-mecanique-outillage.json,4900,41
sirene/03/vetements-chaussures-accessoires.json,17548,162
sirene/03/veterinaires-soins-aux-animaux.json,7529,61
sirene/03/viticulture-vinification.json,1490,12
sirene/04/activites-sportives-dont-ecuries-de-course.json,317,3
sirene/04/aeronautique.json,267,2
sirene/04/agences-immobilieres-gestion-de-logements.json,11827,95
sirene/04/aide-a-domicile.json,6294,49
sirene/04/ambulances.json,1569,13
sirene/04/aquaculture-pisciculture-conchyliculture.json,3,0
sirene/04/architectes.json,2446,20
sirene/04/armurerie-fabrication-d-armes.json,3,0
sirene/04/associations-animation-solidarite.json,34832,247
sirene/04/audiovisuel-cinema-son.json,818,7
sirene/04/autres-elevages-dont-animaux-de-compagnie-apiculture.json,100,1
sirene/04/banques-assurances.json,8310,63
sirene/04/bateaux-nautisme.json,204,2
sirene/04/bijouterie-horlogerie.json,232,2
sirene/04/boucherie-charcuterie-poissonnerie.json,4106,35
sirene/04/boulangerie-patisserie.json,11719,99
sirene/04/bureaux-d-etudes-economistes-de-la-construction.json,7967,66
sirene/04/cafes-bars.json,9525,85
sirene/04/ceramique-verre-d-art-instruments-de-musique.json,1334,11
sirene/04/chaudronnerie-soudure-structures-metalliques.json,417,4
sirene/04/chimie-pharmacie-cosmetiques-papier.json,2810,23
sirene/04/chocolaterie-confiserie-glaces.json,1325,11
sirene/04/clubs-et-salles-de-sport.json,12431,98
sirene/04/coiffure.json,6714,58
sirene/04/commerce-de-gros-entre-entreprises.json,8634,72
sirene/04/comptabilite-conseil-gestion.json,23151,181
sirene/04/concessionnaires-vente-de-vehicules-et-pieces.json,9595,76
sirene/04/construction-de-navires.json,3,0
sirene/04/construction-maconnerie-gros-uvre.json,20681,177
sirene/04/couture-confection.json,3,0
sirene/04/creches-petite-enfance.json,5021,38
sirene/04/cuir-maroquinerie-cordonnerie.json,113,1
sirene/04/cultures-specialisees-vergers-cultures-tropicales.json,5728,52
sirene/04/dechets-recyclage-assainissement.json,7543,54
sirene/04/demenagement.json,392,3
sirene/04/eau-potable-captage-traitement-distribution.json,13068,94
sirene/04/ebenisterie-meubles-restauration-de-meubles.json,575,5
sirene/04/ecoles-de-sport-equitation.json,1402,11
sirene/04/ecoles-maternelles-et-elementaires.json,17299,125
sirene/04/electricite-du-batiment.json,9189,77
sirene/04/electronique-materiel-electrique.json,316,3
sirene/04/elements-prefabriques-en-beton.json,3,0
sirene/04/elevage-bovin-ovin-caprin-porcin-volailles.json,7470,64
sirene/04/elevage-de-chevaux-haras.json,291,2
sirene/04/enseignement-culturel-conservatoires.json,1688,14
sirene/04/enseignes-signaletique-marquage.json,371,3
sirene/04/entrepots-logistique.json,1251,11
sirene/04/esthetique-soins-de-beaute.json,2627,22
sirene/04/fabrication-de-monnaies-medailles.json,3,0
sirene/04/fleuristes-jardineries.json,3778,34
sirene/04/fleurs-artificielles-parures-de-mode.json,3,0
sirene/04/fonderies.json,3,0
sirene/04/forets-travaux-forestiers.json,1823,15
sirene/04/froid-industriel-installation-de-machines.json,950,8
sirene/04/garages-carrosseries-voitures.json,14812,123
sirene/04/geometres-experts-topographie.json,693,5
sirene/04/grossistes-en-fruits-et-legumes.json,1433,12
sirene/04/grossistes-en-poissons-crustaces-mollusques.json,3,0
sirene/04/grossistes-en-viandes.json,822,7
sirene/04/guides-offices-de-tourisme.json,3894,26
sirene/04/handicap-foyers-esat-ime.json,4160,28
sirene/04/hopitaux-cliniques-laboratoires.json,6882,52
sirene/04/horticulture-maraichage-agriculture.json,7723,68
sirene/04/hotels.json,20879,170
sirene/04/imprimerie-prepresse-reliure.json,1408,12
sirene/04/industrie-agroalimentaire.json,4280,34
sirene/04/interim-recrutement.json,35966,279
sirene/04/laboratoires-d-analyses-et-d-essais.json,963,7
sirene/04/laboratoires-de-recherche-scientifique.json,1011,7
sirene/04/loisirs-animation.json,11937,89
sirene/04/magasins-specialises-bricolage-maison-sport-high-tech.json,25894,211
sirene/04/maintenance-d-equipements-ascenseurs.json,427,3
sirene/04/mairies-administrations.json,53036,361
sirene/04/materiels-agricoles-engins-de-chantier.json,3077,27
sirene/04/menuiserie-agencement-serrurerie.json,10325,85
sirene/04/motos-scooters.json,1196,10
sirene/04/navigation-fluviale.json,3,0
sirene/04/navigation-maritime-plaisance-professionnelle.json,3,0
sirene/04/nettoyage-proprete.json,4730,40
sirene/04/objets-en-bois-liege-vannerie.json,99,1
sirene/04/optique-photonique-instruments-de-mesure.json,210,2
sirene/04/parcs-naturels-jardins-botaniques-et-zoologiques.json,619,4
sirene/04/parfumerie-cosmetiques.json,1537,12
sirene/04/paysagistes-espaces-verts.json,4764,40
sirene/04/peche-professionnelle.json,3,0
sirene/04/peinture-platre-carrelage-sols-isolation.json,6779,57
sirene/04/personnes-agees-ehpad-residences.json,5856,44
sirene/04/pharmacie-optique-protheses.json,13587,111
sirene/04/photographie.json,304,3
sirene/04/plastique-verre-materiaux.json,363,3
sirene/04/plomberie-chauffage-climatisation-froid.json,10768,88
sirene/04/poids-lourds-utilitaires.json,220,2
sirene/04/poste-courrier.json,1094,11
sirene/04/pressing-blanchisserie-retouches.json,1390,12
sirene/04/primeur-fromagerie-epicerie-fine-cave.json,2797,23
sirene/04/production-et-distribution-d-energie.json,5049,39
sirene/04/publicite-design-graphique.json,1148,10
sirene/04/remontees-mecaniques-telepheriques.json,1183,9
sirene/04/reparation-d-ordinateurs-et-de-telephones.json,231,2
sirene/04/reparation-de-machines-et-d-electronique.json,1911,16
sirene/04/reseaux-electriques-et-telecoms.json,1097,8
sirene/04/restaurants.json,27419,242
sirene/04/restauration-collective-cantines-entreprises.json,2925,21
sirene/04/restauration-rapide.json,13184,118
sirene/04/scieries-preparation-du-bois.json,862,7
sirene/04/secretariat-accueil-centres-d-appels.json,4620,37
sirene/04/securite-privee-surveillance.json,1109,8
sirene/04/services-a-l-elevage-marechalerie.json,107,1
sirene/04/services-informatiques-reseaux.json,1192,11
sirene/04/spectacle-musees-bibliotheques.json,4212,33
sirene/04/superettes-alimentation-generale.json,5166,44
sirene/04/supermarches-grandes-surfaces.json,10821,94
sirene/04/tapisserie-decoration-textile.json,633,5
sirene/04/telecommunications.json,447,4
sirene/04/traitement-des-dechets-dangereux.json,242,2
sirene/04/traiteurs.json,935,8
sirene/04/transformation-de-poissons-crustaces-mollusques.json,154,1
sirene/04/transformation-de-viandes.json,1840,15
sirene/04/transport-de-marchandises-livraison.json,3927,32
sirene/04/transport-de-voyageurs.json,8519,71
sirene/04/travaux-agricoles-services-aux-cultures.json,1262,12
sirene/04/travaux-publics-routes-reseaux.json,10100,86
sirene/04/usinage-mecanique-outillage.json,479,4
sirene/04/vetements-chaussures-accessoires.json,6848,64
sirene/04/veterinaires-soins-aux-animaux.json,3929,30
sirene/04/viticulture-vinification.json,1361,11
sirene/05/activites-sportives-dont-ecuries-de-course.json,2942,24
sirene/05/aeronautique.json,936,8
sirene/05/agences-immobilieres-gestion-de-logements.json,18474,152
sirene/05/aide-a-domicile.json,4173,34
sirene/05/ambulances.json,2561,22
sirene/05/aquaculture-pisciculture-conchyliculture.json,126,1
sirene/05/architectes.json,3563,30
sirene/05/armurerie-fabrication-d-armes.json,3,0
sirene/05/associations-animation-solidarite.json,16953,136
sirene/05/audiovisuel-cinema-son.json,1132,9
sirene/05/autres-elevages-dont-animaux-de-compagnie-apiculture.json,310,3
sirene/05/banques-assurances.json,6723,54
sirene/05/bateaux-nautisme.json,3,0
sirene/05/bijouterie-horlogerie.json,183,2
sirene/05/boucherie-charcuterie-poissonnerie.json,5085,45
sirene/05/boulangerie-patisserie.json,13953,120
sirene/05/bureaux-d-etudes-economistes-de-la-construction.json,6877,57
sirene/05/cafes-bars.json,13335,117
sirene/05/ceramique-verre-d-art-instruments-de-musique.json,122,1
sirene/05/chaudronnerie-soudure-structures-metalliques.json,603,5
sirene/05/chimie-pharmacie-cosmetiques-papier.json,121,1
sirene/05/chocolaterie-confiserie-glaces.json,1113,9
sirene/05/clubs-et-salles-de-sport.json,13962,113
sirene/05/coiffure.json,3880,34
sirene/05/commerce-de-gros-entre-entreprises.json,7046,62
sirene/05/comptabilite-conseil-gestion.json,15873,134
sirene/05/concessionnaires-vente-de-vehicules-et-pieces.json,8953,77
sirene/05/construction-de-navires.json,3,0
sirene/05/construction-maconnerie-gros-uvre.json,23650,199
sirene/05/couture-confection.json,248,2
sirene/05/creches-petite-enfance.json,4700,37
sirene/05/cuir-maroquinerie-cordonnerie.json,347,3
sirene/05/cultures-specialisees-vergers-cultures-tropicales.json,4588,41
sirene/05/dechets-recyclage-assainissement.json,3316,26
sirene/05/demenagement.json,378,3
sirene/05/eau-potable-captage-traitement-distribution.json,6691,49
sirene/05/ebenisterie-meubles-restauration-de-meubles.json,1138,9
sirene/05/ecoles-de-sport-equitation.json,2848,22
sirene/05/ecoles-maternelles-et-elementaires.json,12619,92
sirene/05/electricite-du-batiment.json,7364,62
sirene/05/electronique-materiel-electrique.json,311,2
sirene/05/elements-prefabriques-en-beton.json,366,3
sirene/05/elevage-bovin-ovin-caprin-porcin-volailles.json,6891,61
sirene/05/elevage-de-chevaux-haras.json,427,4
sirene/05/enseignement-culturel-conservatoires.json,566,5
sirene/05/enseignes-signaletique-marquage.json,415,3
sirene/05/entrepots-logistique.json,1040,9
sirene/05/esthetique-soins-de-beaute.json,1873,16
sirene/05/fabrication-de-monnaies-medailles.json,3,0
sirene/05/fleuristes-jardineries.json,2802,24
sirene/05/fleurs-artificielles-parures-de-mode.json,3,0
sirene/05/fonderies.json,3,0
sirene/05/forets-travaux-forestiers.json,1777,15
sirene/05/froid-industriel-installation-de-machines.json,281,2
sirene/05/garages-carrosseries-voitures.json,13450,116
sirene/05/geometres-experts-topographie.json,910,7
sirene/05/grossistes-en-fruits-et-legumes.json,1277,11
sirene/05/grossistes-en-poissons-crustaces-mollusques.json,3,0
sirene/05/grossistes-en-viandes.json,113,1
sirene/05/guides-offices-de-tourisme.json,4861,36
sirene/05/handicap-foyers-esat-ime.json,3315,19
sirene/05/hopitaux-cliniques-laboratoires.json,6188,47
sirene/05/horticulture-maraichage-agriculture.json,2366,21
sirene/05/hotels.json,36801,303
sirene/05/imprimerie-prepresse-reliure.json,1013,9
sirene/05/industrie-agroalimentaire.json,4059,34
sirene/05/interim-recrutement.json,4631,36
sirene/05/laboratoires-d-analyses-et-d-essais.json,278,2
sirene/05/laboratoires-de-recherche-scientifique.json,125,1
sirene/05/loisirs-animation.json,13330,100
sirene/05/magasins-specialises-bricolage-maison-sport-high-tech.json,36191,306
sirene/05/maintenance-d-equipements-ascenseurs.json,1512,13
sirene/05/mairies-administrations.json,45939,318
sirene/05/materiels-agricoles-engins-de-chantier.json,3227,28
sirene/05/menuiserie-agencement-serrurerie.json,9507,81
sirene/05/motos-scooters.json,1235,10
sirene/05/navigation-fluviale.json,3,0
sirene/05/navigation-maritime-plaisance-professionnelle.json,3,0
sirene/05/nettoyage-proprete.json,5534,46
sirene/05/objets-en-bois-liege-vannerie.json,124,1
sirene/05/optique-photonique-instruments-de-mesure.json,3,0
sirene/05/parcs-naturels-jardins-botaniques-et-zoologiques.json,1201,8
sirene/05/parfumerie-cosmetiques.json,919,9
sirene/05/paysagistes-espaces-verts.json,1761,14
sirene/05/peche-professionnelle.json,3,0
sirene/05/peinture-platre-carrelage-sols-isolation.json,9562,82
sirene/05/personnes-agees-ehpad-residences.json,3778,28
sirene/05/pharmacie-optique-protheses.json,11748,98
sirene/05/photographie.json,354,3
sirene/05/plastique-verre-materiaux.json,223,2
sirene/05/plomberie-chauffage-climatisation-froid.json,7616,64
sirene/05/poids-lourds-utilitaires.json,1189,10
sirene/05/poste-courrier.json,311,3
sirene/05/pressing-blanchisserie-retouches.json,2772,23
sirene/05/primeur-fromagerie-epicerie-fine-cave.json,3570,30
sirene/05/production-et-distribution-d-energie.json,5371,46
sirene/05/publicite-design-graphique.json,1895,16
sirene/05/remontees-mecaniques-telepheriques.json,4113,29
sirene/05/reparation-d-ordinateurs-et-de-telephones.json,313,3
sirene/05/reparation-de-machines-et-d-electronique.json,1464,13
sirene/05/reseaux-electriques-et-telecoms.json,373,3
sirene/05/restaurants.json,40554,357
sirene/05/restauration-collective-cantines-entreprises.json,1133,9
sirene/05/restauration-rapide.json,15241,135
sirene/05/scieries-preparation-du-bois.json,666,6
sirene/05/secretariat-accueil-centres-d-appels.json,4489,39
sirene/05/securite-privee-surveillance.json,193,2
sirene/05/services-a-l-elevage-marechalerie.json,3,0
sirene/05/services-informatiques-reseaux.json,1944,17
sirene/05/spectacle-musees-bibliotheques.json,5053,41
sirene/05/superettes-alimentation-generale.json,4441,39
sirene/05/supermarches-grandes-surfaces.json,14711,126
sirene/05/tapisserie-decoration-textile.json,570,5
sirene/05/telecommunications.json,374,3
sirene/05/traitement-des-dechets-dangereux.json,3,0
sirene/05/traiteurs.json,1135,9
sirene/05/transformation-de-poissons-crustaces-mollusques.json,3,0
sirene/05/transformation-de-viandes.json,1242,10
sirene/05/transport-de-marchandises-livraison.json,7305,59
sirene/05/transport-de-voyageurs.json,7447,61
sirene/05/travaux-agricoles-services-aux-cultures.json,1017,9
sirene/05/travaux-publics-routes-reseaux.json,6475,55
sirene/05/usinage-mecanique-outillage.json,394,3
sirene/05/vetements-chaussures-accessoires.json,8625,81
sirene/05/veterinaires-soins-aux-animaux.json,4077,33
sirene/05/viticulture-vinification.json,483,4
sirene/06/activites-sportives-dont-ecuries-de-course.json,5793,44
sirene/06/aeronautique.json,2011,16
sirene/06/agences-immobilieres-gestion-de-logements.json,221954,1870
sirene/06/aide-a-domicile.json,36835,302
sirene/06/ambulances.json,16949,143
sirene/06/aquaculture-pisciculture-conchyliculture.json,347,3
sirene/06/architectes.json,23739,197
sirene/06/armurerie-fabrication-d-armes.json,3,0
sirene/06/associations-animation-solidarite.json,60180,469
sirene/06/audiovisuel-cinema-son.json,11787,103
sirene/06/autres-elevages-dont-animaux-de-compagnie-apiculture.json,248,2
sirene/06/banques-assurances.json,70132,533
sirene/06/bateaux-nautisme.json,16243,130
sirene/06/bijouterie-horlogerie.json,5910,53
sirene/06/boucherie-charcuterie-poissonnerie.json,26533,235
sirene/06/boulangerie-patisserie.json,69548,599
sirene/06/bureaux-d-etudes-economistes-de-la-construction.json,75916,645
sirene/06/cafes-bars.json,46492,425
sirene/06/ceramique-verre-d-art-instruments-de-musique.json,989,8
sirene/06/chaudronnerie-soudure-structures-metalliques.json,4395,35
sirene/06/chimie-pharmacie-cosmetiques-papier.json,12316,102
sirene/06/chocolaterie-confiserie-glaces.json,6042,51
sirene/06/clubs-et-salles-de-sport.json,64417,500
sirene/06/coiffure.json,70196,633
sirene/06/commerce-de-gros-entre-entreprises.json,82815,686
sirene/06/comptabilite-conseil-gestion.json,225911,1873
sirene/06/concessionnaires-vente-de-vehicules-et-pieces.json,56750,477
sirene/06/construction-de-navires.json,474,4
sirene/06/construction-maconnerie-gros-uvre.json,180016,1561
sirene/06/couture-confection.json,3799,33
sirene/06/creches-petite-enfance.json,23467,181
sirene/06/cuir-maroquinerie-cordonnerie.json,4084,34
sirene/06/cultures-specialisees-vergers-cultures-tropicales.json,2555,22
sirene/06/dechets-recyclage-assainissement.json,20767,161
sirene/06/demenagement.json,6701,53
sirene/06/eau-potable-captage-traitement-distribution.json,5923,46
sirene/06/ebenisterie-meubles-restauration-de-meubles.json,6163,54
sirene/06/ecoles-de-sport-equitation.json,10166,84
sirene/06/ecoles-maternelles-et-elementaires.json,66852,476
sirene/06/electricite-du-batiment.json,71957,612
sirene/06/electronique-materiel-electrique.json,5208,44
sirene/06/elements-prefabriques-en-beton.json,528,4
sirene/06/elevage-bovin-ovin-caprin-porcin-volailles.json,2727,23
sirene/06/elevage-de-chevaux-haras.json,456,4
sirene/06/enseignement-culturel-conservatoires.json,7142,59
sirene/06/enseignes-signaletique-marquage.json,1699,14
sirene/06/entrepots-logistique.json,25852,213
sirene/06/esthetique-soins-de-beaute.json,37455,337
sirene/06/fabrication-de-monnaies-medailles.json,3,0
sirene/06/fleuristes-jardineries.json,16382,143
sirene/06/fleurs-artificielles-parures-de-mode.json,3,0
sirene/06/fonderies.json,125,1
sirene/06/forets-travaux-forestiers.json,1058,9
sirene/06/froid-industriel-installation-de-machines.json,4138,33
sirene/06/garages-carrosseries-voitures.json,84190,719
sirene/06/geometres-experts-topographie.json,5487,45
sirene/06/grossistes-en-fruits-et-legumes.json,6431,56
sirene/06/grossistes-en-poissons-crustaces-mollusques.json,1433,12
sirene/06/grossistes-en-viandes.json,1563,13
sirene/06/guides-offices-de-tourisme.json,5562,45
sirene/06/handicap-foyers-esat-ime.json,9079,70
sirene/06/hopitaux-cliniques-laboratoires.json,32005,254
sirene/06/horticulture-maraichage-agriculture.json,5789,48
sirene/06/hotels.json,99638,848
sirene/06/imprimerie-prepresse-reliure.json,8108,67
sirene/06/industrie-agroalimentaire.json,7457,65
sirene/06/interim-recrutement.json,33477,276
sirene/06/laboratoires-d-analyses-et-d-essais.json,1333,10
sirene/06/laboratoires-de-recherche-scientifique.json,13380,106
sirene/06/loisirs-animation.json,56236,436
sirene/06/magasins-specialises-bricolage-maison-sport-high-tech.json,152702,1316
sirene/06/maintenance-d-equipements-ascenseurs.json,15574,128
sirene/06/mairies-administrations.json,67926,449
sirene/06/materiels-agricoles-engins-de-chantier.json,9389,78
sirene/06/menuiserie-agencement-serrurerie.json,65731,551
sirene/06/motos-scooters.json,12792,115
sirene/06/navigation-fluviale.json,119,1
sirene/06/navigation-maritime-plaisance-professionnelle.json,3458,29
sirene/06/nettoyage-proprete.json,65976,568
sirene/06/objets-en-bois-liege-vannerie.json,214,2
sirene/06/optique-photonique-instruments-de-mesure.json,1627,14
sirene/06/parcs-naturels-jardins-botaniques-et-zoologiques.json,2197,14
sirene/06/parfumerie-cosmetiques.json,18358,153
sirene/06/paysagistes-espaces-verts.json,54218,461
sirene/06/peche-professionnelle.json,3,0
sirene/06/peinture-platre-carrelage-sols-isolation.json,85886,741
sirene/06/personnes-agees-ehpad-residences.json,23949,192
sirene/06/pharmacie-optique-protheses.json,104796,870
sirene/06/photographie.json,4335,38
sirene/06/plastique-verre-materiaux.json,3403,29
sirene/06/plomberie-chauffage-climatisation-froid.json,90037,755
sirene/06/poids-lourds-utilitaires.json,3320,27
sirene/06/poste-courrier.json,1365,14
sirene/06/pressing-blanchisserie-retouches.json,20594,181
sirene/06/primeur-fromagerie-epicerie-fine-cave.json,17874,155
sirene/06/production-et-distribution-d-energie.json,2918,23
sirene/06/publicite-design-graphique.json,34387,291
sirene/06/remontees-mecaniques-telepheriques.json,687,4
sirene/06/reparation-d-ordinateurs-et-de-telephones.json,4315,36
sirene/06/reparation-de-machines-et-d-electronique.json,7199,59
sirene/06/reseaux-electriques-et-telecoms.json,2604,19
sirene/06/restaurants.json,246512,2225
sirene/06/restauration-collective-cantines-entreprises.json,10799,80
sirene/06/restauration-rapide.json,164030,1485
sirene/06/scieries-preparation-du-bois.json,1294,10
sirene/06/secretariat-accueil-centres-d-appels.json,64887,548
sirene/06/securite-privee-surveillance.json,26363,211
sirene/06/services-a-l-elevage-marechalerie.json,675,6
sirene/06/services-informatiques-reseaux.json,43329,377
sirene/06/spectacle-musees-bibliotheques.json,34521,282
sirene/06/superettes-alimentation-generale.json,26691,237
sirene/06/supermarches-grandes-surfaces.json,67337,600
sirene/06/tapisserie-decoration-textile.json,5221,44
sirene/06/telecommunications.json,9355,80
sirene/06/traitement-des-dechets-dangereux.json,3,0
sirene/06/traiteurs.json,15493,136
sirene/06/transformation-de-poissons-crustaces-mollusques.json,239,2
sirene/06/transformation-de-viandes.json,2162,17
sirene/06/transport-de-marchandises-livraison.json,43294,353
sirene/06/transport-de-voyageurs.json,50790,430
sirene/06/travaux-agricoles-services-aux-cultures.json,1894,13
sirene/06/travaux-publics-routes-reseaux.json,24795,204
sirene/06/usinage-mecanique-outillage.json,4724,38
sirene/06/vetements-chaussures-accessoires.json,117244,1040
sirene/06/veterinaires-soins-aux-animaux.json,31751,265
sirene/06/viticulture-vinification.json,1488,13
sirene/07/activites-sportives-dont-ecuries-de-course.json,2008,14
sirene/07/aeronautique.json,439,4
sirene/07/agences-immobilieres-gestion-de-logements.json,16539,138
sirene/07/aide-a-domicile.json,6971,55
sirene/07/ambulances.json,3777,31
sirene/07/aquaculture-pisciculture-conchyliculture.json,149,1
sirene/07/architectes.json,3460,30
sirene/07/armurerie-fabrication-d-armes.json,3,0
sirene/07/associations-animation-solidarite.json,26313,206
sirene/07/audiovisuel-cinema-son.json,1846,17
sirene/07/autres-elevages-dont-animaux-de-compagnie-apiculture.json,3,0
sirene/07/banques-assurances.json,18121,132
sirene/07/bateaux-nautisme.json,118,1
sirene/07/bijouterie-horlogerie.json,1197,10
sirene/07/boucherie-charcuterie-poissonnerie.json,11671,99
sirene/07/boulangerie-patisserie.json,19086,164
sirene/07/bureaux-d-etudes-economistes-de-la-construction.json,10953,93
sirene/07/cafes-bars.json,9538,85
sirene/07/ceramique-verre-d-art-instruments-de-musique.json,100,1
sirene/07/chaudronnerie-soudure-structures-metalliques.json,1705,15
sirene/07/chimie-pharmacie-cosmetiques-papier.json,3473,27
sirene/07/chocolaterie-confiserie-glaces.json,1953,16
sirene/07/clubs-et-salles-de-sport.json,21521,167
sirene/07/coiffure.json,11270,100
sirene/07/commerce-de-gros-entre-entreprises.json,21989,181
sirene/07/comptabilite-conseil-gestion.json,29866,242
sirene/07/concessionnaires-vente-de-vehicules-et-pieces.json,10825,94
sirene/07/construction-de-navires.json,3,0
sirene/07/construction-maconnerie-gros-uvre.json,36812,315
sirene/07/couture-confection.json,247,2
sirene/07/creches-petite-enfance.json,9644,71
sirene/07/cuir-maroquinerie-cordonnerie.json,1014,9
sirene/07/cultures-specialisees-vergers-cultures-tropicales.json,4101,36
sirene/07/dechets-recyclage-assainissement.json,19062,134
sirene/07/demenagement.json,242,2
sirene/07/eau-potable-captage-traitement-distribution.json,15068,102
sirene/07/ebenisterie-meubles-restauration-de-meubles.json,1185,10
sirene/07/ecoles-de-sport-equitation.json,2706,22
sirene/07/ecoles-maternelles-et-elementaires.json,40646,297
sirene/07/electricite-du-batiment.json,10652,93
sirene/07/electronique-materiel-electrique.json,1842,15
sirene/07/elements-prefabriques-en-beton.json,325,3
sirene/07/elevage-bovin-ovin-caprin-porcin-volailles.json,7012,61
sirene/07/elevage-de-chevaux-haras.json,354,3
sirene/07/enseignement-culturel-conservatoires.json,1954,16
sirene/07/enseignes-signaletique-marquage.json,145,1
sirene/07/entrepots-logistique.json,4909,41
sirene/07/esthetique-soins-de-beaute.json,3624,31
sirene/07/fabrication-de-monnaies-medailles.json,3,0
sirene/07/fleuristes-jardineries.json,5386,46
sirene/07/fleurs-artificielles-parures-de-mode.json,3,0
sirene/07/fonderies.json,105,1
sirene/07/forets-travaux-forestiers.json,2483,21
sirene/07/froid-industriel-installation-de-machines.json,615,5
sirene/07/garages-carrosseries-voitures.json,23151,197
sirene/07/geometres-experts-topographie.json,1600,13
sirene/07/grossistes-en-fruits-et-legumes.json,3228,28
sirene/07/grossistes-en-poissons-crustaces-mollusques.json,3,0
sirene/07/grossistes-en-viandes.json,168,1
sirene/07/guides-offices-de-tourisme.json,4294,32
sirene/07/handicap-foyers-esat-ime.json,6280,43
sirene/07/hopitaux-cliniques-laboratoires.json,10695,78
sirene/07/horticulture-maraichage-agriculture.json,3933,34
sirene/07/hotels.json,18216,151
sirene/07/imprimerie-prepresse-reliure.json,2834,23
sirene/07/industrie-agroalimentaire.json,6255,51
sirene/07/interim-recrutement.json,5551,43
sirene/07/laboratoires-d-analyses-et-d-essais.json,214,2
sirene/07/laboratoires-de-recherche-scientifique.json,638,5
sirene/07/loisirs-animation.json,19306,141
sirene/07/magasins-specialises-bricolage-maison-sport-high-tech.json,24964,217
sirene/07/maintenance-d-equipements-ascenseurs.json,1466,12
sirene/07/mairies-administrations.json,82187,597
sirene/07/materiels-agricoles-engins-de-chantier.json,3355,29
sirene/07/menuiserie-agencement-serrurerie.json,21532,179
sirene/07/motos-scooters.json,2449,22
sirene/07/navigation-fluviale.json,330,3
sirene/07/navigation-maritime-plaisance-professionnelle.json,3,0
sirene/07/nettoyage-proprete.json,6775,60
sirene/07/objets-en-bois-liege-vannerie.json,209,2
sirene/07/optique-photonique-instruments-de-mesure.json,395,3
sirene/07/parcs-naturels-jardins-botaniques-et-zoologiques.json,1256,9
sirene/07/parfumerie-cosmetiques.json,1900,17
sirene/07/paysagistes-espaces-verts.json,6505,55
sirene/07/peche-professionnelle.json,3,0
sirene/07/peinture-platre-carrelage-sols-isolation.json,14194,121
sirene/07/personnes-agees-ehpad-residences.json,11730,81
sirene/07/pharmacie-optique-protheses.json,25957,211
sirene/07/photographie.json,852,7
sirene/07/plastique-verre-materiaux.json,1989,16
sirene/07/plomberie-chauffage-climatisation-froid.json,17191,147
sirene/07/poids-lourds-utilitaires.json,997,8
sirene/07/poste-courrier.json,1000,10
sirene/07/pressing-blanchisserie-retouches.json,2319,20
sirene/07/primeur-fromagerie-epicerie-fine-cave.json,5765,51
sirene/07/production-et-distribution-d-energie.json,5289,43
sirene/07/publicite-design-graphique.json,2422,21
sirene/07/remontees-mecaniques-telepheriques.json,3,0
sirene/07/reparation-d-ordinateurs-et-de-telephones.json,962,8
sirene/07/reparation-de-machines-et-d-electronique.json,4099,33
sirene/07/reseaux-electriques-et-telecoms.json,467,4
sirene/07/restaurants.json,32658,294
sirene/07/restauration-collective-cantines-entreprises.json,3130,24
sirene/07/restauration-rapide.json,15370,135
sirene/07/scieries-preparation-du-bois.json,1497,12
sirene/07/secretariat-accueil-centres-d-appels.json,7049,60
sirene/07/securite-privee-surveillance.json,1421,12
sirene/07/services-a-l-elevage-marechalerie.json,131,1
sirene/07/services-informatiques-reseaux.json,4015,34
sirene/07/spectacle-musees-bibliotheques.json,10239,84
sirene/07/superettes-alimentation-generale.json,5072,42
sirene/07/supermarches-grandes-surfaces.json,16780,147
sirene/07/tapisserie-decoration-textile.json,1146,9
sirene/07/telecommunications.json,193,2
sirene/07/traitement-des-dechets-dangereux.json,187,1
sirene/07/traiteurs.json,1705,15
sirene/07/transformation-de-poissons-crustaces-mollusques.json,3,0
sirene/07/transformation-de-viandes.json,1657,13
sirene/07/transport-de-marchandises-livraison.json,8097,68
sirene/07/transport-de-voyageurs.json,12773,105
sirene/07/travaux-agricoles-services-aux-cultures.json,1118,10
sirene/07/travaux-publics-routes-reseaux.json,15212,127
sirene/07/usinage-mecanique-outillage.json,4012,32
sirene/07/vetements-chaussures-accessoires.json,9974,88
sirene/07/veterinaires-soins-aux-animaux.json,5383,43
sirene/07/viticulture-vinification.json,13812,119
sirene/08/activites-sportives-dont-ecuries-de-course.json,1048,8
sirene/08/aeronautique.json,106,1
sirene/08/agences-immobilieres-gestion-de-logements.json,6380,51
sirene/08/aide-a-domicile.json,4838,36
sirene/08/ambulances.json,3597,31
sirene/08/aquaculture-pisciculture-conchyliculture.json,3,0
sirene/08/architectes.json,1326,11
sirene/08/armurerie-fabrication-d-armes.json,3,0
sirene/08/associations-animation-solidarite.json,32777,206
sirene/08/audiovisuel-cinema-son.json,372,3
sirene/08/autres-elevages-dont-animaux-de-compagnie-apiculture.json,225,2
sirene/08/banques-assurances.json,17405,124
sirene/08/bateaux-nautisme.json,236,2
sirene/08/bijouterie-horlogerie.json,99,1
sirene/08/boucherie-charcuterie-poissonnerie.json,4228,37
sirene/08/boulangerie-patisserie.json,8039,71
sirene/08/bureaux-d-etudes-economistes-de-la-construction.json,5580,48
sirene/08/cafes-bars.json,7604,68
sirene/08/ceramique-verre-d-art-instruments-de-musique.json,128,1
sirene/08/chaudronnerie-soudure-structures-metalliques.json,5307,45
sirene/08/chimie-pharmacie-cosmetiques-papier.json,1780,16
sirene/08/chocolaterie-confiserie-glaces.json,947,8
sirene/08/clubs-et-salles-de-sport.json,12048,95
sirene/08/coiffure.json,7494,66
sirene/08/commerce-de-gros-entre-entreprises.json,11320,94
sirene/08/comptabilite-conseil-gestion.json,18235,148
sirene/08/concessionnaires-vente-de-vehicules-et-pieces.json,10233,86
sirene/08/construction-de-navires.json,3,0
sirene/08/construction-maconnerie-gros-uvre.json,24308,216
sirene/08/couture-confection.json,466,4
sirene/08/creches-petite-enfance.json,8570,64
sirene/08/cuir-maroquinerie-cordonnerie.json,868,6
sirene/08/cultures-specialisees-vergers-cultures-tropicales.json,488,4
sirene/08/dechets-recyclage-assainissement.json,17028,125
sirene/08/demenagement.json,443,4
sirene/08/eau-potable-captage-traitement-distribution.json,21446,163
sirene/08/ebenisterie-meubles-restauration-de-meubles.json,364,3
sirene/08/ecoles-de-sport-equitation.json,1397,11
sirene/08/ecoles-maternelles-et-elementaires.json,27885,201
sirene/08/electricite-du-batiment.json,6108,55
sirene/08/electronique-materiel-electrique.json,571,5
sirene/08/elements-prefabriques-en-beton.json,831,7
sirene/08/elevage-bovin-ovin-caprin-porcin-volailles.json,15385,133
sirene/08/elevage-de-chevaux-haras.json,419,4
sirene/08/enseignement-culturel-conservatoires.json,632,5
sirene/08/enseignes-signaletique-marquage.json,124,1
sirene/08/entrepots-logistique.json,2532,20
sirene/08/esthetique-soins-de-beaute.json,1959,17
sirene/08/fabrication-de-monnaies-medailles.json,3,0
sirene/08/fleuristes-jardineries.json,2617,23
sirene/08/fleurs-artificielles-parures-de-mode.json,3,0
sirene/08/fonderies.json,1587,14
sirene/08/forets-travaux-forestiers.json,5480,48
sirene/08/froid-industriel-installation-de-machines.json,639,6
sirene/08/garages-carrosseries-voitures.json,11363,101
sirene/08/geometres-experts-topographie.json,505,4
sirene/08/grossistes-en-fruits-et-legumes.json,721,6
sirene/08/grossistes-en-poissons-crustaces-mollusques.json,3,0
sirene/08/grossistes-en-viandes.json,104,1
sirene/08/guides-offices-de-tourisme.json,1198,9
sirene/08/handicap-foyers-esat-ime.json,10712,66
sirene/08/hopitaux-cliniques-laboratoires.json,11254,77
sirene/08/horticulture-maraichage-agriculture.json,36647,325
sirene/08/hotels.json,6124,51
sirene/08/imprimerie-prepresse-reliure.json,1981,17
sirene/08/industrie-agroalimentaire.json,1292,12
sirene/08/interim-recrutement.json,6822,57
sirene/08/laboratoires-d-analyses-et-d-essais.json,3,0
sirene/08/laboratoires-de-recherche-scientifique.json,110,1
sirene/08/loisirs-animation.json,18918,142
sirene/08/magasins-specialises-bricolage-maison-sport-high-tech.json,16225,135
sirene/08/maintenance-d-equipements-ascenseurs.json,1078,10
sirene/08/mairies-administrations.json,79384,596
sirene/08/materiels-agricoles-engins-de-chantier.json,6095,54
sirene/08/menuiserie-agencement-serrurerie.json,12104,105
sirene/08/motos-scooters.json,778,7
sirene/08/navigation-fluviale.json,113,1
sirene/08/navigation-maritime-plaisance-professionnelle.json,3,0
sirene/08/nettoyage-proprete.json,3260,27
sirene/08/objets-en-bois-liege-vannerie.json,193,2
sirene/08/optique-photonique-instruments-de-mesure.json,3,0
sirene/08/parcs-naturels-jardins-botaniques-et-zoologiques.json,326,2
sirene/08/parfumerie-cosmetiques.json,1595,14
sirene/08/paysagistes-espaces-verts.json,2812,22
sirene/08/peche-professionnelle.json,124,1
sirene/08/peinture-platre-carrelage-sols-isolation.json,6540,59
sirene/08/personnes-agees-ehpad-residences.json,5081,36
sirene/08/pharmacie-optique-protheses.json,22102,187
sirene/08/photographie.json,209,2
sirene/08/plastique-verre-materiaux.json,1470,13
sirene/08/plomberie-chauffage-climatisation-froid.json,7431,66
sirene/08/poids-lourds-utilitaires.json,393,3
sirene/08/poste-courrier.json,999,10
sirene/08/pressing-blanchisserie-retouches.json,1566,13
sirene/08/primeur-fromagerie-epicerie-fine-cave.json,3102,28
sirene/08/production-et-distribution-d-energie.json,3776,33
sirene/08/publicite-design-graphique.json,1468,13
sirene/08/remontees-mecaniques-telepheriques.json,3,0
sirene/08/reparation-d-ordinateurs-et-de-telephones.json,503,5
sirene/08/reparation-de-machines-et-d-electronique.json,4146,36
sirene/08/reseaux-electriques-et-telecoms.json,554,4
sirene/08/restaurants.json,14921,132
sirene/08/restauration-collective-cantines-entreprises.json,2952,21
sirene/08/restauration-rapide.json,13221,116
sirene/08/scieries-preparation-du-bois.json,1530,13
sirene/08/secretariat-accueil-centres-d-appels.json,3439,29
sirene/08/securite-privee-surveillance.json,1235,10
sirene/08/services-a-l-elevage-marechalerie.json,860,8
sirene/08/services-informatiques-reseaux.json,499,5
sirene/08/spectacle-musees-bibliotheques.json,3026,25
sirene/08/superettes-alimentation-generale.json,2258,19
sirene/08/supermarches-grandes-surfaces.json,10248,89
sirene/08/tapisserie-decoration-textile.json,363,3
sirene/08/telecommunications.json,1243,9
sirene/08/traitement-des-dechets-dangereux.json,3,0
sirene/08/traiteurs.json,961,8
sirene/08/transformation-de-poissons-crustaces-mollusques.json,3,0
sirene/08/transformation-de-viandes.json,873,7
sirene/08/transport-de-marchandises-livraison.json,12441,108
sirene/08/transport-de-voyageurs.json,7374,65
sirene/08/travaux-agricoles-services-aux-cultures.json,4627,45
sirene/08/travaux-publics-routes-reseaux.json,5647,51
sirene/08/usinage-mecanique-outillage.json,8477,73
sirene/08/vetements-chaussures-accessoires.json,10447,89
sirene/08/veterinaires-soins-aux-animaux.json,4538,37
sirene/08/viticulture-vinification.json,284,2
sirene/09/activites-sportives-dont-ecuries-de-course.json,726,6
sirene/09/aeronautique.json,444,4
sirene/09/agences-immobilieres-gestion-de-logements.json,10557,85
sirene/09/aide-a-domicile.json,3620,27
sirene/09/ambulances.json,2006,16
sirene/09/aquaculture-pisciculture-conchyliculture.json,115,1
sirene/09/architectes.json,1972,17
sirene/09/armurerie-fabrication-d-armes.json,3,0
sirene/09/associations-animation-solidarite.json,27944,182
sirene/09/audiovisuel-cinema-son.json,854,7
sirene/09/autres-elevages-dont-animaux-de-compagnie-apiculture.json,160,1
sirene/09/banques-assurances.json,8727,70
sirene/09/bateaux-nautisme.json,3,0
sirene/09/bijouterie-horlogerie.json,97,1
sirene/09/boucherie-charcuterie-poissonnerie.json,3197,28
sirene/09/boulangerie-patisserie.json,10306,90
sirene/09/bureaux-d-etudes-economistes-de-la-construction.json,3949,35
sirene/09/cafes-bars.json,3467,31
sirene/09/ceramique-verre-d-art-instruments-de-musique.json,112,1
sirene/09/chaudronnerie-soudure-structures-metalliques.json,650,5
sirene/09/chimie-pharmacie-cosmetiques-papier.json,1552,13
sirene/09/chocolaterie-confiserie-glaces.json,313,3
sirene/09/clubs-et-salles-de-sport.json,9865,77
sirene/09/coiffure.json,5271,47
sirene/09/commerce-de-gros-entre-entreprises.json,6120,50
sirene/09/comptabilite-conseil-gestion.json,14373,113
sirene/09/concessionnaires-vente-de-vehicules-et-pieces.json,8486,70
sirene/09/construction-de-navires.json,3,0
sirene/09/construction-maconnerie-gros-uvre.json,17092,150
sirene/09/couture-confection.json,3,0
sirene/09/creches-petite-enfance.json,1548,12
sirene/09/cuir-maroquinerie-cordonnerie.json,239,2
sirene/09/cultures-specialisees-vergers-cultures-tropicales.json,435,4
sirene/09/dechets-recyclage-assainissement.json,4054,32
sirene/09/demenagement.json,883,7
sirene/09/eau-potable-captage-traitement-distribution.json,2483,17
sirene/09/ebenisterie-meubles-restauration-de-meubles.json,523,4
sirene/09/ecoles-de-sport-equitation.json,464,3
sirene/09/ecoles-maternelles-et-elementaires.json,18495,137
sirene/09/electricite-du-batiment.json,4406,39
sirene/09/electronique-materiel-electrique.json,298,2
sirene/09/elements-prefabriques-en-beton.json,331,2
sirene/09/elevage-bovin-ovin-caprin-porcin-volailles.json,4664,44
sirene/09/elevage-de-chevaux-haras.json,324,3
sirene/09/enseignement-culturel-conservatoires.json,729,6
sirene/09/enseignes-signaletique-marquage.json,391,3
sirene/09/entrepots-logistique.json,1074,9
sirene/09/esthetique-soins-de-beaute.json,2999,23
sirene/09/fabrication-de-monnaies-medailles.json,3,0
sirene/09/fleuristes-jardineries.json,3189,28
sirene/09/fleurs-artificielles-parures-de-mode.json,3,0
sirene/09/fonderies.json,102,1
sirene/09/forets-travaux-forestiers.json,2020,17
sirene/09/froid-industriel-installation-de-machines.json,668,6
sirene/09/garages-carrosseries-voitures.json,10114,87
sirene/09/geometres-experts-topographie.json,774,7
sirene/09/grossistes-en-fruits-et-legumes.json,106,1
sirene/09/grossistes-en-poissons-crustaces-mollusques.json,3,0
sirene/09/grossistes-en-viandes.json,765,7
sirene/09/guides-offices-de-tourisme.json,755,6
sirene/09/handicap-foyers-esat-ime.json,8333,53
sirene/09/hopitaux-cliniques-laboratoires.json,4364,30
sirene/09/horticulture-maraichage-agriculture.json,4558,43
sirene/09/hotels.json,9473,82
sirene/09/imprimerie-prepresse-reliure.json,714,6
sirene/09/industrie-agroalimentaire.json,2587,21
sirene/09/interim-recrutement.json,4432,35
sirene/09/laboratoires-d-analyses-et-d-essais.json,705,5
sirene/09/laboratoires-de-recherche-scientifique.json,1016,8
sirene/09/loisirs-animation.json,9045,70
sirene/09/magasins-specialises-bricolage-maison-sport-high-tech.json,15133,131
sirene/09/maintenance-d-equipements-ascenseurs.json,995,9
sirene/09/mairies-administrations.json,55239,415
sirene/09/materiels-agricoles-engins-de-chantier.json,2559,23
sirene/09/menuiserie-agencement-serrurerie.json,8382,74
sirene/09/motos-scooters.json,678,6
sirene/09/navigation-fluviale.json,3,0
sirene/09/navigation-maritime-plaisance-professionnelle.json,3,0
sirene/09/nettoyage-proprete.json,2229,19
sirene/09/objets-en-bois-liege-vannerie.json,256,2
sirene/09/optique-photonique-instruments-de-mesure.json,228,2
sirene/09/parcs-naturels-jardins-botaniques-et-zoologiques.json,475,4
sirene/09/parfumerie-cosmetiques.json,921,8
sirene/09/paysagistes-espaces-verts.json,2747,25
sirene/09/peche-professionnelle.json,3,0
sirene/09/peinture-platre-carrelage-sols-isolation.json,6054,53
sirene/09/personnes-agees-ehpad-residences.json,5820,40
sirene/09/pharmacie-optique-protheses.json,11454,96
sirene/09/photographie.json,240,2
sirene/09/plastique-verre-materiaux.json,382,3
sirene/09/plomberie-chauffage-climatisation-froid.json,8720,75
sirene/09/poids-lourds-utilitaires.json,637,5
sirene/09/poste-courrier.json,102,1
sirene/09/pressing-blanchisserie-retouches.json,395,3
sirene/09/primeur-fromagerie-epicerie-fine-cave.json,2238,19
sirene/09/production-et-distribution-d-energie.json,3751,31
sirene/09/publicite-design-graphique.json,1511,13
sirene/09/remontees-mecaniques-telepheriques.json,715,6
sirene/09/reparation-d-ordinateurs-et-de-telephones.json,207,2
sirene/09/reparation-de-machines-et-d-electronique.json,1560,13
sirene/09/reseaux-electriques-et-telecoms.json,762,6
sirene/09/restaurants.json,15988,143
sirene/09/restauration-collective-cantines-entreprises.json,2113,15
sirene/09/restauration-rapide.json,9049,82
sirene/09/scieries-preparation-du-bois.json,919,8
sirene/09/secretariat-accueil-centres-d-appels.json,3613,30
sirene/09/securite-privee-surveillance.json,668,6
sirene/09/services-a-l-elevage-marechalerie.json,126,1
sirene/09/services-informatiques-reseaux.json,550,5
sirene/09/spectacle-musees-bibliotheques.json,4948,42
sirene/09/superettes-alimentation-generale.json,1456,13
sirene/09/supermarches-grandes-surfaces.json,9770,86
sirene/09/tapisserie-decoration-textile.json,875,7
sirene/09/telecommunications.json,1005,9
sirene/09/traitement-des-dechets-dangereux.json,3,0
sirene/09/traiteurs.json,874,7
sirene/09/transformation-de-poissons-crustaces-mollusques.json,209,2
sirene/09/transformation-de-viandes.json,1913,15
sirene/09/transport-de-marchandises-livraison.json,4157,37
sirene/09/transport-de-voyageurs.json,4667,38
sirene/09/travaux-agricoles-services-aux-cultures.json,1032,10
sirene/09/travaux-publics-routes-reseaux.json,5050,43
sirene/09/usinage-mecanique-outillage.json,2690,23
sirene/09/vetements-chaussures-accessoires.json,7363,65
sirene/09/veterinaires-soins-aux-animaux.json,3001,25
sirene/09/viticulture-vinification.json,329,3
sirene/10/activites-sportives-dont-ecuries-de-course.json,1110,9
sirene/10/aeronautique.json,152,1
sirene/10/agences-immobilieres-gestion-de-logements.json,9641,81
sirene/10/aide-a-domicile.json,11227,85
sirene/10/ambulances.json,3904,31
sirene/10/aquaculture-pisciculture-conchyliculture.json,108,1
sirene/10/architectes.json,2836,27
sirene/10/armurerie-fabrication-d-armes.json,3,0
sirene/10/associations-animation-solidarite.json,32152,220
sirene/10/audiovisuel-cinema-son.json,1732,16
sirene/10/autres-elevages-dont-animaux-de-compagnie-apiculture.json,1014,8
sirene/10/banques-assurances.json,16450,123
sirene/10/bateaux-nautisme.json,223,2
sirene/10/bijouterie-horlogerie.json,787,7
sirene/10/boucherie-charcuterie-poissonnerie.json,6619,57
sirene/10/boulangerie-patisserie.json,13387,113
sirene/10/bureaux-d-etudes-economistes-de-la-construction.json,8833,76
sirene/10/cafes-bars.json,7869,69
sirene/10/ceramique-verre-d-art-instruments-de-musique.json,466,4
sirene/10/chaudronnerie-soudure-structures-metalliques.json,3222,27
sirene/10/chimie-pharmacie-cosmetiques-papier.json,1564,13
sirene/10/chocolaterie-confiserie-glaces.json,334,3
sirene/10/clubs-et-salles-de-sport.json,22885,175
sirene/10/coiffure.json,12367,110
sirene/10/commerce-de-gros-entre-entreprises.json,15382,128
sirene/10/comptabilite-conseil-gestion.json,26780,220
sirene/10/concessionnaires-vente-de-vehicules-et-pieces.json,15926,129
sirene/10/construction-de-navires.json,3,0
sirene/10/construction-maconnerie-gros-uvre.json,28424,255
sirene/10/couture-confection.json,2005,17
sirene/10/creches-petite-enfance.json,7586,57
sirene/10/cuir-maroquinerie-cordonnerie.json,831,6
sirene/10/cultures-specialisees-vergers-cultures-tropicales.json,581,5
sirene/10/dechets-recyclage-assainissement.json,10001,76
sirene/10/demenagement.json,655,6
sirene/10/eau-potable-captage-traitement-distribution.json,5617,39
sirene/10/ebenisterie-meubles-restauration-de-meubles.json,2584,21
sirene/10/ecoles-de-sport-equitation.json,1756,15
sirene/10/ecoles-maternelles-et-elementaires.json,53053,370
sirene/10/electricite-du-batiment.json,11658,100
sirene/10/electronique-materiel-electrique.json,1101,9
sirene/10/elements-prefabriques-en-beton.json,1060,9
sirene/10/elevage-bovin-ovin-caprin-porcin-volailles.json,2862,26
sirene/10/elevage-de-chevaux-haras.json,596,5
sirene/10/enseignement-culturel-conservatoires.json,1187,9
sirene/10/enseignes-signaletique-marquage.json,744,6
sirene/10/entrepots-logistique.json,7699,63
sirene/10/esthetique-soins-de-beaute.json,3305,29
sirene/10/fabrication-de-monnaies-medailles.json,3,0
sirene/10/fleuristes-jardineries.json,4607,38
sirene/10/fleurs-artificielles-parures-de-mode.json,3,0
sirene/10/fonderies.json,95,1
sirene/10/forets-travaux-forestiers.json,4726,39
sirene/10/froid-industriel-installation-de-machines.json,818,7
sirene/10/garages-carrosseries-voitures.json,18083,155
sirene/10/geometres-experts-topographie.json,1512,9
sirene/10/grossistes-en-fruits-et-legumes.json,2370,22
sirene/10/grossistes-en-poissons-crustaces-mollusques.json,147,1
sirene/10/grossistes-en-viandes.json,138,1
sirene/10/guides-offices-de-tourisme.json,1514,11
sirene/10/handicap-foyers-esat-ime.json,6242,45
sirene/10/hopitaux-cliniques-laboratoires.json,10482,70
sirene/10/horticulture-maraichage-agriculture.json,49979,461
sirene/10/hotels.json,11871,101
sirene/10/imprimerie-prepresse-reliure.json,2409,19
sirene/10/industrie-agroalimentaire.json,2586,21
sirene/10/interim-recrutement.json,15433,125
sirene/10/laboratoires-d-analyses-et-d-essais.json,960,7
sirene/10/laboratoires-de-recherche-scientifique.json,1778,12
sirene/10/loisirs-animation.json,15879,117
sirene/10/magasins-specialises-bricolage-maison-sport-high-tech.json,27394,222
sirene/10/maintenance-d-equipements-ascenseurs.json,2678,21
sirene/10/mairies-administrations.json,84003,634
sirene/10/materiels-agricoles-engins-de-chantier.json,7084,64
sirene/10/menuiserie-agencement-serrurerie.json,15048,129
sirene/10/motos-scooters.json,918,8
sirene/10/navigation-fluviale.json,3,0
sirene/10/navigation-maritime-plaisance-professionnelle.json,3,0
sirene/10/nettoyage-proprete.json,6315,53
sirene/10/objets-en-bois-liege-vannerie.json,446,4
sirene/10/optique-photonique-instruments-de-mesure.json,112,1
sirene/10/parcs-naturels-jardins-botaniques-et-zoologiques.json,491,3
sirene/10/parfumerie-cosmetiques.json,1868,15
sirene/10/paysagistes-espaces-verts.json,5751,51
sirene/10/peche-professionnelle.json,3,0
sirene/10/peinture-platre-carrelage-sols-isolation.json,13855,123
sirene/10/personnes-agees-ehpad-residences.json,8636,63
sirene/10/pharmacie-optique-protheses.json,23504,192
sirene/10/photographie.json,911,8
sirene/10/plastique-verre-materiaux.json,1989,17
sirene/10/plomberie-chauffage-climatisation-froid.json,13708,119
sirene/10/poids-lourds-utilitaires.json,1112,9
sirene/10/poste-courrier.json,997,9
sirene/10/pressing-blanchisserie-retouches.json,1803,15
sirene/10/primeur-fromagerie-epicerie-fine-cave.json,3970,31
sirene/10/production-et-distribution-d-energie.json,2815,25
sirene/10/publicite-design-graphique.json,3452,31
sirene/10/remontees-mecaniques-telepheriques.json,3,0
sirene/10/reparation-d-ordinateurs-et-de-telephones.json,384,3
sirene/10/reparation-de-machines-et-d-electronique.json,2386,21
sirene/10/reseaux-electriques-et-telecoms.json,876,7
sirene/10/restaurants.json,23017,203
sirene/10/restauration-collective-cantines-entreprises.json,3812,26
sirene/10/restauration-rapide.json,18693,165
sirene/10/scieries-preparation-du-bois.json,2035,18
sirene/10/secretariat-accueil-centres-d-appels.json,5841,49
sirene/10/securite-privee-surveillance.json,1637,14
sirene/10/services-a-l-elevage-marechalerie.json,747,7
sirene/10/services-informatiques-reseaux.json,3166,28
sirene/10/spectacle-musees-bibliotheques.json,5273,42
sirene/10/superettes-alimentation-generale.json,4399,37
sirene/10/supermarches-grandes-surfaces.json,13623,118
sirene/10/tapisserie-decoration-textile.json,733,5
sirene/10/telecommunications.json,1545,13
sirene/10/traitement-des-dechets-dangereux.json,232,2
sirene/10/traiteurs.json,2318,20
sirene/10/transformation-de-poissons-crustaces-mollusques.json,3,0
sirene/10/transformation-de-viandes.json,561,4
sirene/10/transport-de-marchandises-livraison.json,16848,143
sirene/10/transport-de-voyageurs.json,6780,58
sirene/10/travaux-agricoles-services-aux-cultures.json,10842,101
sirene/10/travaux-publics-routes-reseaux.json,7792,69
sirene/10/usinage-mecanique-outillage.json,3505,30
sirene/10/vetements-chaussures-accessoires.json,20044,158
sirene/10/veterinaires-soins-aux-animaux.json,3850,30
sirene/10/viticulture-vinification.json,59477,535
sirene/11/activites-sportives-dont-ecuries-de-course.json,1353,11
sirene/11/aeronautique.json,3,0
sirene/11/agences-immobilieres-gestion-de-logements.json,27669,227
sirene/11/aide-a-domicile.json,10582,74
sirene/11/ambulances.json,2839,23
sirene/11/aquaculture-pisciculture-conchyliculture.json,1200,11
sirene/11/architectes.json,4252,35
sirene/11/armurerie-fabrication-d-armes.json,118,1
sirene/11/associations-animation-solidarite.json,26805,207
sirene/11/audiovisuel-cinema-son.json,1235,11
sirene/11/autres-elevages-dont-animaux-de-compagnie-apiculture.json,110,1
sirene/11/banques-assurances.json,16248,122
sirene/11/bateaux-nautisme.json,1632,13
sirene/11/bijouterie-horlogerie.json,1078,9
sirene/11/boucherie-charcuterie-poissonnerie.json,10131,87
sirene/11/boulangerie-patisserie.json,16846,142
sirene/11/bureaux-d-etudes-economistes-de-la-construction.json,11941,101
sirene/11/cafes-bars.json,11984,105
sirene/11/ceramique-verre-d-art-instruments-de-musique.json,111,1
sirene/11/chaudronnerie-soudure-structures-metalliques.json,1301,11
sirene/11/chimie-pharmacie-cosmetiques-papier.json,2901,24
sirene/11/chocolaterie-confiserie-glaces.json,1393,11
sirene/11/clubs-et-salles-de-sport.json,20876,162
sirene/11/coiffure.json,15510,135
sirene/11/commerce-de-gros-entre-entreprises.json,20776,169
sirene/11/comptabilite-conseil-gestion.json,40764,324
sirene/11/concessionnaires-vente-de-vehicules-et-pieces.json,21190,170
sirene/11/construction-de-navires.json,144,1
sirene/11/construction-maconnerie-gros-uvre.json,39486,347
sirene/11/couture-confection.json,598,5
sirene/11/creches-petite-enfance.json,4339,35
sirene/11/cuir-maroquinerie-cordonnerie.json,940,8
sirene/11/cultures-specialisees-vergers-cultures-tropicales.json,1605,15
sirene/11/dechets-recyclage-assainissement.json,9413,72
sirene/11/demenagement.json,1690,12
sirene/11/eau-potable-captage-traitement-distribution.json,10801,76
sirene/11/ebenisterie-meubles-restauration-de-meubles.json,678,6
sirene/11/ecoles-de-sport-equitation.json,2108,17
sirene/11/ecoles-maternelles-et-elementaires.json,46971,341
sirene/11/electricite-du-batiment.json,14362,126
sirene/11/electronique-materiel-electrique.json,356,3
sirene/11/elements-prefabriques-en-beton.json,1681,13
sirene/11/elevage-bovin-ovin-caprin-porcin-volailles.json,3570,33
sirene/11/elevage-de-chevaux-haras.json,306,3
sirene/11/enseignement-culturel-conservatoires.json,1285,11
sirene/11/enseignes-signaletique-marquage.json,886,7
sirene/11/entrepots-logistique.json,5154,40
sirene/11/esthetique-soins-de-beaute.json,4201,36
sirene/11/fabrication-de-monnaies-medailles.json,3,0
sirene/11/fleuristes-jardineries.json,5471,46
sirene/11/fleurs-artificielles-parures-de-mode.json,3,0
sirene/11/fonderies.json,3,0
sirene/11/forets-travaux-forestiers.json,1665,15
sirene/11/froid-industriel-installation-de-machines.json,934,9
sirene/11/garages-carrosseries-voitures.json,24582,205
sirene/11/geometres-experts-topographie.json,1450,13
sirene/11/grossistes-en-fruits-et-legumes.json,1345,11
sirene/11/grossistes-en-poissons-crustaces-mollusques.json,1245,11
sirene/11/grossistes-en-viandes.json,621,5
sirene/11/guides-offices-de-tourisme.json,4229,25
sirene/11/handicap-foyers-esat-ime.json,14781,82
sirene/11/hopitaux-cliniques-laboratoires.json,14136,91
sirene/11/horticulture-maraichage-agriculture.json,10072,95
sirene/11/hotels.json,23497,199
sirene/11/imprimerie-prepresse-reliure.json,2988,24
sirene/11/industrie-agroalimentaire.json,2722,23
sirene/11/interim-recrutement.json,11071,89
sirene/11/laboratoires-d-analyses-et-d-essais.json,856,6
sirene/11/laboratoires-de-recherche-scientifique.json,1404,11
sirene/11/loisirs-animation.json,24443,174
sirene/11/magasins-specialises-bricolage-maison-sport-high-tech.json,41329,339
sirene/11/maintenance-d-equipements-ascenseurs.json,2220,18
sirene/11/mairies-administrations.json,76650,555
sirene/11/materiels-agricoles-engins-de-chantier.json,6927,58
sirene/11/menuiserie-agencement-serrurerie.json,15880,134
sirene/11/motos-scooters.json,2673,23
sirene/11/navigation-fluviale.json,217,2
sirene/11/navigation-maritime-plaisance-professionnelle.json,380,3
sirene/11/nettoyage-proprete.json,8556,72
sirene/11/objets-en-bois-liege-vannerie.json,268,2
sirene/11/optique-photonique-instruments-de-mesure.json,3,0
sirene/11/parcs-naturels-jardins-botaniques-et-zoologiques.json,845,6
sirene/11/parfumerie-cosmetiques.json,2023,16
sirene/11/paysagistes-espaces-verts.json,7275,62
sirene/11/peche-professionnelle.json,210,2
sirene/11/peinture-platre-carrelage-sols-isolation.json,14969,129
sirene/11/personnes-agees-ehpad-residences.json,9921,73
sirene/11/pharmacie-optique-protheses.json,31427,254
sirene/11/photographie.json,805,7
sirene/11/plastique-verre-materiaux.json,1427,13
sirene/11/plomberie-chauffage-climatisation-froid.json,17350,150
sirene/11/poids-lourds-utilitaires.json,2242,18
sirene/11/poste-courrier.json,1174,12
sirene/11/pressing-blanchisserie-retouches.json,3390,27
sirene/11/primeur-fromagerie-epicerie-fine-cave.json,9570,75
sirene/11/production-et-distribution-d-energie.json,3170,27
sirene/11/publicite-design-graphique.json,3122,28
sirene/11/remontees-mecaniques-telepheriques.json,3,0
sirene/11/reparation-d-ordinateurs-et-de-telephones.json,934,8
sirene/11/reparation-de-machines-et-d-electronique.json,2294,20
sirene/11/reseaux-electriques-et-telecoms.json,1610,13
sirene/11/restaurants.json,55101,476
sirene/11/restauration-collective-cantines-entreprises.json,3136,22
sirene/11/restauration-rapide.json,28886,248
sirene/11/scieries-preparation-du-bois.json,1097,8
sirene/11/secretariat-accueil-centres-d-appels.json,10731,88
sirene/11/securite-privee-surveillance.json,2318,19
sirene/11/services-a-l-elevage-marechalerie.json,132,1
sirene/11/services-informatiques-reseaux.json,4096,37
sirene/11/spectacle-musees-bibliotheques.json,8485,71
sirene/11/superettes-alimentation-generale.json,6518,56
sirene/11/supermarches-grandes-surfaces.json,25840,222
sirene/11/tapisserie-decoration-textile.json,938,8
sirene/11/telecommunications.json,2418,20
sirene/11/traitement-des-dechets-dangereux.json,3,0
sirene/11/traiteurs.json,3346,29
sirene/11/transformation-de-poissons-crustaces-mollusques.json,204,2
sirene/11/transformation-de-viandes.json,1412,12
sirene/11/transport-de-marchandises-livraison.json,14583,121
sirene/11/transport-de-voyageurs.json,9544,80
sirene/11/travaux-agricoles-services-aux-cultures.json,7339,68
sirene/11/travaux-publics-routes-reseaux.json,12755,109
sirene/11/usinage-mecanique-outillage.json,926,7
sirene/11/vetements-chaussures-accessoires.json,20066,171
sirene/11/veterinaires-soins-aux-animaux.json,5960,49
sirene/11/viticulture-vinification.json,54082,462
sirene/12/activites-sportives-dont-ecuries-de-course.json,1186,9
sirene/12/aeronautique.json,538,4
sirene/12/agences-immobilieres-gestion-de-logements.json,11956,100
sirene/12/aide-a-domicile.json,12036,95
sirene/12/ambulances.json,6195,53
sirene/12/aquaculture-pisciculture-conchyliculture.json,600,5
sirene/12/architectes.json,4822,42
sirene/12/armurerie-fabrication-d-armes.json,148,1
sirene/12/associations-animation-solidarite.json,28423,207
sirene/12/audiovisuel-cinema-son.json,1016,9
sirene/12/autres-elevages-dont-animaux-de-compagnie-apiculture.json,447,4
sirene/12/banques-assurances.json,13160,106
sirene/12/bateaux-nautisme.json,107,1
sirene/12/bijouterie-horlogerie.json,709,6
sirene/12/boucherie-charcuterie-poissonnerie.json,12002,104
sirene/12/boulangerie-patisserie.json,16601,144
sirene/12/bureaux-d-etudes-economistes-de-la-construction.json,10311,89
sirene/12/cafes-bars.json,8296,74
sirene/12/ceramique-verre-d-art-instruments-de-musique.json,3,0
sirene/12/chaudronnerie-soudure-structures-metalliques.json,2520,21
sirene/12/chimie-pharmacie-cosmetiques-papier.json,1383,12
sirene/12/chocolaterie-confiserie-glaces.json,884,7
sirene/12/clubs-et-salles-de-sport.json,17960,140
sirene/12/coiffure.json,8112,71
sirene/12/commerce-de-gros-entre-entreprises.json,12686,105
sirene/12/comptabilite-conseil-gestion.json,28449,221
sirene/12/concessionnaires-vente-de-vehicules-et-pieces.json,17261,145
sirene/12/construction-de-navires.json,153,1
sirene/12/construction-maconnerie-gros-uvre.json,33215,294
sirene/12/couture-confection.json,889,8
sirene/12/creches-petite-enfance.json,6052,47
sirene/12/cuir-maroquinerie-cordonnerie.json,1485,12
sirene/12/cultures-specialisees-vergers-cultures-tropicales.json,242,2
sirene/12/dechets-recyclage-assainissement.json,17340,124
sirene/12/demenagement.json,863,7
sirene/12/eau-potable-captage-traitement-distribution.json,5851,42
sirene/12/ebenisterie-meubles-restauration-de-meubles.json,2390,20
sirene/12/ecoles-de-sport-equitation.json,1210,10
sirene/12/ecoles-maternelles-et-elementaires.json,30977,220
sirene/12/electricite-du-batiment.json,13894,120
sirene/12/electronique-materiel-electrique.json,1050,9
sirene/12/elements-prefabriques-en-beton.json,341,3
sirene/12/elevage-bovin-ovin-caprin-porcin-volailles.json,77509,748
sirene/12/elevage-de-chevaux-haras.json,2174,20
sirene/12/enseignement-culturel-conservatoires.json,619,6
sirene/12/enseignes-signaletique-marquage.json,115,1
sirene/12/entrepots-logistique.json,3933,32
sirene/12/esthetique-soins-de-beaute.json,2216,19
sirene/12/fabrication-de-monnaies-medailles.json,3,0
sirene/12/fleuristes-jardineries.json,3515,31
sirene/12/fleurs-artificielles-parures-de-mode.json,3,0
sirene/12/fonderies.json,113,1
sirene/12/forets-travaux-forestiers.json,1813,16
sirene/12/froid-industriel-installation-de-machines.json,1264,10
sirene/12/garages-carrosseries-voitures.json,22761,195
sirene/12/geometres-experts-topographie.json,2642,22
sirene/12/grossistes-en-fruits-et-legumes.json,666,6
sirene/12/grossistes-en-poissons-crustaces-mollusques.json,3,0
sirene/12/grossistes-en-viandes.json,1637,14
sirene/12/guides-offices-de-tourisme.json,2963,21
sirene/12/handicap-foyers-esat-ime.json,7355,50
sirene/12/hopitaux-cliniques-laboratoires.json,7380,53
sirene/12/horticulture-maraichage-agriculture.json,5514,52
sirene/12/hotels.json,17794,148
sirene/12/imprimerie-prepresse-reliure.json,3203,28
sirene/12/industrie-agroalimentaire.json,13334,107
sirene/12/interim-recrutement.json,11065,89
sirene/12/laboratoires-d-analyses-et-d-essais.json,922,7
sirene/12/laboratoires-de-recherche-scientifique.json,817,6
sirene/12/loisirs-animation.json,18012,139
sirene/12/magasins-specialises-bricolage-maison-sport-high-tech.json,32461,281
sirene/12/maintenance-d-equipements-ascenseurs.json,1543,12
sirene/12/mairies-administrations.json,74517,541
sirene/12/materiels-agricoles-engins-de-chantier.json,12615,110
sirene/12/menuiserie-agencement-serrurerie.json,19341,166
sirene/12/motos-scooters.json,2393,21
sirene/12/navigation-fluviale.json,3,0
sirene/12/navigation-maritime-plaisance-professionnelle.json,3,0
sirene/12/nettoyage-proprete.json,5672,50
sirene/12/objets-en-bois-liege-vannerie.json,275,2
sirene/12/optique-photonique-instruments-de-mesure.json,3,0
sirene/12/parcs-naturels-jardins-botaniques-et-zoologiques.json,479,4
sirene/12/parfumerie-cosmetiques.json,1546,13
sirene/12/paysagistes-espaces-verts.json,6877,60
sirene/12/peche-professionnelle.json,146,1
sirene/12/peinture-platre-carrelage-sols-isolation.json,13174,115
sirene/12/personnes-agees-ehpad-residences.json,10636,78
sirene/12/pharmacie-optique-protheses.json,24167,195
sirene/12/photographie.json,766,7
sirene/12/plastique-verre-materiaux.json,852,7
sirene/12/plomberie-chauffage-climatisation-froid.json,16058,139
sirene/12/poids-lourds-utilitaires.json,1956,16
sirene/12/poste-courrier.json,95,1
sirene/12/pressing-blanchisserie-retouches.json,1502,12
sirene/12/primeur-fromagerie-epicerie-fine-cave.json,5259,44
sirene/12/production-et-distribution-d-energie.json,16930,140
sirene/12/publicite-design-graphique.json,4171,37
sirene/12/remontees-mecaniques-telepheriques.json,3,0
sirene/12/reparation-d-ordinateurs-et-de-telephones.json,872,7
sirene/12/reparation-de-machines-et-d-electronique.json,4359,38
sirene/12/reseaux-electriques-et-telecoms.json,1302,11
sirene/12/restaurants.json,23563,215
sirene/12/restauration-collective-cantines-entreprises.json,3429,24
sirene/12/restauration-rapide.json,10684,97
sirene/12/scieries-preparation-du-bois.json,2089,17
sirene/12/secretariat-accueil-centres-d-appels.json,8593,71
sirene/12/securite-privee-surveillance.json,1198,9
sirene/12/services-a-l-elevage-marechalerie.json,1154,9
sirene/12/services-informatiques-reseaux.json,2313,21
sirene/12/spectacle-musees-bibliotheques.json,6013,49
sirene/12/superettes-alimentation-generale.json,3992,36
sirene/12/supermarches-grandes-surfaces.json,15944,139
sirene/12/tapisserie-decoration-textile.json,675,6
sirene/12/telecommunications.json,742,6
sirene/12/traitement-des-dechets-dangereux.json,3,0
sirene/12/traiteurs.json,2500,22
sirene/12/transformation-de-poissons-crustaces-mollusques.json,3,0
sirene/12/transformation-de-viandes.json,3894,30
sirene/12/transport-de-marchandises-livraison.json,16355,139
sirene/12/transport-de-voyageurs.json,10679,91
sirene/12/travaux-agricoles-services-aux-cultures.json,4578,43
sirene/12/travaux-publics-routes-reseaux.json,11978,104
sirene/12/usinage-mecanique-outillage.json,3311,29
sirene/12/vetements-chaussures-accessoires.json,16897,149
sirene/12/veterinaires-soins-aux-animaux.json,7084,58
sirene/12/viticulture-vinification.json,653,6
sirene/13/activites-sportives-dont-ecuries-de-course.json,13315,103
sirene/13/aeronautique.json,3152,24
sirene/13/agences-immobilieres-gestion-de-logements.json,183746,1520
sirene/13/aide-a-domicile.json,48612,377
sirene/13/ambulances.json,29835,240
sirene/13/aquaculture-pisciculture-conchyliculture.json,668,5
sirene/13/architectes.json,42974,358
sirene/13/armurerie-fabrication-d-armes.json,233,2
sirene/13/associations-animation-solidarite.json,158257,1182
sirene/13/audiovisuel-cinema-son.json,32560,285
sirene/13/autres-elevages-dont-animaux-de-compagnie-apiculture.json,1157,9
sirene/13/banques-assurances.json,91824,714
sirene/13/bateaux-nautisme.json,13230,104
sirene/13/bijouterie-horlogerie.json,9815,83
sirene/13/boucherie-charcuterie-poissonnerie.json,48786,411
sirene/13/boulangerie-patisserie.json,113574,965
sirene/13/bureaux-d-etudes-economistes-de-la-construction.json,178726,1445
sirene/13/cafes-bars.json,72937,652
sirene/13/ceramique-verre-d-art-instruments-de-musique.json,2086,18
sirene/13/chaudronnerie-soudure-structures-metalliques.json,12248,98
sirene/13/chimie-pharmacie-cosmetiques-papier.json,22403,176
sirene/13/chocolaterie-confiserie-glaces.json,7626,62
sirene/13/clubs-et-salles-de-sport.json,135232,1044
sirene/13/coiffure.json,113714,993
sirene/13/commerce-de-gros-entre-entreprises.json,162893,1320
sirene/13/comptabilite-conseil-gestion.json,389860,3205
sirene/13/concessionnaires-vente-de-vehicules-et-pieces.json,100911,831
sirene/13/construction-de-navires.json,943,8
sirene/13/construction-maconnerie-gros-uvre.json,272041,2321
sirene/13/couture-confection.json,7055,64
sirene/13/creches-petite-enfance.json,67189,517
sirene/13/cuir-maroquinerie-cordonnerie.json,5270,43
sirene/13/cultures-specialisees-vergers-cultures-tropicales.json,25183,217
sirene/13/dechets-recyclage-assainissement.json,45976,347
sirene/13/demenagement.json,9212,73
sirene/13/eau-potable-captage-traitement-distribution.json,12464,89
sirene/13/ebenisterie-meubles-restauration-de-meubles.json,6847,58
sirene/13/ecoles-de-sport-equitation.json,17655,146
sirene/13/ecoles-maternelles-et-elementaires.json,105187,739
sirene/13/electricite-du-batiment.json,106750,890
sirene/13/electronique-materiel-electrique.json,10171,78
sirene/13/elements-prefabriques-en-beton.json,2237,18
sirene/13/elevage-bovin-ovin-caprin-porcin-volailles.json,6673,56
sirene/13/elevage-de-chevaux-haras.json,2907,24
sirene/13/enseignement-culturel-conservatoires.json,18131,147
sirene/13/enseignes-signaletique-marquage.json,4326,34
sirene/13/entrepots-logistique.json,87147,682
sirene/13/esthetique-soins-de-beaute.json,54530,474
sirene/13/fabrication-de-monnaies-medailles.json,3,0
sirene/13/fleuristes-jardineries.json,24785,205
sirene/13/fleurs-artificielles-parures-de-mode.json,432,4
sirene/13/fonderies.json,563,5
sirene/13/forets-travaux-forestiers.json,2399,20
sirene/13/froid-industriel-installation-de-machines.json,7897,64
sirene/13/garages-carrosseries-voitures.json,146117,1227
sirene/13/geometres-experts-topographie.json,7169,57
sirene/13/grossistes-en-fruits-et-legumes.json,29660,244
sirene/13/grossistes-en-poissons-crustaces-mollusques.json,3078,26
sirene/13/grossistes-en-viandes.json,1566,13
sirene/13/guides-offices-de-tourisme.json,6630,49
sirene/13/handicap-foyers-esat-ime.json,33350,215
sirene/13/hopitaux-cliniques-laboratoires.json,74113,541
sirene/13/horticulture-maraichage-agriculture.json,53889,468
sirene/13/hotels.json,92541,741
sirene/13/imprimerie-prepresse-reliure.json,12935,106
sirene/13/industrie-agroalimentaire.json,14489,120
sirene/13/interim-recrutement.json,75777,586
sirene/13/laboratoires-d-analyses-et-d-essais.json,6470,43
sirene/13/laboratoires-de-recherche-scientifique.json,26419,209
sirene/13/loisirs-animation.json,120510,910
sirene/13/magasins-specialises-bricolage-maison-sport-high-tech.json,218229,1818
sirene/13/maintenance-d-equipements-ascenseurs.json,22427,175
sirene/13/mairies-administrations.json,88897,545
sirene/13/materiels-agricoles-engins-de-chantier.json,25368,209
sirene/13/menuiserie-agencement-serrurerie.json,98597,807
sirene/13/motos-scooters.json,13616,120
sirene/13/navigation-fluviale.json,460,3
sirene/13/navigation-maritime-plaisance-professionnelle.json,7515,64
sirene/13/nettoyage-proprete.json,88145,738
sirene/13/objets-en-bois-liege-vannerie.json,1139,10
sirene/13/optique-photonique-instruments-de-mesure.json,4789,36
sirene/13/parcs-naturels-jardins-botaniques-et-zoologiques.json,1623,10
sirene/13/parfumerie-cosmetiques.json,27301,223
sirene/13/paysagistes-espaces-verts.json,49133,413
sirene/13/peche-professionnelle.json,2082,17
sirene/13/peinture-platre-carrelage-sols-isolation.json,113930,983
sirene/13/personnes-agees-ehpad-residences.json,37926,287
sirene/13/pharmacie-optique-protheses.json,194011,1583
sirene/13/photographie.json,6666,59
sirene/13/plastique-verre-materiaux.json,8116,65
sirene/13/plomberie-chauffage-climatisation-froid.json,122806,1013
sirene/13/poids-lourds-utilitaires.json,6579,50
sirene/13/poste-courrier.json,116,1
sirene/13/pressing-blanchisserie-retouches.json,19078,159
sirene/13/primeur-fromagerie-epicerie-fine-cave.json,59259,506
sirene/13/production-et-distribution-d-energie.json,12945,100
sirene/13/publicite-design-graphique.json,55806,475
sirene/13/remontees-mecaniques-telepheriques.json,3,0
sirene/13/reparation-d-ordinateurs-et-de-telephones.json,6509,53
sirene/13/reparation-de-machines-et-d-electronique.json,21281,164
sirene/13/reseaux-electriques-et-telecoms.json,7174,56
sirene/13/restaurants.json,270193,2380
sirene/13/restauration-collective-cantines-entreprises.json,26124,189
sirene/13/restauration-rapide.json,243150,2144
sirene/13/scieries-preparation-du-bois.json,2312,16
sirene/13/secretariat-accueil-centres-d-appels.json,101503,846
sirene/13/securite-privee-surveillance.json,41835,334
sirene/13/services-a-l-elevage-marechalerie.json,1935,16
sirene/13/services-informatiques-reseaux.json,68290,582
sirene/13/spectacle-musees-bibliotheques.json,65586,550
sirene/13/superettes-alimentation-generale.json,34086,289
sirene/13/supermarches-grandes-surfaces.json,103574,916
sirene/13/tapisserie-decoration-textile.json,5122,41
sirene/13/telecommunications.json,15977,135
sirene/13/traitement-des-dechets-dangereux.json,1739,14
sirene/13/traiteurs.json,22524,194
sirene/13/transformation-de-poissons-crustaces-mollusques.json,1207,10
sirene/13/transformation-de-viandes.json,3705,32
sirene/13/transport-de-marchandises-livraison.json,135916,1120
sirene/13/transport-de-voyageurs.json,53321,445
sirene/13/travaux-agricoles-services-aux-cultures.json,7317,61
sirene/13/travaux-publics-routes-reseaux.json,51583,419
sirene/13/usinage-mecanique-outillage.json,18409,143
sirene/13/vetements-chaussures-accessoires.json,145843,1260
sirene/13/veterinaires-soins-aux-animaux.json,36421,299
sirene/13/viticulture-vinification.json,22099,185
sirene/14/activites-sportives-dont-ecuries-de-course.json,11641,91
sirene/14/aeronautique.json,3,0
sirene/14/agences-immobilieres-gestion-de-logements.json,50779,427
sirene/14/aide-a-domicile.json,23624,176
sirene/14/ambulances.json,6722,48
sirene/14/aquaculture-pisciculture-conchyliculture.json,2493,22
sirene/14/architectes.json,10182,84
sirene/14/armurerie-fabrication-d-armes.json,105,1
sirene/14/associations-animation-solidarite.json,60396,451
sirene/14/audiovisuel-cinema-son.json,4289,38
sirene/14/autres-elevages-dont-animaux-de-compagnie-apiculture.json,604,5
sirene/14/banques-assurances.json,31732,241
sirene/14/bateaux-nautisme.json,1958,16
sirene/14/bijouterie-horlogerie.json,989,9
sirene/14/boucherie-charcuterie-poissonnerie.json,18745,155
sirene/14/boulangerie-patisserie.json,46423,388
sirene/14/bureaux-d-etudes-economistes-de-la-construction.json,33474,283
sirene/14/cafes-bars.json,34231,311
sirene/14/ceramique-verre-d-art-instruments-de-musique.json,950,7
sirene/14/chaudronnerie-soudure-structures-metalliques.json,5158,42
sirene/14/chimie-pharmacie-cosmetiques-papier.json,3864,32
sirene/14/chocolaterie-confiserie-glaces.json,1750,14
sirene/14/clubs-et-salles-de-sport.json,61666,476
sirene/14/coiffure.json,33016,289
sirene/14/commerce-de-gros-entre-entreprises.json,36140,297
sirene/14/comptabilite-conseil-gestion.json,77900,641
sirene/14/concessionnaires-vente-de-vehicules-et-pieces.json,39937,325
sirene/14/construction-de-navires.json,207,2
sirene/14/construction-maconnerie-gros-uvre.json,69309,591
sirene/14/couture-confection.json,1423,12
sirene/14/creches-petite-enfance.json,18865,152
sirene/14/cuir-maroquinerie-cordonnerie.json,2136,18
sirene/14/cultures-specialisees-vergers-cultures-tropicales.json,3474,29
sirene/14/dechets-recyclage-assainissement.json,15966,120
sirene/14/demenagement.json,1430,12
sirene/14/eau-potable-captage-traitement-distribution.json,5389,41
sirene/14/ebenisterie-meubles-restauration-de-meubles.json,2270,19
sirene/14/ecoles-de-sport-equitation.json,8092,65
sirene/14/ecoles-maternelles-et-elementaires.json,75647,531
sirene/14/electricite-du-batiment.json,28919,244
sirene/14/electronique-materiel-electrique.json,2511,21
sirene/14/elements-prefabriques-en-beton.json,1060,9
sirene/14/elevage-bovin-ovin-caprin-porcin-volailles.json,33080,286
sirene/14/elevage-de-chevaux-haras.json,15898,133
sirene/14/enseignement-culturel-conservatoires.json,2230,18
sirene/14/enseignes-signaletique-marquage.json,791,6
sirene/14/entrepots-logistique.json,14441,117
sirene/14/esthetique-soins-de-beaute.json,10752,95
sirene/14/fabrication-de-monnaies-medailles.json,3,0
sirene/14/fleuristes-jardineries.json,9952,85
sirene/14/fleurs-artificielles-parures-de-mode.json,3,0
sirene/14/fonderies.json,232,2
sirene/14/forets-travaux-forestiers.json,2522,22
sirene/14/froid-industriel-installation-de-machines.json,2888,24
sirene/14/garages-carrosseries-voitures.json,41931,343
sirene/14/geometres-experts-topographie.json,2087,17
sirene/14/grossistes-en-fruits-et-legumes.json,1710,14
sirene/14/grossistes-en-poissons-crustaces-mollusques.json,3871,32
sirene/14/grossistes-en-viandes.json,942,7
sirene/14/guides-offices-de-tourisme.json,5279,34
sirene/14/handicap-foyers-esat-ime.json,15039,103
sirene/14/hopitaux-cliniques-laboratoires.json,27928,191
sirene/14/horticulture-maraichage-agriculture.json,29213,258
sirene/14/hotels.json,52988,439
sirene/14/imprimerie-prepresse-reliure.json,5967,48
sirene/14/industrie-agroalimentaire.json,5550,45
sirene/14/interim-recrutement.json,22378,180
sirene/14/laboratoires-d-analyses-et-d-essais.json,1058,8
sirene/14/laboratoires-de-recherche-scientifique.json,3977,31
sirene/14/loisirs-animation.json,42623,332
sirene/14/magasins-specialises-bricolage-maison-sport-high-tech.json,71770,614
sirene/14/maintenance-d-equipements-ascenseurs.json,5355,45
sirene/14/mairies-administrations.json,137555,994
sirene/14/materiels-agricoles-engins-de-chantier.json,14687,120
sirene/14/menuiserie-agencement-serrurerie.json,41212,345
sirene/14/motos-scooters.json,3786,32
sirene/14/navigation-fluviale.json,3,0
sirene/14/navigation-maritime-plaisance-professionnelle.json,996,7
sirene/14/nettoyage-proprete.json,16468,138
sirene/14/objets-en-bois-liege-vannerie.json,3,0
sirene/14/optique-photonique-instruments-de-mesure.json,1258,10
sirene/14/parcs-naturels-jardins-botaniques-et-zoologiques.json,724,6
sirene/14/parfumerie-cosmetiques.json,4021,36
sirene/14/paysagistes-espaces-verts.json,20721,177
sirene/14/peche-professionnelle.json,3541,30
sirene/14/peinture-platre-carrelage-sols-isolation.json,35440,300
sirene/14/personnes-agees-ehpad-residences.json,17101,128
sirene/14/pharmacie-optique-protheses.json,49232,412
sirene/14/photographie.json,2318,21
sirene/14/plastique-verre-materiaux.json,3709,31
sirene/14/plomberie-chauffage-climatisation-froid.json,32425,267
sirene/14/poids-lourds-utilitaires.json,1770,14
sirene/14/poste-courrier.json,410,4
sirene/14/pressing-blanchisserie-retouches.json,5904,50
sirene/14/primeur-fromagerie-epicerie-fine-cave.json,10090,84
sirene/14/production-et-distribution-d-energie.json,3048,24
sirene/14/publicite-design-graphique.json,12200,107
sirene/14/remontees-mecaniques-telepheriques.json,3,0
sirene/14/reparation-d-ordinateurs-et-de-telephones.json,2292,19
sirene/14/reparation-de-machines-et-d-electronique.json,7635,61
sirene/14/reseaux-electriques-et-telecoms.json,1434,11
sirene/14/restaurants.json,88047,780
sirene/14/restauration-collective-cantines-entreprises.json,9827,70
sirene/14/restauration-rapide.json,48973,436
sirene/14/scieries-preparation-du-bois.json,963,8
sirene/14/secretariat-accueil-centres-d-appels.json,22728,196
sirene/14/securite-privee-surveillance.json,4778,39
sirene/14/services-a-l-elevage-marechalerie.json,6311,51
sirene/14/services-informatiques-reseaux.json,12709,113
sirene/14/spectacle-musees-bibliotheques.json,22373,185
sirene/14/superettes-alimentation-generale.json,12074,103
sirene/14/supermarches-grandes-surfaces.json,40823,352
sirene/14/tapisserie-decoration-textile.json,1570,12
sirene/14/telecommunications.json,2615,22
sirene/14/traitement-des-dechets-dangereux.json,220,2
sirene/14/traiteurs.json,4679,40
sirene/14/transformation-de-poissons-crustaces-mollusques.json,252,2
sirene/14/transformation-de-viandes.json,2557,21
sirene/14/transport-de-marchandises-livraison.json,28959,240
sirene/14/transport-de-voyageurs.json,11720,93
sirene/14/travaux-agricoles-services-aux-cultures.json,7537,66
sirene/14/travaux-publics-routes-reseaux.json,15898,132
sirene/14/usinage-mecanique-outillage.json,11398,91
sirene/14/vetements-chaussures-accessoires.json,52675,468
sirene/14/veterinaires-soins-aux-animaux.json,15527,129
sirene/14/viticulture-vinification.json,212,2
sirene/15/activites-sportives-dont-ecuries-de-course.json,511,4
sirene/15/aeronautique.json,3,0
sirene/15/agences-immobilieres-gestion-de-logements.json,6869,56
sirene/15/aide-a-domicile.json,4677,37
sirene/15/ambulances.json,3345,28
sirene/15/aquaculture-pisciculture-conchyliculture.json,237,2
sirene/15/architectes.json,1893,16
sirene/15/armurerie-fabrication-d-armes.json,3,0
sirene/15/associations-animation-solidarite.json,8184,64
sirene/15/audiovisuel-cinema-son.json,449,4
sirene/15/autres-elevages-dont-animaux-de-compagnie-apiculture.json,234,2
sirene/15/banques-assurances.json,12094,91
sirene/15/bateaux-nautisme.json,99,1
sirene/15/bijouterie-horlogerie.json,3,0
sirene/15/boucherie-charcuterie-poissonnerie.json,5665,50
sirene/15/boulangerie-patisserie.json,8244,72
sirene/15/bureaux-d-etudes-economistes-de-la-construction.json,3245,28
sirene/15/cafes-bars.json,8242,71
sirene/15/ceramique-verre-d-art-instruments-de-musique.json,113,1
sirene/15/chaudronnerie-soudure-structures-metalliques.json,772,7
sirene/15/chimie-pharmacie-cosmetiques-papier.json,426,4
sirene/15/chocolaterie-confiserie-glaces.json,536,5
sirene/15/clubs-et-salles-de-sport.json,8540,69
sirene/15/coiffure.json,3722,33
sirene/15/commerce-de-gros-entre-entreprises.json,5904,52
sirene/15/comptabilite-conseil-gestion.json,12273,98
sirene/15/concessionnaires-vente-de-vehicules-et-pieces.json,8455,73
sirene/15/construction-de-navires.json,3,0
sirene/15/construction-maconnerie-gros-uvre.json,13303,117
sirene/15/couture-confection.json,258,2
sirene/15/creches-petite-enfance.json,4604,33
sirene/15/cuir-maroquinerie-cordonnerie.json,234,2
sirene/15/cultures-specialisees-vergers-cultures-tropicales.json,3,0
sirene/15/dechets-recyclage-assainissement.json,7283,52
sirene/15/demenagement.json,161,1
sirene/15/eau-potable-captage-traitement-distribution.json,6246,47
sirene/15/ebenisterie-meubles-restauration-de-meubles.json,584,5
sirene/15/ecoles-de-sport-equitation.json,597,5
sirene/15/ecoles-maternelles-et-elementaires.json,20552,156
sirene/15/electricite-du-batiment.json,7515,65
sirene/15/electronique-materiel-electrique.json,3,0
sirene/15/elements-prefabriques-en-beton.json,3,0
sirene/15/elevage-bovin-ovin-caprin-porcin-volailles.json,24669,235
sirene/15/elevage-de-chevaux-haras.json,352,3
sirene/15/enseignement-culturel-conservatoires.json,1252,11
sirene/15/enseignes-signaletique-marquage.json,377,3
sirene/15/entrepots-logistique.json,1478,12
sirene/15/esthetique-soins-de-beaute.json,1322,11
sirene/15/fabrication-de-monnaies-medailles.json,3,0
sirene/15/fleuristes-jardineries.json,2469,22
sirene/15/fleurs-artificielles-parures-de-mode.json,104,1
sirene/15/fonderies.json,3,0
sirene/15/forets-travaux-forestiers.json,3290,29
sirene/15/froid-industriel-installation-de-machines.json,602,6
sirene/15/garages-carrosseries-voitures.json,11385,99
sirene/15/geometres-experts-topographie.json,1130,9
sirene/15/grossistes-en-fruits-et-legumes.json,273,2
sirene/15/grossistes-en-poissons-crustaces-mollusques.json,3,0
sirene/15/grossistes-en-viandes.json,328,3
sirene/15/guides-offices-de-tourisme.json,1674,12
sirene/15/handicap-foyers-esat-ime.json,5515,34
sirene/15/hopitaux-cliniques-laboratoires.json,4959,36
sirene/15/horticulture-maraichage-agriculture.json,701,7
sirene/15/hotels.json,11933,103
sirene/15/imprimerie-prepresse-reliure.json,1034,8
sirene/15/industrie-agroalimentaire.json,6508,53
sirene/15/interim-recrutement.json,5885,46
sirene/15/laboratoires-d-analyses-et-d-essais.json,402,3
sirene/15/laboratoires-de-recherche-scientifique.json,196,1
sirene/15/loisirs-animation.json,15956,110
sirene/15/magasins-specialises-bricolage-maison-sport-high-tech.json,17748,156
sirene/15/maintenance-d-equipements-ascenseurs.json,163,1
sirene/15/mairies-administrations.json,57488,419
sirene/15/materiels-agricoles-engins-de-chantier.json,5498,50
sirene/15/menuiserie-agencement-serrurerie.json,9087,81
sirene/15/motos-scooters.json,998,9
sirene/15/navigation-fluviale.json,3,0
sirene/15/navigation-maritime-plaisance-professionnelle.json,3,0
sirene/15/nettoyage-proprete.json,2202,18
sirene/15/objets-en-bois-liege-vannerie.json,231,2
sirene/15/optique-photonique-instruments-de-mesure.json,91,1
sirene/15/parcs-naturels-jardins-botaniques-et-zoologiques.json,302,2
sirene/15/parfumerie-cosmetiques.json,1266,11
sirene/15/paysagistes-espaces-verts.json,2399,20
sirene/15/peche-professionnelle.json,3,0
sirene/15/peinture-platre-carrelage-sols-isolation.json,6636,61
sirene/15/personnes-agees-ehpad-residences.json,7327,55
sirene/15/pharmacie-optique-protheses.json,13000,110
sirene/15/photographie.json,103,1
sirene/15/plastique-verre-materiaux.json,632,5
sirene/15/plomberie-chauffage-climatisation-froid.json,7821,68
sirene/15/poids-lourds-utilitaires.json,1301,11
sirene/15/poste-courrier.json,718,7
sirene/15/pressing-blanchisserie-retouches.json,346,3
sirene/15/primeur-fromagerie-epicerie-fine-cave.json,1442,12
sirene/15/production-et-distribution-d-energie.json,10190,94
sirene/15/publicite-design-graphique.json,477,4
sirene/15/remontees-mecaniques-telepheriques.json,128,1
sirene/15/reparation-d-ordinateurs-et-de-telephones.json,99,1
sirene/15/reparation-de-machines-et-d-electronique.json,1326,12
sirene/15/reseaux-electriques-et-telecoms.json,1160,9
sirene/15/restaurants.json,11421,100
sirene/15/restauration-collective-cantines-entreprises.json,2238,15
sirene/15/restauration-rapide.json,5852,53
sirene/15/scieries-preparation-du-bois.json,1662,15
sirene/15/secretariat-accueil-centres-d-appels.json,2730,23
sirene/15/securite-privee-surveillance.json,541,5
sirene/15/services-a-l-elevage-marechalerie.json,466,4
sirene/15/services-informatiques-reseaux.json,906,9
sirene/15/spectacle-musees-bibliotheques.json,2871,23
sirene/15/superettes-alimentation-generale.json,3673,32
sirene/15/supermarches-grandes-surfaces.json,9402,84
sirene/15/tapisserie-decoration-textile.json,113,1
sirene/15/telecommunications.json,1027,9
sirene/15/traitement-des-dechets-dangereux.json,3,0
sirene/15/traiteurs.json,645,6
sirene/15/transformation-de-poissons-crustaces-mollusques.json,3,0
sirene/15/transformation-de-viandes.json,1219,10
sirene/15/transport-de-marchandises-livraison.json,6764,59
sirene/15/transport-de-voyageurs.json,6629,53
sirene/15/travaux-agricoles-services-aux-cultures.json,2159,22
sirene/15/travaux-publics-routes-reseaux.json,6701,56
sirene/15/usinage-mecanique-outillage.json,899,7
sirene/15/vetements-chaussures-accessoires.json,9310,84
sirene/15/veterinaires-soins-aux-animaux.json,3949,29
sirene/15/viticulture-vinification.json,120,1
sirene/16/activites-sportives-dont-ecuries-de-course.json,930,8
sirene/16/aeronautique.json,457,4
sirene/16/agences-immobilieres-gestion-de-logements.json,14515,116
sirene/16/aide-a-domicile.json,13657,100
sirene/16/ambulances.json,4708,36
sirene/16/aquaculture-pisciculture-conchyliculture.json,619,5
sirene/16/architectes.json,2510,22
sirene/16/armurerie-fabrication-d-armes.json,105,1
sirene/16/associations-animation-solidarite.json,21121,161
sirene/16/audiovisuel-cinema-son.json,6300,57
sirene/16/autres-elevages-dont-animaux-de-compagnie-apiculture.json,559,5
sirene/16/banques-assurances.json,21411,154
sirene/16/bateaux-nautisme.json,137,1
sirene/16/bijouterie-horlogerie.json,580,5
sirene/16/boucherie-charcuterie-poissonnerie.json,6076,53
sirene/16/boulangerie-patisserie.json,16712,144
sirene/16/bureaux-d-etudes-economistes-de-la-construction.json,12641,109
sirene/16/cafes-bars.json,6976,63
sirene/16/ceramique-verre-d-art-instruments-de-musique.json,687,6
sirene/16/chaudronnerie-soudure-structures-metalliques.json,2858,24
sirene/16/chimie-pharmacie-cosmetiques-papier.json,5284,45
sirene/16/chocolaterie-confiserie-glaces.json,1051,8
sirene/16/clubs-et-salles-de-sport.json,20026,158
sirene/16/coiffure.json,15903,137
sirene/16/commerce-de-gros-entre-entreprises.json,20076,162
sirene/16/comptabilite-conseil-gestion.json,30714,256
sirene/16/concessionnaires-vente-de-vehicules-et-pieces.json,21409,171
sirene/16/construction-de-navires.json,109,1
sirene/16/construction-maconnerie-gros-uvre.json,37131,328
sirene/16/couture-confection.json,371,3
sirene/16/creches-petite-enfance.json,7394,57
sirene/16/cuir-maroquinerie-cordonnerie.json,1634,13
sirene/16/cultures-specialisees-vergers-cultures-tropicales.json,1225,11
sirene/16/dechets-recyclage-assainissement.json,18262,128
sirene/16/demenagement.json,688,5
sirene/16/eau-potable-captage-traitement-distribution.json,2367,17
sirene/16/ebenisterie-meubles-restauration-de-meubles.json,1923,17
sirene/16/ecoles-de-sport-equitation.json,2329,19
sirene/16/ecoles-maternelles-et-elementaires.json,42244,298
sirene/16/electricite-du-batiment.json,12810,114
sirene/16/electronique-materiel-electrique.json,1855,15
sirene/16/elements-prefabriques-en-beton.json,624,6
sirene/16/elevage-bovin-ovin-caprin-porcin-volailles.json,14148,130
sirene/16/elevage-de-chevaux-haras.json,745,6
sirene/16/enseignement-culturel-conservatoires.json,1194,10
sirene/16/enseignes-signaletique-marquage.json,937,8
sirene/16/entrepots-logistique.json,4245,35
sirene/16/esthetique-soins-de-beaute.json,5943,52
sirene/16/fabrication-de-monnaies-medailles.json,3,0
sirene/16/fleuristes-jardineries.json,7718,64
sirene/16/fleurs-artificielles-parures-de-mode.json,3,0
sirene/16/fonderies.json,437,3
sirene/16/forets-travaux-forestiers.json,1385,12
sirene/16/froid-industriel-installation-de-machines.json,487,4
sirene/16/garages-carrosseries-voitures.json,24614,209
sirene/16/geometres-experts-topographie.json,1682,14
sirene/16/grossistes-en-fruits-et-legumes.json,1396,12
sirene/16/grossistes-en-poissons-crustaces-mollusques.json,144,1
sirene/16/grossistes-en-viandes.json,416,3
sirene/16/guides-offices-de-tourisme.json,953,7
sirene/16/handicap-foyers-esat-ime.json,10192,66
sirene/16/hopitaux-cliniques-laboratoires.json,12396,86
sirene/16/horticulture-maraichage-agriculture.json,25788,234
sirene/16/hotels.json,9818,82
sirene/16/imprimerie-prepresse-reliure.json,4862,40
sirene/16/industrie-agroalimentaire.json,1410,13
sirene/16/interim-recrutement.json,14357,117
sirene/16/laboratoires-d-analyses-et-d-essais.json,543,4
sirene/16/laboratoires-de-recherche-scientifique.json,1313,10
sirene/16/loisirs-animation.json,24546,176
sirene/16/magasins-specialises-bricolage-maison-sport-high-tech.json,28855,244
sirene/16/maintenance-d-equipements-ascenseurs.json,1800,15
sirene/16/mairies-administrations.json,80651,599
sirene/16/materiels-agricoles-engins-de-chantier.json,9550,82
sirene/16/menuiserie-agencement-serrurerie.json,18946,161
sirene/16/motos-scooters.json,2047,17
sirene/16/navigation-fluviale.json,234,2
sirene/16/navigation-maritime-plaisance-professionnelle.json,3,0
sirene/16/nettoyage-proprete.json,6489,56
sirene/16/objets-en-bois-liege-vannerie.json,1531,13
sirene/16/optique-photonique-instruments-de-mesure.json,222,2
sirene/16/parcs-naturels-jardins-botaniques-et-zoologiques.json,367,3
sirene/16/parfumerie-cosmetiques.json,2910,24
sirene/16/paysagistes-espaces-verts.json,8793,76
sirene/16/peche-professionnelle.json,3,0
sirene/16/peinture-platre-carrelage-sols-isolation.json,13908,122
sirene/16/personnes-agees-ehpad-residences.json,11578,82
sirene/16/pharmacie-optique-protheses.json,28912,234
sirene/16/photographie.json,253,2
sirene/16/plastique-verre-materiaux.json,2543,19
sirene/16/plomberie-chauffage-climatisation-froid.json,18222,153
sirene/16/poids-lourds-utilitaires.json,2763,22
sirene/16/poste-courrier.json,1348,13
sirene/16/pressing-blanchisserie-retouches.json,3502,29
sirene/16/primeur-fromagerie-epicerie-fine-cave.json,3863,33
sirene/16/production-et-distribution-d-energie.json,4947,44
sirene/16/publicite-design-graphique.json,4018,37
sirene/16/remontees-mecaniques-telepheriques.json,3,0
sirene/16/reparation-d-ordinateurs-et-de-telephones.json,1035,9
sirene/16/reparation-de-machines-et-d-electronique.json,6758,56
sirene/16/reseaux-electriques-et-telecoms.json,1605,14
sirene/16/restaurants.json,25936,229
sirene/16/restauration-collective-cantines-entreprises.json,4825,34
sirene/16/restauration-rapide.json,16276,145
sirene/16/scieries-preparation-du-bois.json,1958,17
sirene/16/secretariat-accueil-centres-d-appels.json,9942,81
sirene/16/securite-privee-surveillance.json,2342,20
sirene/16/services-a-l-elevage-marechalerie.json,309,3
sirene/16/services-informatiques-reseaux.json,3065,27
sirene/16/spectacle-musees-bibliotheques.json,9346,75
sirene/16/superettes-alimentation-generale.json,4507,38
sirene/16/supermarches-grandes-surfaces.json,10339,91
sirene/16/tapisserie-decoration-textile.json,844,7
sirene/16/telecommunications.json,950,8
sirene/16/traitement-des-dechets-dangereux.json,360,3
sirene/16/traiteurs.json,1756,14
sirene/16/transformation-de-poissons-crustaces-mollusques.json,3,0
sirene/16/transformation-de-viandes.json,1749,14
sirene/16/transport-de-marchandises-livraison.json,14169,119
sirene/16/transport-de-voyageurs.json,8077,63
sirene/16/travaux-agricoles-services-aux-cultures.json,11159,101
sirene/16/travaux-publics-routes-reseaux.json,10577,88
sirene/16/usinage-mecanique-outillage.json,3945,33
sirene/16/vetements-chaussures-accessoires.json,18773,162
sirene/16/veterinaires-soins-aux-animaux.json,6649,55
sirene/16/viticulture-vinification.json,80800,706
sirene/17/activites-sportives-dont-ecuries-de-course.json,3167,25
sirene/17/aeronautique.json,1392,12
sirene/17/agences-immobilieres-gestion-de-logements.json,63048,491
sirene/17/aide-a-domicile.json,22452,169
sirene/17/ambulances.json,6890,50
sirene/17/aquaculture-pisciculture-conchyliculture.json,32240,280
sirene/17/architectes.json,11942,100
sirene/17/armurerie-fabrication-d-armes.json,3,0
sirene/17/associations-animation-solidarite.json,31985,244
sirene/17/audiovisuel-cinema-son.json,4235,37
sirene/17/autres-elevages-dont-animaux-de-compagnie-apiculture.json,586,5
sirene/17/banques-assurances.json,33001,254
sirene/17/bateaux-nautisme.json,11909,98
sirene/17/bijouterie-horlogerie.json,2458,21
sirene/17/boucherie-charcuterie-poissonnerie.json,28043,230
sirene/17/boulangerie-patisserie.json,48159,401
sirene/17/bureaux-d-etudes-economistes-de-la-construction.json,33422,282
sirene/17/cafes-bars.json,25541,226
sirene/17/ceramique-verre-d-art-instruments-de-musique.json,458,4
sirene/17/chaudronnerie-soudure-structures-metalliques.json,5011,40
sirene/17/chimie-pharmacie-cosmetiques-papier.json,4153,35
sirene/17/chocolaterie-confiserie-glaces.json,3340,28
sirene/17/clubs-et-salles-de-sport.json,44016,348
sirene/17/coiffure.json,31812,274
sirene/17/commerce-de-gros-entre-entreprises.json,40887,333
sirene/17/comptabilite-conseil-gestion.json,79100,661
sirene/17/concessionnaires-vente-de-vehicules-et-pieces.json,33396,270
sirene/17/construction-de-navires.json,521,5
sirene/17/construction-maconnerie-gros-uvre.json,86248,728
sirene/17/couture-confection.json,1248,11
sirene/17/creches-petite-enfance.json,15936,117
sirene/17/cuir-maroquinerie-cordonnerie.json,1902,15
sirene/17/cultures-specialisees-vergers-cultures-tropicales.json,2396,21
sirene/17/dechets-recyclage-assainissement.json,16507,122
sirene/17/demenagement.json,1631,12
sirene/17/eau-potable-captage-traitement-distribution.json,3485,27
sirene/17/ebenisterie-meubles-restauration-de-meubles.json,3106,26
sirene/17/ecoles-de-sport-equitation.json,7073,58
sirene/17/ecoles-maternelles-et-elementaires.json,74504,509
sirene/17/electricite-du-batiment.json,29401,247
sirene/17/electronique-materiel-electrique.json,829,7
sirene/17/elements-prefabriques-en-beton.json,953,8
sirene/17/elevage-bovin-ovin-caprin-porcin-volailles.json,7985,73
sirene/17/elevage-de-chevaux-haras.json,1187,11
sirene/17/enseignement-culturel-conservatoires.json,3775,31
sirene/17/enseignes-signaletique-marquage.json,974,7
sirene/17/entrepots-logistique.json,7249,58
sirene/17/esthetique-soins-de-beaute.json,12333,104
sirene/17/fabrication-de-monnaies-medailles.json,3,0
sirene/17/fleuristes-jardineries.json,11448,96
sirene/17/fleurs-artificielles-parures-de-mode.json,203,2
sirene/17/fonderies.json,390,3
sirene/17/forets-travaux-forestiers.json,2691,23
sirene/17/froid-industriel-installation-de-machines.json,2487,21
sirene/17/garages-carrosseries-voitures.json,47991,400
sirene/17/geometres-experts-topographie.json,3480,29
sirene/17/grossistes-en-fruits-et-legumes.json,1384,11
sirene/17/grossistes-en-poissons-crustaces-mollusques.json,5800,51
sirene/17/grossistes-en-viandes.json,1043,8
sirene/17/guides-offices-de-tourisme.json,4940,32
sirene/17/handicap-foyers-esat-ime.json,14493,96
sirene/17/hopitaux-cliniques-laboratoires.json,23232,157
sirene/17/horticulture-maraichage-agriculture.json,56950,514
sirene/17/hotels.json,43431,355
sirene/17/imprimerie-prepresse-reliure.json,4648,40
sirene/17/industrie-agroalimentaire.json,4440,36
sirene/17/interim-recrutement.json,21162,170
sirene/17/laboratoires-d-analyses-et-d-essais.json,2076,14
sirene/17/laboratoires-de-recherche-scientifique.json,3225,25
sirene/17/loisirs-animation.json,40841,305
sirene/17/magasins-specialises-bricolage-maison-sport-high-tech.json,88962,739
sirene/17/maintenance-d-equipements-ascenseurs.json,4064,34
sirene/17/mairies-administrations.json,143663,1008
sirene/17/materiels-agricoles-engins-de-chantier.json,12294,104
sirene/17/menuiserie-agencement-serrurerie.json,45858,381
sirene/17/motos-scooters.json,5163,44
sirene/17/navigation-fluviale.json,236,2
sirene/17/navigation-maritime-plaisance-professionnelle.json,2257,18
sirene/17/nettoyage-proprete.json,17079,143
sirene/17/objets-en-bois-liege-vannerie.json,340,3
sirene/17/optique-photonique-instruments-de-mesure.json,228,2
sirene/17/parcs-naturels-jardins-botaniques-et-zoologiques.json,1207,9
sirene/17/parfumerie-cosmetiques.json,4786,40
sirene/17/paysagistes-espaces-verts.json,21282,176
sirene/17/peche-professionnelle.json,2986,24
sirene/17/peinture-platre-carrelage-sols-isolation.json,43216,371
sirene/17/personnes-agees-ehpad-residences.json,20365,148
sirene/17/pharmacie-optique-protheses.json,56850,468
sirene/17/photographie.json,2148,19
sirene/17/plastique-verre-materiaux.json,3533,27
sirene/17/plomberie-chauffage-climatisation-froid.json,37890,320
sirene/17/poids-lourds-utilitaires.json,3202,24
sirene/17/poste-courrier.json,1389,13
sirene/17/pressing-blanchisserie-retouches.json,10766,92
sirene/17/primeur-fromagerie-epicerie-fine-cave.json,12020,101
sirene/17/production-et-distribution-d-energie.json,4102,35
sirene/17/publicite-design-graphique.json,8516,76
sirene/17/remontees-mecaniques-telepheriques.json,3,0
sirene/17/reparation-d-ordinateurs-et-de-telephones.json,2156,16
sirene/17/reparation-de-machines-et-d-electronique.json,7519,62
sirene/17/reseaux-electriques-et-telecoms.json,1793,14
sirene/17/restaurants.json,83610,727
sirene/17/restauration-collective-cantines-entreprises.json,19191,121
sirene/17/restauration-rapide.json,49580,436
sirene/17/scieries-preparation-du-bois.json,3932,34
sirene/17/secretariat-accueil-centres-d-appels.json,23078,199
sirene/17/securite-privee-surveillance.json,4715,38
sirene/17/services-a-l-elevage-marechalerie.json,445,4
sirene/17/services-informatiques-reseaux.json,8813,81
sirene/17/spectacle-musees-bibliotheques.json,17697,146
sirene/17/superettes-alimentation-generale.json,13265,111
sirene/17/supermarches-grandes-surfaces.json,31963,268
sirene/17/tapisserie-decoration-textile.json,2486,21
sirene/17/telecommunications.json,2469,21
sirene/17/traitement-des-dechets-dangereux.json,544,4
sirene/17/traiteurs.json,5933,50
sirene/17/transformation-de-poissons-crustaces-mollusques.json,727,6
sirene/17/transformation-de-viandes.json,2373,19
sirene/17/transport-de-marchandises-livraison.json,21516,181
sirene/17/transport-de-voyageurs.json,13566,108
sirene/17/travaux-agricoles-services-aux-cultures.json,10360,95
sirene/17/travaux-publics-routes-reseaux.json,18685,156
sirene/17/usinage-mecanique-outillage.json,4592,37
sirene/17/vetements-chaussures-accessoires.json,57944,511
sirene/17/veterinaires-soins-aux-animaux.json,10785,89
sirene/17/viticulture-vinification.json,76151,688
sirene/18/activites-sportives-dont-ecuries-de-course.json,2422,20
sirene/18/aeronautique.json,385,3
sirene/18/agences-immobilieres-gestion-de-logements.json,19192,150
sirene/18/aide-a-domicile.json,7453,56
sirene/18/ambulances.json,4068,33
sirene/18/aquaculture-pisciculture-conchyliculture.json,116,1
sirene/18/architectes.json,2243,19
sirene/18/armurerie-fabrication-d-armes.json,581,5
sirene/18/associations-animation-solidarite.json,26099,183
sirene/18/audiovisuel-cinema-son.json,1005,9
sirene/18/autres-elevages-dont-animaux-de-compagnie-apiculture.json,233,2
sirene/18/banques-assurances.json,24496,194
sirene/18/bateaux-nautisme.json,3,0
sirene/18/bijouterie-horlogerie.json,1433,12
sirene/18/boucherie-charcuterie-poissonnerie.json,5864,50
sirene/18/boulangerie-patisserie.json,14302,123
sirene/18/bureaux-d-etudes-economistes-de-la-construction.json,8111,69
sirene/18/cafes-bars.json,6490,61
sirene/18/ceramique-verre-d-art-instruments-de-musique.json,495,4
sirene/18/chaudronnerie-soudure-structures-metalliques.json,2607,22
sirene/18/chimie-pharmacie-cosmetiques-papier.json,2401,18
sirene/18/chocolaterie-confiserie-glaces.json,698,6
sirene/18/clubs-et-salles-de-sport.json,16815,131
sirene/18/coiffure.json,12473,106
sirene/18/commerce-de-gros-entre-entreprises.json,13555,112
sirene/18/comptabilite-conseil-gestion.json,23028,189
sirene/18/concessionnaires-vente-de-vehicules-et-pieces.json,15185,126
sirene/18/construction-de-navires.json,3,0
sirene/18/construction-maconnerie-gros-uvre.json,26970,235
sirene/18/couture-confection.json,1022,9
sirene/18/creches-petite-enfance.json,6138,45
sirene/18/cuir-maroquinerie-cordonnerie.json,595,5
sirene/18/cultures-specialisees-vergers-cultures-tropicales.json,1681,15
sirene/18/dechets-recyclage-assainissement.json,17042,125
sirene/18/demenagement.json,982,8
sirene/18/eau-potable-captage-traitement-distribution.json,7846,57
sirene/18/ebenisterie-meubles-restauration-de-meubles.json,582,5
sirene/18/ecoles-de-sport-equitation.json,2808,22
sirene/18/ecoles-maternelles-et-elementaires.json,40451,291
sirene/18/electricite-du-batiment.json,9673,86
sirene/18/electronique-materiel-electrique.json,716,6
sirene/18/elements-prefabriques-en-beton.json,620,5
sirene/18/elevage-bovin-ovin-caprin-porcin-volailles.json,7319,70
sirene/18/elevage-de-chevaux-haras.json,797,7
sirene/18/enseignement-culturel-conservatoires.json,1856,14
sirene/18/enseignes-signaletique-marquage.json,572,5
sirene/18/entrepots-logistique.json,4131,34
sirene/18/esthetique-soins-de-beaute.json,2529,23
sirene/18/fabrication-de-monnaies-medailles.json,3,0
sirene/18/fleuristes-jardineries.json,4391,39
sirene/18/fleurs-artificielles-parures-de-mode.json,3,0
sirene/18/fonderies.json,375,3
sirene/18/forets-travaux-forestiers.json,3609,31
sirene/18/froid-industriel-installation-de-machines.json,1234,10
sirene/18/garages-carrosseries-voitures.json,16836,144
sirene/18/geometres-experts-topographie.json,566,5
sirene/18/grossistes-en-fruits-et-legumes.json,868,7
sirene/18/grossistes-en-poissons-crustaces-mollusques.json,102,1
sirene/18/grossistes-en-viandes.json,340,3
sirene/18/guides-offices-de-tourisme.json,1679,12
sirene/18/handicap-foyers-esat-ime.json,7861,54
sirene/18/hopitaux-cliniques-laboratoires.json,13516,96
sirene/18/horticulture-maraichage-agriculture.json,32570,306
sirene/18/hotels.json,10187,83
sirene/18/imprimerie-prepresse-reliure.json,1902,16
sirene/18/industrie-agroalimentaire.json,2120,19
sirene/18/interim-recrutement.json,14704,122
sirene/18/laboratoires-d-analyses-et-d-essais.json,3,0
sirene/18/laboratoires-de-recherche-scientifique.json,1088,9
sirene/18/loisirs-animation.json,17123,129
sirene/18/magasins-specialises-bricolage-maison-sport-high-tech.json,23338,200
sirene/18/maintenance-d-equipements-ascenseurs.json,2089,17
sirene/18/mairies-administrations.json,75541,560
sirene/18/materiels-agricoles-engins-de-chantier.json,5620,48
sirene/18/menuiserie-agencement-serrurerie.json,13102,113
sirene/18/motos-scooters.json,1821,16
sirene/18/navigation-fluviale.json,3,0
sirene/18/navigation-maritime-plaisance-professionnelle.json,3,0
sirene/18/nettoyage-proprete.json,3436,28
sirene/18/objets-en-bois-liege-vannerie.json,107,1
sirene/18/optique-photonique-instruments-de-mesure.json,238,2
sirene/18/parcs-naturels-jardins-botaniques-et-zoologiques.json,460,4
sirene/18/parfumerie-cosmetiques.json,1714,15
sirene/18/paysagistes-espaces-verts.json,6277,54
sirene/18/peche-professionnelle.json,3,0
sirene/18/peinture-platre-carrelage-sols-isolation.json,10442,92
sirene/18/personnes-agees-ehpad-residences.json,10010,73
sirene/18/pharmacie-optique-protheses.json,18982,157
sirene/18/photographie.json,203,2
sirene/18/plastique-verre-materiaux.json,1851,15
sirene/18/plomberie-chauffage-climatisation-froid.json,13453,113
sirene/18/poids-lourds-utilitaires.json,1498,12
sirene/18/poste-courrier.json,3,0
sirene/18/pressing-blanchisserie-retouches.json,780,6
sirene/18/primeur-fromagerie-epicerie-fine-cave.json,3738,30
sirene/18/production-et-distribution-d-energie.json,2915,27
sirene/18/publicite-design-graphique.json,2884,25
sirene/18/remontees-mecaniques-telepheriques.json,3,0
sirene/18/reparation-d-ordinateurs-et-de-telephones.json,1095,10
sirene/18/reparation-de-machines-et-d-electronique.json,4042,35
sirene/18/reseaux-electriques-et-telecoms.json,1576,13
sirene/18/restaurants.json,21313,193
sirene/18/restauration-collective-cantines-entreprises.json,7621,55
sirene/18/restauration-rapide.json,15384,137
sirene/18/scieries-preparation-du-bois.json,971,9
sirene/18/secretariat-accueil-centres-d-appels.json,5676,48
sirene/18/securite-privee-surveillance.json,1547,14
sirene/18/services-a-l-elevage-marechalerie.json,244,2
sirene/18/services-informatiques-reseaux.json,2231,19
sirene/18/spectacle-musees-bibliotheques.json,6361,53
sirene/18/superettes-alimentation-generale.json,3166,28
sirene/18/supermarches-grandes-surfaces.json,12473,110
sirene/18/tapisserie-decoration-textile.json,944,8
sirene/18/telecommunications.json,1406,12
sirene/18/traitement-des-dechets-dangereux.json,3,0
sirene/18/traiteurs.json,1141,10
sirene/18/transformation-de-poissons-crustaces-mollusques.json,3,0
sirene/18/transformation-de-viandes.json,1144,9
sirene/18/transport-de-marchandises-livraison.json,10336,88
sirene/18/transport-de-voyageurs.json,7074,56
sirene/18/travaux-agricoles-services-aux-cultures.json,5445,53
sirene/18/travaux-publics-routes-reseaux.json,6287,51
sirene/18/usinage-mecanique-outillage.json,6948,58
sirene/18/vetements-chaussures-accessoires.json,13262,118
sirene/18/veterinaires-soins-aux-animaux.json,4513,37
sirene/18/viticulture-vinification.json,19623,172
sirene/19/activites-sportives-dont-ecuries-de-course.json,1453,11
sirene/19/aeronautique.json,127,1
sirene/19/agences-immobilieres-gestion-de-logements.json,14837,122
sirene/19/aide-a-domicile.json,5165,40
sirene/19/ambulances.json,3623,28
sirene/19/aquaculture-pisciculture-conchyliculture.json,214,2
sirene/19/architectes.json,5075,42
sirene/19/armurerie-fabrication-d-armes.json,3,0
sirene/19/associations-animation-solidarite.json,16565,123
sirene/19/audiovisuel-cinema-son.json,902,7
sirene/19/autres-elevages-dont-animaux-de-compagnie-apiculture.json,476,4
sirene/19/banques-assurances.json,19184,148
sirene/19/bateaux-nautisme.json,106,1
sirene/19/bijouterie-horlogerie.json,367,3
sirene/19/boucherie-charcuterie-poissonnerie.json,5184,45
sirene/19/boulangerie-patisserie.json,12993,114
sirene/19/bureaux-d-etudes-economistes-de-la-construction.json,12569,104
sirene/19/cafes-bars.json,8103,71
sirene/19/ceramique-verre-d-art-instruments-de-musique.json,150,1
sirene/19/chaudronnerie-soudure-structures-metalliques.json,1417,12
sirene/19/chimie-pharmacie-cosmetiques-papier.json,1878,16
sirene/19/chocolaterie-confiserie-glaces.json,1138,8
sirene/19/clubs-et-salles-de-sport.json,14724,112
sirene/19/coiffure.json,9225,77
sirene/19/commerce-de-gros-entre-entreprises.json,13784,115
sirene/19/comptabilite-conseil-gestion.json,25800,212
sirene/19/concessionnaires-vente-de-vehicules-et-pieces.json,15580,130
sirene/19/construction-de-navires.json,3,0
sirene/19/construction-maconnerie-gros-uvre.json,23939,216
sirene/19/couture-confection.json,365,3
sirene/19/creches-petite-enfance.json,4126,28
sirene/19/cuir-maroquinerie-cordonnerie.json,527,4
sirene/19/cultures-specialisees-vergers-cultures-tropicales.json,3130,29
sirene/19/dechets-recyclage-assainissement.json,13532,97
sirene/19/demenagement.json,570,4
sirene/19/eau-potable-captage-traitement-distribution.json,9041,70
sirene/19/ebenisterie-meubles-restauration-de-meubles.json,1967,17
sirene/19/ecoles-de-sport-equitation.json,1529,13
sirene/19/ecoles-maternelles-et-elementaires.json,26530,198
sirene/19/electricite-du-batiment.json,9607,84
sirene/19/electronique-materiel-electrique.json,2226,16
sirene/19/elements-prefabriques-en-beton.json,743,6
sirene/19/elevage-bovin-ovin-caprin-porcin-volailles.json,16354,152
sirene/19/elevage-de-chevaux-haras.json,825,7
sirene/19/enseignement-culturel-conservatoires.json,504,4
sirene/19/enseignes-signaletique-marquage.json,133,1
sirene/19/entrepots-logistique.json,3085,26
sirene/19/esthetique-soins-de-beaute.json,3587,30
sirene/19/fabrication-de-monnaies-medailles.json,3,0
sirene/19/fleuristes-jardineries.json,5383,46
sirene/19/fleurs-artificielles-parures-de-mode.json,3,0
sirene/19/fonderies.json,321,3
sirene/19/forets-travaux-forestiers.json,6813,60
sirene/19/froid-industriel-installation-de-machines.json,618,5
sirene/19/garages-carrosseries-voitures.json,17777,154
sirene/19/geometres-experts-topographie.json,1229,10
sirene/19/grossistes-en-fruits-et-legumes.json,1620,14
sirene/19/grossistes-en-poissons-crustaces-mollusques.json,266,2
sirene/19/grossistes-en-viandes.json,907,8
sirene/19/guides-offices-de-tourisme.json,1721,12
sirene/19/handicap-foyers-esat-ime.json,11573,77
sirene/19/hopitaux-cliniques-laboratoires.json,11984,85
sirene/19/horticulture-maraichage-agriculture.json,2263,21
sirene/19/hotels.json,14579,122
sirene/19/imprimerie-prepresse-reliure.json,1597,13
sirene/19/industrie-agroalimentaire.json,4851,40
sirene/19/interim-recrutement.json,9922,82
sirene/19/laboratoires-d-analyses-et-d-essais.json,387,3
sirene/19/laboratoires-de-recherche-scientifique.json,956,7
sirene/19/loisirs-animation.json,20466,148
sirene/19/magasins-specialises-bricolage-maison-sport-high-tech.json,23969,202
sirene/19/maintenance-d-equipements-ascenseurs.json,1874,16
sirene/19/mairies-administrations.json,68274,490
sirene/19/materiels-agricoles-engins-de-chantier.json,6384,53
sirene/19/menuiserie-agencement-serrurerie.json,15640,136
sirene/19/motos-scooters.json,1608,14
sirene/19/navigation-fluviale.json,3,0
sirene/19/navigation-maritime-plaisance-professionnelle.json,3,0
sirene/19/nettoyage-proprete.json,4762,40
sirene/19/objets-en-bois-liege-vannerie.json,534,4
sirene/19/optique-photonique-instruments-de-mesure.json,146,1
sirene/19/parcs-naturels-jardins-botaniques-et-zoologiques.json,714,5
sirene/19/parfumerie-cosmetiques.json,1484,13
sirene/19/paysagistes-espaces-verts.json,6476,57
sirene/19/peche-professionnelle.json,3,0
sirene/19/peinture-platre-carrelage-sols-isolation.json,10875,97
sirene/19/personnes-agees-ehpad-residences.json,9463,68
sirene/19/pharmacie-optique-protheses.json,20996,172
sirene/19/photographie.json,1149,10
sirene/19/plastique-verre-materiaux.json,1090,9
sirene/19/plomberie-chauffage-climatisation-froid.json,17231,147
sirene/19/poids-lourds-utilitaires.json,901,8
sirene/19/poste-courrier.json,1034,10
sirene/19/pressing-blanchisserie-retouches.json,2898,25
sirene/19/primeur-fromagerie-epicerie-fine-cave.json,3279,29
sirene/19/production-et-distribution-d-energie.json,4750,42
sirene/19/publicite-design-graphique.json,2535,23
sirene/19/remontees-mecaniques-telepheriques.json,3,0
sirene/19/reparation-d-ordinateurs-et-de-telephones.json,564,5
sirene/19/reparation-de-machines-et-d-electronique.json,3559,30
sirene/19/reseaux-electriques-et-telecoms.json,1275,11
sirene/19/restaurants.json,20799,183
sirene/19/restauration-collective-cantines-entreprises.json,2134,15
sirene/19/restauration-rapide.json,15501,133
sirene/19/scieries-preparation-du-bois.json,3319,30
sirene/19/secretariat-accueil-centres-d-appels.json,7414,63
sirene/19/securite-privee-surveillance.json,1268,12
sirene/19/services-a-l-elevage-marechalerie.json,745,6
sirene/19/services-informatiques-reseaux.json,1970,18
sirene/19/spectacle-musees-bibliotheques.json,6414,51
sirene/19/superettes-alimentation-generale.json,3614,31
sirene/19/supermarches-grandes-surfaces.json,11732,104
sirene/19/tapisserie-decoration-textile.json,335,3
sirene/19/telecommunications.json,771,6
sirene/19/traitement-des-dechets-dangereux.json,3,0
sirene/19/traiteurs.json,2361,19
sirene/19/transformation-de-poissons-crustaces-mollusques.json,3,0
sirene/19/transformation-de-viandes.json,2071,17
sirene/19/transport-de-marchandises-livraison.json,12776,108
sirene/19/transport-de-voyageurs.json,7138,61
sirene/19/travaux-agricoles-services-aux-cultures.json,2180,18
sirene/19/travaux-publics-routes-reseaux.json,8871,79
sirene/19/usinage-mecanique-outillage.json,4863,41
sirene/19/vetements-chaussures-accessoires.json,16441,142
sirene/19/veterinaires-soins-aux-animaux.json,6144,49
sirene/19/viticulture-vinification.json,581,5
sirene/21/activites-sportives-dont-ecuries-de-course.json,3535,26
sirene/21/aeronautique.json,313,3
sirene/21/agences-immobilieres-gestion-de-logements.json,30173,254
sirene/21/aide-a-domicile.json,9717,76
sirene/21/ambulances.json,2772,22
sirene/21/aquaculture-pisciculture-conchyliculture.json,230,2
sirene/21/architectes.json,7263,65
sirene/21/armurerie-fabrication-d-armes.json,3,0
sirene/21/associations-animation-solidarite.json,51041,372
sirene/21/audiovisuel-cinema-son.json,1735,16
sirene/21/autres-elevages-dont-animaux-de-compagnie-apiculture.json,194,2
sirene/21/banques-assurances.json,38335,287
sirene/21/bateaux-nautisme.json,329,3
sirene/21/bijouterie-horlogerie.json,930,9
sirene/21/boucherie-charcuterie-poissonnerie.json,11486,101
sirene/21/boulangerie-patisserie.json,32272,284
sirene/21/bureaux-d-etudes-economistes-de-la-construction.json,25833,229
sirene/21/cafes-bars.json,15860,149
sirene/21/ceramique-verre-d-art-instruments-de-musique.json,600,4
sirene/21/chaudronnerie-soudure-structures-metalliques.json,3942,34
sirene/21/chimie-pharmacie-cosmetiques-papier.json,5364,44
sirene/21/chocolaterie-confiserie-glaces.json,1502,12
sirene/21/clubs-et-salles-de-sport.json,33027,256
sirene/21/coiffure.json,26365,235
sirene/21/commerce-de-gros-entre-entreprises.json,28244,240
sirene/21/comptabilite-conseil-gestion.json,62497,526
sirene/21/concessionnaires-vente-de-vehicules-et-pieces.json,24735,215
sirene/21/construction-de-navires.json,111,1
sirene/21/construction-maconnerie-gros-uvre.json,50386,446
sirene/21/couture-confection.json,1001,9
sirene/21/creches-petite-enfance.json,17183,132
sirene/21/cuir-maroquinerie-cordonnerie.json,711,6
sirene/21/cultures-specialisees-vergers-cultures-tropicales.json,1145,10
sirene/21/dechets-recyclage-assainissement.json,15773,121
sirene/21/demenagement.json,1073,9
sirene/21/eau-potable-captage-traitement-distribution.json,7537,54
sirene/21/ebenisterie-meubles-restauration-de-meubles.json,1982,17
sirene/21/ecoles-de-sport-equitation.json,2880,24
sirene/21/ecoles-maternelles-et-elementaires.json,74762,527
sirene/21/electricite-du-batiment.json,24897,216
sirene/21/electronique-materiel-electrique.json,2926,25
sirene/21/elements-prefabriques-en-beton.json,403,4
sirene/21/elevage-bovin-ovin-caprin-porcin-volailles.json,3791,35
sirene/21/elevage-de-chevaux-haras.json,566,5
sirene/21/enseignement-culturel-conservatoires.json,3213,25
sirene/21/enseignes-signaletique-marquage.json,739,6
sirene/21/entrepots-logistique.json,11719,95
sirene/21/esthetique-soins-de-beaute.json,9282,83
sirene/21/fabrication-de-monnaies-medailles.json,3,0
sirene/21/fleuristes-jardineries.json,9641,86
sirene/21/fleurs-artificielles-parures-de-mode.json,3,0
sirene/21/fonderies.json,115,1
sirene/21/forets-travaux-forestiers.json,5276,46
sirene/21/froid-industriel-installation-de-machines.json,1916,16
sirene/21/garages-carrosseries-voitures.json,32878,283
sirene/21/geometres-experts-topographie.json,1921,16
sirene/21/grossistes-en-fruits-et-legumes.json,1205,10
sirene/21/grossistes-en-poissons-crustaces-mollusques.json,3,0
sirene/21/grossistes-en-viandes.json,217,2
sirene/21/guides-offices-de-tourisme.json,4077,28
sirene/21/handicap-foyers-esat-ime.json,12913,87
sirene/21/hopitaux-cliniques-laboratoires.json,16362,119
sirene/21/horticulture-maraichage-agriculture.json,31941,295
sirene/21/hotels.json,29896,252
sirene/21/imprimerie-prepresse-reliure.json,4869,43
sirene/21/industrie-agroalimentaire.json,4452,37
sirene/21/interim-recrutement.json,22293,185
sirene/21/laboratoires-d-analyses-et-d-essais.json,1141,9
sirene/21/laboratoires-de-recherche-scientifique.json,5323,40
sirene/21/loisirs-animation.json,33142,244
sirene/21/magasins-specialises-bricolage-maison-sport-high-tech.json,44074,380
sirene/21/maintenance-d-equipements-ascenseurs.json,3296,29
sirene/21/mairies-administrations.json,122523,889
sirene/21/materiels-agricoles-engins-de-chantier.json,10161,90
sirene/21/menuiserie-agencement-serrurerie.json,29644,252
sirene/21/motos-scooters.json,2677,23
sirene/21/navigation-fluviale.json,557,5
sirene/21/navigation-maritime-plaisance-professionnelle.json,3,0
sirene/21/nettoyage-proprete.json,15782,141
sirene/21/objets-en-bois-liege-vannerie.json,536,5
sirene/21/optique-photonique-instruments-de-mesure.json,476,4
sirene/21/parcs-naturels-jardins-botaniques-et-zoologiques.json,942,6
sirene/21/parfumerie-cosmetiques.json,3478,29
sirene/21/paysagistes-espaces-verts.json,13724,121
sirene/21/peche-professionnelle.json,3,0
sirene/21/peinture-platre-carrelage-sols-isolation.json,30375,272
sirene/21/personnes-agees-ehpad-residences.json,12459,93
sirene/21/pharmacie-optique-protheses.json,39245,334
sirene/21/photographie.json,430,4
sirene/21/plastique-verre-materiaux.json,2784,24
sirene/21/plomberie-chauffage-climatisation-froid.json,30519,259
sirene/21/poids-lourds-utilitaires.json,1219,9
sirene/21/poste-courrier.json,196,2
sirene/21/pressing-blanchisserie-retouches.json,4484,36
sirene/21/primeur-fromagerie-epicerie-fine-cave.json,13917,116
sirene/21/production-et-distribution-d-energie.json,5429,45
sirene/21/publicite-design-graphique.json,6200,55
sirene/21/remontees-mecaniques-telepheriques.json,3,0
sirene/21/reparation-d-ordinateurs-et-de-telephones.json,1803,17
sirene/21/reparation-de-machines-et-d-electronique.json,6089,53
sirene/21/reseaux-electriques-et-telecoms.json,1310,11
sirene/21/restaurants.json,58958,539
sirene/21/restauration-collective-cantines-entreprises.json,5066,38
sirene/21/restauration-rapide.json,33859,311
sirene/21/scieries-preparation-du-bois.json,3232,27
sirene/21/secretariat-accueil-centres-d-appels.json,17869,155
sirene/21/securite-privee-surveillance.json,4102,35
sirene/21/services-a-l-elevage-marechalerie.json,847,7
sirene/21/services-informatiques-reseaux.json,9438,86
sirene/21/spectacle-musees-bibliotheques.json,14416,122
sirene/21/superettes-alimentation-generale.json,8749,77
sirene/21/supermarches-grandes-surfaces.json,19300,175
sirene/21/tapisserie-decoration-textile.json,1126,10
sirene/21/telecommunications.json,2885,26
sirene/21/traitement-des-dechets-dangereux.json,374,3
sirene/21/traiteurs.json,5144,46
sirene/21/transformation-de-poissons-crustaces-mollusques.json,270,2
sirene/21/transformation-de-viandes.json,940,8
sirene/21/transport-de-marchandises-livraison.json,24660,212
sirene/21/transport-de-voyageurs.json,10703,93
sirene/21/travaux-agricoles-services-aux-cultures.json,8103,72
sirene/21/travaux-publics-routes-reseaux.json,14933,127
sirene/21/usinage-mecanique-outillage.json,5738,49
sirene/21/vetements-chaussures-accessoires.json,30116,264
sirene/21/veterinaires-soins-aux-animaux.json,9918,82
sirene/21/viticulture-vinification.json,78331,653
sirene/22/activites-sportives-dont-ecuries-de-course.json,2495,20
sirene/22/aeronautique.json,457,4
sirene/22/agences-immobilieres-gestion-de-logements.json,33272,271
sirene/22/aide-a-domicile.json,14509,107
sirene/22/ambulances.json,8700,69
sirene/22/aquaculture-pisciculture-conchyliculture.json,7160,64
sirene/22/architectes.json,10235,88
sirene/22/armurerie-fabrication-d-armes.json,3,0
sirene/22/associations-animation-solidarite.json,34231,265
sirene/22/audiovisuel-cinema-son.json,2229,21
sirene/22/autres-elevages-dont-animaux-de-compagnie-apiculture.json,340,3
sirene/22/banques-assurances.json,42935,313
sirene/22/bateaux-nautisme.json,4065,34
sirene/22/bijouterie-horlogerie.json,198,2
sirene/22/boucherie-charcuterie-poissonnerie.json,16090,137
sirene/22/boulangerie-patisserie.json,33658,288
sirene/22/bureaux-d-etudes-economistes-de-la-construction.json,20633,180
sirene/22/cafes-bars.json,28073,253
sirene/22/ceramique-verre-d-art-instruments-de-musique.json,225,2
sirene/22/chaudronnerie-soudure-structures-metalliques.json,4416,34
sirene/22/chimie-pharmacie-cosmetiques-papier.json,3634,31
sirene/22/chocolaterie-confiserie-glaces.json,2925,24
sirene/22/clubs-et-salles-de-sport.json,49685,399
sirene/22/coiffure.json,24511,216
sirene/22/commerce-de-gros-entre-entreprises.json,29278,245
sirene/22/comptabilite-conseil-gestion.json,50090,410
sirene/22/concessionnaires-vente-de-vehicules-et-pieces.json,25670,215
sirene/22/construction-de-navires.json,203,2
sirene/22/construction-maconnerie-gros-uvre.json,70192,611
sirene/22/couture-confection.json,910,8
sirene/22/creches-petite-enfance.json,9015,68
sirene/22/cuir-maroquinerie-cordonnerie.json,945,8
sirene/22/cultures-specialisees-vergers-cultures-tropicales.json,1250,11
sirene/22/dechets-recyclage-assainissement.json,14716,115
sirene/22/demenagement.json,1261,11
sirene/22/eau-potable-captage-traitement-distribution.json,4896,38
sirene/22/ebenisterie-meubles-restauration-de-meubles.json,3271,28
sirene/22/ecoles-de-sport-equitation.json,5093,42
sirene/22/ecoles-maternelles-et-elementaires.json,54759,389
sirene/22/electricite-du-batiment.json,18658,161
sirene/22/electronique-materiel-electrique.json,1902,15
sirene/22/elements-prefabriques-en-beton.json,1497,13
sirene/22/elevage-bovin-ovin-caprin-porcin-volailles.json,110743,1043
sirene/22/elevage-de-chevaux-haras.json,1655,15
sirene/22/enseignement-culturel-conservatoires.json,6057,49
sirene/22/enseignes-signaletique-marquage.json,1466,11
sirene/22/entrepots-logistique.json,6743,56
sirene/22/esthetique-soins-de-beaute.json,5331,48
sirene/22/fabrication-de-monnaies-medailles.json,3,0
sirene/22/fleuristes-jardineries.json,11240,98
sirene/22/fleurs-artificielles-parures-de-mode.json,3,0
sirene/22/fonderies.json,223,2
sirene/22/forets-travaux-forestiers.json,3082,26
sirene/22/froid-industriel-installation-de-machines.json,2859,24
sirene/22/garages-carrosseries-voitures.json,39970,344
sirene/22/geometres-experts-topographie.json,2465,21
sirene/22/grossistes-en-fruits-et-legumes.json,3068,27
sirene/22/grossistes-en-poissons-crustaces-mollusques.json,1365,12
sirene/22/grossistes-en-viandes.json,742,6
sirene/22/guides-offices-de-tourisme.json,4204,33
sirene/22/handicap-foyers-esat-ime.json,12478,87
sirene/22/hopitaux-cliniques-laboratoires.json,16244,118
sirene/22/horticulture-maraichage-agriculture.json,31163,293
sirene/22/hotels.json,24873,205
sirene/22/imprimerie-prepresse-reliure.json,3459,28
sirene/22/industrie-agroalimentaire.json,9774,83
sirene/22/interim-recrutement.json,36169,303
sirene/22/laboratoires-d-analyses-et-d-essais.json,782,6
sirene/22/laboratoires-de-recherche-scientifique.json,3309,27
sirene/22/loisirs-animation.json,36698,277
sirene/22/magasins-specialises-bricolage-maison-sport-high-tech.json,60148,520
sirene/22/maintenance-d-equipements-ascenseurs.json,4427,36
sirene/22/mairies-administrations.json,97936,712
sirene/22/materiels-agricoles-engins-de-chantier.json,15401,135
sirene/22/menuiserie-agencement-serrurerie.json,36396,314
sirene/22/motos-scooters.json,3378,30
sirene/22/navigation-fluviale.json,91,1
sirene/22/navigation-maritime-plaisance-professionnelle.json,1666,14
sirene/22/nettoyage-proprete.json,10929,91
sirene/22/objets-en-bois-liege-vannerie.json,213,2
sirene/22/optique-photonique-instruments-de-mesure.json,916,8
sirene/22/parcs-naturels-jardins-botaniques-et-zoologiques.json,536,4
sirene/22/parfumerie-cosmetiques.json,4785,42
sirene/22/paysagistes-espaces-verts.json,25525,224
sirene/22/peche-professionnelle.json,6181,54
sirene/22/peinture-platre-carrelage-sols-isolation.json,33172,297
sirene/22/personnes-agees-ehpad-residences.json,22768,158
sirene/22/pharmacie-optique-protheses.json,42809,355
sirene/22/photographie.json,881,8
sirene/22/plastique-verre-materiaux.json,1844,15
sirene/22/plomberie-chauffage-climatisation-froid.json,29204,247
sirene/22/poids-lourds-utilitaires.json,2249,19
sirene/22/poste-courrier.json,921,9
sirene/22/pressing-blanchisserie-retouches.json,6144,51
sirene/22/primeur-fromagerie-epicerie-fine-cave.json,6542,58
sirene/22/production-et-distribution-d-energie.json,2770,24
sirene/22/publicite-design-graphique.json,8238,71
sirene/22/remontees-mecaniques-telepheriques.json,3,0
sirene/22/reparation-d-ordinateurs-et-de-telephones.json,2666,24
sirene/22/reparation-de-machines-et-d-electronique.json,7181,60
sirene/22/reseaux-electriques-et-telecoms.json,2188,18
sirene/22/restaurants.json,60629,546
sirene/22/restauration-collective-cantines-entreprises.json,9708,72
sirene/22/restauration-rapide.json,25577,228
sirene/22/scieries-preparation-du-bois.json,1583,14
sirene/22/secretariat-accueil-centres-d-appels.json,17415,150
sirene/22/securite-privee-surveillance.json,3224,28
sirene/22/services-a-l-elevage-marechalerie.json,3200,31
sirene/22/services-informatiques-reseaux.json,5585,52
sirene/22/spectacle-musees-bibliotheques.json,13135,112
sirene/22/superettes-alimentation-generale.json,10613,89
sirene/22/supermarches-grandes-surfaces.json,26073,233
sirene/22/tapisserie-decoration-textile.json,1424,12
sirene/22/telecommunications.json,1588,14
sirene/22/traitement-des-dechets-dangereux.json,3,0
sirene/22/traiteurs.json,3285,29
sirene/22/transformation-de-poissons-crustaces-mollusques.json,1797,14
sirene/22/transformation-de-viandes.json,4884,42
sirene/22/transport-de-marchandises-livraison.json,27509,239
sirene/22/transport-de-voyageurs.json,15691,126
sirene/22/travaux-agricoles-services-aux-cultures.json,9038,87
sirene/22/travaux-publics-routes-reseaux.json,18297,164
sirene/22/usinage-mecanique-outillage.json,4819,39
sirene/22/vetements-chaussures-accessoires.json,30229,270
sirene/22/veterinaires-soins-aux-animaux.json,13082,110
sirene/22/viticulture-vinification.json,112,1
sirene/23/activites-sportives-dont-ecuries-de-course.json,120,1
sirene/23/aeronautique.json,3,0
sirene/23/agences-immobilieres-gestion-de-logements.json,4932,43
sirene/23/aide-a-domicile.json,2778,20
sirene/23/ambulances.json,3696,29
sirene/23/aquaculture-pisciculture-conchyliculture.json,109,1
sirene/23/architectes.json,1178,9
sirene/23/armurerie-fabrication-d-armes.json,106,1
sirene/23/associations-animation-solidarite.json,11048,87
sirene/23/audiovisuel-cinema-son.json,445,4
sirene/23/autres-elevages-dont-animaux-de-compagnie-apiculture.json,225,2
sirene/23/banques-assurances.json,7720,56
sirene/23/bateaux-nautisme.json,3,0
sirene/23/bijouterie-horlogerie.json,3,0
sirene/23/boucherie-charcuterie-poissonnerie.json,2411,21
sirene/23/boulangerie-patisserie.json,5058,47
sirene/23/bureaux-d-etudes-economistes-de-la-construction.json,1929,18
sirene/23/cafes-bars.json,2375,22
sirene/23/ceramique-verre-d-art-instruments-de-musique.json,174,2
sirene/23/chaudronnerie-soudure-structures-metalliques.json,428,4
sirene/23/chimie-pharmacie-cosmetiques-papier.json,347,3
sirene/23/chocolaterie-confiserie-glaces.json,324,3
sirene/23/clubs-et-salles-de-sport.json,4097,32
sirene/23/coiffure.json,2772,25
sirene/23/commerce-de-gros-entre-entreprises.json,4708,41
sirene/23/comptabilite-conseil-gestion.json,7449,64
sirene/23/concessionnaires-vente-de-vehicules-et-pieces.json,5330,48
sirene/23/construction-de-navires.json,3,0
sirene/23/construction-maconnerie-gros-uvre.json,10629,96
sirene/23/couture-confection.json,357,3
sirene/23/creches-petite-enfance.json,1586,12
sirene/23/cuir-maroquinerie-cordonnerie.json,244,2
sirene/23/cultures-specialisees-vergers-cultures-tropicales.json,180,1
sirene/23/dechets-recyclage-assainissement.json,10975,81
sirene/23/demenagement.json,271,2
sirene/23/eau-potable-captage-traitement-distribution.json,8162,61
sirene/23/ebenisterie-meubles-restauration-de-meubles.json,417,4
sirene/23/ecoles-de-sport-equitation.json,253,2
sirene/23/ecoles-maternelles-et-elementaires.json,21155,154
sirene/23/electricite-du-batiment.json,3223,29
sirene/23/electronique-materiel-electrique.json,3,0
sirene/23/elements-prefabriques-en-beton.json,110,1
sirene/23/elevage-bovin-ovin-caprin-porcin-volailles.json,24573,242
sirene/23/elevage-de-chevaux-haras.json,194,2
sirene/23/enseignement-culturel-conservatoires.json,414,4
sirene/23/enseignes-signaletique-marquage.json,3,0
sirene/23/entrepots-logistique.json,204,2
sirene/23/esthetique-soins-de-beaute.json,1078,10
sirene/23/fabrication-de-monnaies-medailles.json,3,0
sirene/23/fleuristes-jardineries.json,4071,36
sirene/23/fleurs-artificielles-parures-de-mode.json,3,0
sirene/23/fonderies.json,102,1
sirene/23/forets-travaux-forestiers.json,5874,50
sirene/23/garages-carrosseries-voitures.json,7259,65
sirene/23/geometres-experts-topographie.json,311,3
sirene/23/grossistes-en-fruits-et-legumes.json,3,0
sirene/23/grossistes-en-poissons-crustaces-mollusques.json,3,0
sirene/23/grossistes-en-viandes.json,88,1
sirene/23/guides-offices-de-tourisme.json,1361,10
sirene/23/handicap-foyers-esat-ime.json,6359,41
sirene/23/hopitaux-cliniques-laboratoires.json,7623,51
sirene/23/horticulture-maraichage-agriculture.json,3131,29
sirene/23/hotels.json,5198,45
sirene/23/imprimerie-prepresse-reliure.json,101,1
sirene/23/industrie-agroalimentaire.json,772,7
sirene/23/interim-recrutement.json,3703,29
sirene/23/laboratoires-d-analyses-et-d-essais.json,3,0
sirene/23/laboratoires-de-recherche-scientifique.json,129,1
sirene/23/loisirs-animation.json,9632,70
sirene/23/magasins-specialises-bricolage-maison-sport-high-tech.json,7731,70
sirene/23/maintenance-d-equipements-ascenseurs.json,352,3
sirene/23/mairies-administrations.json,57661,438
sirene/23/materiels-agricoles-engins-de-chantier.json,4534,42
sirene/23/menuiserie-agencement-serrurerie.json,6792,62
sirene/23/motos-scooters.json,384,3
sirene/23/navigation-fluviale.json,3,0
sirene/23/navigation-maritime-plaisance-professionnelle.json,3,0
sirene/23/nettoyage-proprete.json,1321,12
sirene/23/objets-en-bois-liege-vannerie.json,3,0
sirene/23/optique-photonique-instruments-de-mesure.json,103,1
sirene/23/parcs-naturels-jardins-botaniques-et-zoologiques.json,154,1
sirene/23/parfumerie-cosmetiques.json,436,4
sirene/23/paysagistes-espaces-verts.json,1929,17
sirene/23/peche-professionnelle.json,3,0
sirene/23/peinture-platre-carrelage-sols-isolation.json,3285,30
sirene/23/personnes-agees-ehpad-residences.json,6255,43
sirene/23/pharmacie-optique-protheses.json,8201,72
sirene/23/photographie.json,3,0
sirene/23/plastique-verre-materiaux.json,382,4
sirene/23/plomberie-chauffage-climatisation-froid.json,6654,60
sirene/23/poids-lourds-utilitaires.json,3,0
sirene/23/poste-courrier.json,2150,21
sirene/23/pressing-blanchisserie-retouches.json,637,5
sirene/23/primeur-fromagerie-epicerie-fine-cave.json,880,7
sirene/23/production-et-distribution-d-energie.json,4496,41
sirene/23/publicite-design-graphique.json,541,5
sirene/23/remontees-mecaniques-telepheriques.json,3,0
sirene/23/reparation-d-ordinateurs-et-de-telephones.json,98,1
sirene/23/reparation-de-machines-et-d-electronique.json,1115,10
sirene/23/reseaux-electriques-et-telecoms.json,610,5
sirene/23/restaurants.json,6689,60
sirene/23/restauration-collective-cantines-entreprises.json,898,7
sirene/23/restauration-rapide.json,3603,33
sirene/23/scieries-preparation-du-bois.json,1022,9
sirene/23/secretariat-accueil-centres-d-appels.json,1730,15
sirene/23/securite-privee-surveillance.json,312,3
sirene/23/services-a-l-elevage-marechalerie.json,199,2
sirene/23/services-informatiques-reseaux.json,407,4
sirene/23/spectacle-musees-bibliotheques.json,3633,30
sirene/23/superettes-alimentation-generale.json,797,7
sirene/23/supermarches-grandes-surfaces.json,5250,50
sirene/23/tapisserie-decoration-textile.json,931,8
sirene/23/telecommunications.json,344,3
sirene/23/traitement-des-dechets-dangereux.json,3,0
sirene/23/traiteurs.json,194,2
sirene/23/transformation-de-poissons-crustaces-mollusques.json,3,0
sirene/23/transformation-de-viandes.json,807,7
sirene/23/transport-de-marchandises-livraison.json,3081,27
sirene/23/transport-de-voyageurs.json,5614,48
sirene/23/travaux-agricoles-services-aux-cultures.json,1703,16
sirene/23/travaux-publics-routes-reseaux.json,3217,26
sirene/23/usinage-mecanique-outillage.json,1630,14
sirene/23/vetements-chaussures-accessoires.json,3165,30
sirene/23/veterinaires-soins-aux-animaux.json,2365,20
sirene/23/viticulture-vinification.json,3,0
sirene/24/activites-sportives-dont-ecuries-de-course.json,1439,11
sirene/24/aeronautique.json,3,0
sirene/24/agences-immobilieres-gestion-de-logements.json,22214,184
sirene/24/aide-a-domicile.json,12137,90
sirene/24/ambulances.json,6775,53
sirene/24/aquaculture-pisciculture-conchyliculture.json,789,7
sirene/24/architectes.json,4866,41
sirene/24/armurerie-fabrication-d-armes.json,360,3
sirene/24/associations-animation-solidarite.json,21862,166
sirene/24/audiovisuel-cinema-son.json,1744,14
sirene/24/autres-elevages-dont-animaux-de-compagnie-apiculture.json,579,5
sirene/24/banques-assurances.json,18814,142
sirene/24/bateaux-nautisme.json,3,0
sirene/24/bijouterie-horlogerie.json,851,7
sirene/24/boucherie-charcuterie-poissonnerie.json,9260,80
sirene/24/boulangerie-patisserie.json,22790,196
sirene/24/bureaux-d-etudes-economistes-de-la-construction.json,10469,88
sirene/24/cafes-bars.json,12172,108
sirene/24/ceramique-verre-d-art-instruments-de-musique.json,1099,8
sirene/24/chaudronnerie-soudure-structures-metalliques.json,3790,33
sirene/24/chimie-pharmacie-cosmetiques-papier.json,3589,31
sirene/24/chocolaterie-confiserie-glaces.json,1322,11
sirene/24/clubs-et-salles-de-sport.json,22064,170
sirene/24/coiffure.json,15182,133
sirene/24/commerce-de-gros-entre-entreprises.json,21659,176
sirene/24/comptabilite-conseil-gestion.json,41349,329
sirene/24/concessionnaires-vente-de-vehicules-et-pieces.json,22329,183
sirene/24/construction-de-navires.json,3,0
sirene/24/construction-maconnerie-gros-uvre.json,57166,490
sirene/24/couture-confection.json,491,4
sirene/24/creches-petite-enfance.json,6325,49
sirene/24/cuir-maroquinerie-cordonnerie.json,2537,20
sirene/24/cultures-specialisees-vergers-cultures-tropicales.json,6782,61
sirene/24/dechets-recyclage-assainissement.json,16853,120
sirene/24/demenagement.json,1390,8
sirene/24/eau-potable-captage-traitement-distribution.json,5791,41
sirene/24/ebenisterie-meubles-restauration-de-meubles.json,2096,18
sirene/24/ecoles-de-sport-equitation.json,2248,19
sirene/24/ecoles-maternelles-et-elementaires.json,42001,305
sirene/24/electricite-du-batiment.json,16709,142
sirene/24/electronique-materiel-electrique.json,905,7
sirene/24/elements-prefabriques-en-beton.json,1405,11
sirene/24/elevage-bovin-ovin-caprin-porcin-volailles.json,28159,253
sirene/24/elevage-de-chevaux-haras.json,650,5
sirene/24/enseignement-culturel-conservatoires.json,1941,16
sirene/24/enseignes-signaletique-marquage.json,3,0
sirene/24/entrepots-logistique.json,4461,36
sirene/24/esthetique-soins-de-beaute.json,5630,49
sirene/24/fabrication-de-monnaies-medailles.json,3,0
sirene/24/fleuristes-jardineries.json,9899,81
sirene/24/fleurs-artificielles-parures-de-mode.json,3,0
sirene/24/fonderies.json,235,2
sirene/24/forets-travaux-forestiers.json,6238,54
sirene/24/froid-industriel-installation-de-machines.json,737,6
sirene/24/garages-carrosseries-voitures.json,28823,242
sirene/24/geometres-experts-topographie.json,2940,22
sirene/24/grossistes-en-fruits-et-legumes.json,3582,30
sirene/24/grossistes-en-poissons-crustaces-mollusques.json,115,1
sirene/24/grossistes-en-viandes.json,799,6
sirene/24/guides-offices-de-tourisme.json,3792,27
sirene/24/handicap-foyers-esat-ime.json,10231,74
sirene/24/hopitaux-cliniques-laboratoires.json,13681,101
sirene/24/horticulture-maraichage-agriculture.json,18928,165
sirene/24/hotels.json,32305,267
sirene/24/imprimerie-prepresse-reliure.json,3501,29
sirene/24/industrie-agroalimentaire.json,7076,58
sirene/24/interim-recrutement.json,16590,131
sirene/24/laboratoires-d-analyses-et-d-essais.json,452,3
sirene/24/laboratoires-de-recherche-scientifique.json,1479,12
sirene/24/loisirs-animation.json,31139,235
sirene/24/magasins-specialises-bricolage-maison-sport-high-tech.json,45037,371
sirene/24/maintenance-d-equipements-ascenseurs.json,1703,15
sirene/24/mairies-administrations.json,116848,820
sirene/24/materiels-agricoles-engins-de-chantier.json,10574,87
sirene/24/menuiserie-agencement-serrurerie.json,22375,186
sirene/24/motos-scooters.json,3636,30
sirene/24/navigation-fluviale.json,149,1
sirene/24/navigation-maritime-plaisance-professionnelle.json,3,0
sirene/24/nettoyage-proprete.json,7805,64
sirene/24/objets-en-bois-liege-vannerie.json,375,3
sirene/24/optique-photonique-instruments-de-mesure.json,220,2
sirene/24/parcs-naturels-jardins-botaniques-et-zoologiques.json,1115,7
sirene/24/parfumerie-cosmetiques.json,2742,22
sirene/24/paysagistes-espaces-verts.json,9407,80
sirene/24/peche-professionnelle.json,3,0
sirene/24/peinture-platre-carrelage-sols-isolation.json,23292,202
sirene/24/personnes-agees-ehpad-residences.json,15148,109
sirene/24/pharmacie-optique-protheses.json,35387,290
sirene/24/photographie.json,1223,10
sirene/24/plastique-verre-materiaux.json,1787,15
sirene/24/plomberie-chauffage-climatisation-froid.json,21100,180
sirene/24/poids-lourds-utilitaires.json,1804,14
sirene/24/poste-courrier.json,1560,15
sirene/24/pressing-blanchisserie-retouches.json,3686,32
sirene/24/primeur-fromagerie-epicerie-fine-cave.json,5164,43
sirene/24/production-et-distribution-d-energie.json,5591,45
sirene/24/publicite-design-graphique.json,3047,26
sirene/24/remontees-mecaniques-telepheriques.json,3,0
sirene/24/reparation-d-ordinateurs-et-de-telephones.json,1470,13
sirene/24/reparation-de-machines-et-d-electronique.json,3927,31
sirene/24/reseaux-electriques-et-telecoms.json,2791,24
sirene/24/restaurants.json,48287,427
sirene/24/restauration-collective-cantines-entreprises.json,4347,31
sirene/24/restauration-rapide.json,26372,229
sirene/24/scieries-preparation-du-bois.json,3951,33
sirene/24/secretariat-accueil-centres-d-appels.json,8891,75
sirene/24/securite-privee-surveillance.json,1256,10
sirene/24/services-a-l-elevage-marechalerie.json,274,2
sirene/24/services-informatiques-reseaux.json,2965,27
sirene/24/spectacle-musees-bibliotheques.json,12308,99
sirene/24/superettes-alimentation-generale.json,7986,66
sirene/24/supermarches-grandes-surfaces.json,19567,170
sirene/24/tapisserie-decoration-textile.json,710,6
sirene/24/telecommunications.json,873,8
sirene/24/traitement-des-dechets-dangereux.json,3,0
sirene/24/traiteurs.json,2177,18
sirene/24/transformation-de-poissons-crustaces-mollusques.json,3,0
sirene/24/transformation-de-viandes.json,4183,36
sirene/24/transport-de-marchandises-livraison.json,13923,114
sirene/24/transport-de-voyageurs.json,12126,97
sirene/24/travaux-agricoles-services-aux-cultures.json,4498,38
sirene/24/travaux-publics-routes-reseaux.json,15947,134
sirene/24/usinage-mecanique-outillage.json,4138,35
sirene/24/vetements-chaussures-accessoires.json,23071,202
sirene/24/veterinaires-soins-aux-animaux.json,9549,75
sirene/24/viticulture-vinification.json,16003,140
sirene/25/activites-sportives-dont-ecuries-de-course.json,3410,23
sirene/25/aeronautique.json,3,0
sirene/25/agences-immobilieres-gestion-de-logements.json,30238,248
sirene/25/aide-a-domicile.json,23196,185
sirene/25/ambulances.json,4085,28
sirene/25/aquaculture-pisciculture-conchyliculture.json,499,4
sirene/25/architectes.json,4829,42
sirene/25/armurerie-fabrication-d-armes.json,126,1
sirene/25/associations-animation-solidarite.json,49933,366
sirene/25/audiovisuel-cinema-son.json,1745,15
sirene/25/autres-elevages-dont-animaux-de-compagnie-apiculture.json,494,4
sirene/25/banques-assurances.json,29680,232
sirene/25/bateaux-nautisme.json,179,1
sirene/25/bijouterie-horlogerie.json,3384,30
sirene/25/boucherie-charcuterie-poissonnerie.json,11171,96
sirene/25/boulangerie-patisserie.json,28416,251
sirene/25/bureaux-d-etudes-economistes-de-la-construction.json,23136,205
sirene/25/cafes-bars.json,12010,110
sirene/25/ceramique-verre-d-art-instruments-de-musique.json,3,0
sirene/25/chaudronnerie-soudure-structures-metalliques.json,3977,34
sirene/25/chimie-pharmacie-cosmetiques-papier.json,2221,19
sirene/25/chocolaterie-confiserie-glaces.json,982,8
sirene/25/clubs-et-salles-de-sport.json,32802,262
sirene/25/coiffure.json,24824,223
sirene/25/commerce-de-gros-entre-entreprises.json,27067,234
sirene/25/comptabilite-conseil-gestion.json,48636,404
sirene/25/concessionnaires-vente-de-vehicules-et-pieces.json,25027,215
sirene/25/construction-de-navires.json,3,0
sirene/25/construction-maconnerie-gros-uvre.json,43747,391
sirene/25/couture-confection.json,403,4
sirene/25/creches-petite-enfance.json,22166,176
sirene/25/cuir-maroquinerie-cordonnerie.json,1880,15
sirene/25/cultures-specialisees-vergers-cultures-tropicales.json,215,2
sirene/25/dechets-recyclage-assainissement.json,19602,145
sirene/25/demenagement.json,1147,10
sirene/25/eau-potable-captage-traitement-distribution.json,8453,64
sirene/25/ebenisterie-meubles-restauration-de-meubles.json,2223,19
sirene/25/ecoles-de-sport-equitation.json,2270,20
sirene/25/ecoles-maternelles-et-elementaires.json,68007,496
sirene/25/electricite-du-batiment.json,14958,134
sirene/25/electronique-materiel-electrique.json,3183,27
sirene/25/elements-prefabriques-en-beton.json,1588,13
sirene/25/elevage-bovin-ovin-caprin-porcin-volailles.json,38880,329
sirene/25/elevage-de-chevaux-haras.json,1189,10
sirene/25/enseignement-culturel-conservatoires.json,3543,29
sirene/25/enseignes-signaletique-marquage.json,1462,11
sirene/25/entrepots-logistique.json,9405,80
sirene/25/esthetique-soins-de-beaute.json,8213,77
sirene/25/fabrication-de-monnaies-medailles.json,3,0
sirene/25/fleuristes-jardineries.json,8482,74
sirene/25/fleurs-artificielles-parures-de-mode.json,110,1
sirene/25/fonderies.json,611,5
sirene/25/forets-travaux-forestiers.json,20527,170
sirene/25/froid-industriel-installation-de-machines.json,2707,24
sirene/25/garages-carrosseries-voitures.json,35353,309
sirene/25/geometres-experts-topographie.json,2144,18
sirene/25/grossistes-en-fruits-et-legumes.json,226,2
sirene/25/grossistes-en-poissons-crustaces-mollusques.json,111,1
sirene/25/grossistes-en-viandes.json,429,4
sirene/25/guides-offices-de-tourisme.json,2527,19
sirene/25/handicap-foyers-esat-ime.json,12168,87
sirene/25/hopitaux-cliniques-laboratoires.json,15538,108
sirene/25/horticulture-maraichage-agriculture.json,17877,152
sirene/25/hotels.json,17075,142
sirene/25/imprimerie-prepresse-reliure.json,3780,31
sirene/25/industrie-agroalimentaire.json,18492,147
sirene/25/interim-recrutement.json,15940,136
sirene/25/laboratoires-d-analyses-et-d-essais.json,845,7
sirene/25/laboratoires-de-recherche-scientifique.json,3896,34
sirene/25/loisirs-animation.json,33336,251
sirene/25/magasins-specialises-bricolage-maison-sport-high-tech.json,51903,454
sirene/25/maintenance-d-equipements-ascenseurs.json,2223,19
sirene/25/mairies-administrations.json,112854,845
sirene/25/materiels-agricoles-engins-de-chantier.json,7869,70
sirene/25/menuiserie-agencement-serrurerie.json,32419,289
sirene/25/motos-scooters.json,3294,30
sirene/25/navigation-fluviale.json,386,2
sirene/25/navigation-maritime-plaisance-professionnelle.json,3,0
sirene/25/nettoyage-proprete.json,10163,91
sirene/25/objets-en-bois-liege-vannerie.json,448,4
sirene/25/optique-photonique-instruments-de-mesure.json,1170,11
sirene/25/parcs-naturels-jardins-botaniques-et-zoologiques.json,584,4
sirene/25/parfumerie-cosmetiques.json,4321,38
sirene/25/paysagistes-espaces-verts.json,10847,97
sirene/25/peche-professionnelle.json,3,0
sirene/25/peinture-platre-carrelage-sols-isolation.json,21706,194
sirene/25/personnes-agees-ehpad-residences.json,13589,107
sirene/25/pharmacie-optique-protheses.json,42812,366
sirene/25/photographie.json,620,5
sirene/25/plastique-verre-materiaux.json,3801,34
sirene/25/plomberie-chauffage-climatisation-froid.json,22301,186
sirene/25/poids-lourds-utilitaires.json,2345,19
sirene/25/poste-courrier.json,1715,17
sirene/25/pressing-blanchisserie-retouches.json,2889,25
sirene/25/primeur-fromagerie-epicerie-fine-cave.json,5753,51
sirene/25/production-et-distribution-d-energie.json,4788,39
sirene/25/publicite-design-graphique.json,4414,40
sirene/25/remontees-mecaniques-telepheriques.json,656,5
sirene/25/reparation-d-ordinateurs-et-de-telephones.json,2605,23
sirene/25/reparation-de-machines-et-d-electronique.json,6990,60
sirene/25/reseaux-electriques-et-telecoms.json,946,8
sirene/25/restaurants.json,47803,434
sirene/25/restauration-collective-cantines-entreprises.json,4394,31
sirene/25/restauration-rapide.json,32532,298
sirene/25/scieries-preparation-du-bois.json,5941,54
sirene/25/secretariat-accueil-centres-d-appels.json,9768,87
sirene/25/securite-privee-surveillance.json,3879,31
sirene/25/services-a-l-elevage-marechalerie.json,729,6
sirene/25/services-informatiques-reseaux.json,6015,56
sirene/25/spectacle-musees-bibliotheques.json,16419,139
sirene/25/superettes-alimentation-generale.json,12355,106
sirene/25/supermarches-grandes-surfaces.json,21324,196
sirene/25/tapisserie-decoration-textile.json,1448,12
sirene/25/telecommunications.json,2274,19
sirene/25/traitement-des-dechets-dangereux.json,162,1
sirene/25/traiteurs.json,1808,15
sirene/25/transformation-de-poissons-crustaces-mollusques.json,219,2
sirene/25/transformation-de-viandes.json,1338,11
sirene/25/transport-de-marchandises-livraison.json,20377,174
sirene/25/transport-de-voyageurs.json,10082,86
sirene/25/travaux-agricoles-services-aux-cultures.json,1796,16
sirene/25/travaux-publics-routes-reseaux.json,17141,148
sirene/25/usinage-mecanique-outillage.json,17372,152
sirene/25/vetements-chaussures-accessoires.json,33481,298
sirene/25/veterinaires-soins-aux-animaux.json,8542,74
sirene/25/viticulture-vinification.json,256,2
sirene/26/activites-sportives-dont-ecuries-de-course.json,2777,24
sirene/26/aeronautique.json,1312,10
sirene/26/agences-immobilieres-gestion-de-logements.json,29673,251
sirene/26/aide-a-domicile.json,16238,126
sirene/26/ambulances.json,3914,32
sirene/26/aquaculture-pisciculture-conchyliculture.json,947,8
sirene/26/architectes.json,9685,84
sirene/26/armurerie-fabrication-d-armes.json,433,4
sirene/26/associations-animation-solidarite.json,40851,319
sirene/26/audiovisuel-cinema-son.json,5726,51
sirene/26/autres-elevages-dont-animaux-de-compagnie-apiculture.json,748,6
sirene/26/banques-assurances.json,22275,163
sirene/26/bateaux-nautisme.json,134,1
sirene/26/bijouterie-horlogerie.json,2168,18
sirene/26/boucherie-charcuterie-poissonnerie.json,10418,88
sirene/26/boulangerie-patisserie.json,32210,275
sirene/26/bureaux-d-etudes-economistes-de-la-construction.json,35330,293
sirene/26/cafes-bars.json,14397,127
sirene/26/ceramique-verre-d-art-instruments-de-musique.json,861,7
sirene/26/chaudronnerie-soudure-structures-metalliques.json,5431,44
sirene/26/chimie-pharmacie-cosmetiques-papier.json,7237,59
sirene/26/chocolaterie-confiserie-glaces.json,4053,33
sirene/26/clubs-et-salles-de-sport.json,39090,295
sirene/26/coiffure.json,22831,200
sirene/26/commerce-de-gros-entre-entreprises.json,47617,386
sirene/26/comptabilite-conseil-gestion.json,72302,593
sirene/26/concessionnaires-vente-de-vehicules-et-pieces.json,35010,291
sirene/26/construction-de-navires.json,112,1
sirene/26/construction-maconnerie-gros-uvre.json,65071,557
sirene/26/couture-confection.json,1115,9
sirene/26/creches-petite-enfance.json,27141,199
sirene/26/cuir-maroquinerie-cordonnerie.json,4264,36
sirene/26/cultures-specialisees-vergers-cultures-tropicales.json,18100,157
sirene/26/dechets-recyclage-assainissement.json,17164,129
sirene/26/demenagement.json,1683,13
sirene/26/eau-potable-captage-traitement-distribution.json,9142,66
sirene/26/ebenisterie-meubles-restauration-de-meubles.json,3327,28
sirene/26/ecoles-de-sport-equitation.json,2680,24
sirene/26/ecoles-maternelles-et-elementaires.json,64200,439
sirene/26/electricite-du-batiment.json,28243,241
sirene/26/electronique-materiel-electrique.json,3501,30
sirene/26/elements-prefabriques-en-beton.json,2890,27
sirene/26/elevage-bovin-ovin-caprin-porcin-volailles.json,9241,84
sirene/26/elevage-de-chevaux-haras.json,993,8
sirene/26/enseignement-culturel-conservatoires.json,4435,36
sirene/26/enseignes-signaletique-marquage.json,1344,10
sirene/26/entrepots-logistique.json,15084,119
sirene/26/esthetique-soins-de-beaute.json,8748,74
sirene/26/fabrication-de-monnaies-medailles.json,3,0
sirene/26/fleuristes-jardineries.json,6938,56
sirene/26/fleurs-artificielles-parures-de-mode.json,99,1
sirene/26/fonderies.json,544,5
sirene/26/forets-travaux-forestiers.json,2225,19
sirene/26/froid-industriel-installation-de-machines.json,2754,23
sirene/26/garages-carrosseries-voitures.json,42374,352
sirene/26/geometres-experts-topographie.json,2695,21
sirene/26/grossistes-en-fruits-et-legumes.json,7942,67
sirene/26/grossistes-en-poissons-crustaces-mollusques.json,3,0
sirene/26/grossistes-en-viandes.json,259,2
sirene/26/guides-offices-de-tourisme.json,2723,19
sirene/26/handicap-foyers-esat-ime.json,18413,120
sirene/26/hopitaux-cliniques-laboratoires.json,16838,122
sirene/26/horticulture-maraichage-agriculture.json,19987,179
sirene/26/hotels.json,27559,229
sirene/26/imprimerie-prepresse-reliure.json,5616,47
sirene/26/industrie-agroalimentaire.json,7044,60
sirene/26/interim-recrutement.json,18063,145
sirene/26/laboratoires-d-analyses-et-d-essais.json,1521,11
sirene/26/laboratoires-de-recherche-scientifique.json,3267,23
sirene/26/loisirs-animation.json,36919,275
sirene/26/magasins-specialises-bricolage-maison-sport-high-tech.json,55131,461
sirene/26/maintenance-d-equipements-ascenseurs.json,4496,36
sirene/26/mairies-administrations.json,77668,550
sirene/26/materiels-agricoles-engins-de-chantier.json,10668,89
sirene/26/menuiserie-agencement-serrurerie.json,31991,265
sirene/26/motos-scooters.json,3133,27
sirene/26/navigation-fluviale.json,3,0
sirene/26/navigation-maritime-plaisance-professionnelle.json,3,0
sirene/26/nettoyage-proprete.json,14434,125
sirene/26/objets-en-bois-liege-vannerie.json,487,4
sirene/26/optique-photonique-instruments-de-mesure.json,378,3
sirene/26/parcs-naturels-jardins-botaniques-et-zoologiques.json,1189,9
sirene/26/parfumerie-cosmetiques.json,4291,35
sirene/26/paysagistes-espaces-verts.json,13565,114
sirene/26/peche-professionnelle.json,133,1
sirene/26/peinture-platre-carrelage-sols-isolation.json,31997,269
sirene/26/personnes-agees-ehpad-residences.json,11305,84
sirene/26/pharmacie-optique-protheses.json,49390,393
sirene/26/photographie.json,815,7
sirene/26/plastique-verre-materiaux.json,6093,49
sirene/26/plomberie-chauffage-climatisation-froid.json,35528,294
sirene/26/poids-lourds-utilitaires.json,3299,27
sirene/26/poste-courrier.json,955,9
sirene/26/pressing-blanchisserie-retouches.json,4762,41
sirene/26/primeur-fromagerie-epicerie-fine-cave.json,11698,100
sirene/26/production-et-distribution-d-energie.json,10202,82
sirene/26/publicite-design-graphique.json,8799,76
sirene/26/remontees-mecaniques-telepheriques.json,113,1
sirene/26/reparation-d-ordinateurs-et-de-telephones.json,2903,26
sirene/26/reparation-de-machines-et-d-electronique.json,8333,67
sirene/26/reseaux-electriques-et-telecoms.json,2103,16
sirene/26/restaurants.json,60105,525
sirene/26/restauration-collective-cantines-entreprises.json,7937,58
sirene/26/restauration-rapide.json,37805,333
sirene/26/scieries-preparation-du-bois.json,2353,19
sirene/26/secretariat-accueil-centres-d-appels.json,13272,110
sirene/26/securite-privee-surveillance.json,5127,43
sirene/26/services-a-l-elevage-marechalerie.json,486,4
sirene/26/services-informatiques-reseaux.json,7436,63
sirene/26/spectacle-musees-bibliotheques.json,17938,153
sirene/26/superettes-alimentation-generale.json,8773,76
sirene/26/supermarches-grandes-surfaces.json,27511,240
sirene/26/tapisserie-decoration-textile.json,1957,15
sirene/26/telecommunications.json,3223,25
sirene/26/traitement-des-dechets-dangereux.json,526,4
sirene/26/traiteurs.json,5411,47
sirene/26/transformation-de-poissons-crustaces-mollusques.json,101,1
sirene/26/transformation-de-viandes.json,2253,19
sirene/26/transport-de-marchandises-livraison.json,41834,339
sirene/26/transport-de-voyageurs.json,14056,115
sirene/26/travaux-agricoles-services-aux-cultures.json,3942,35
sirene/26/travaux-publics-routes-reseaux.json,19675,164
sirene/26/usinage-mecanique-outillage.json,13471,109
sirene/26/vetements-chaussures-accessoires.json,32785,284
sirene/26/veterinaires-soins-aux-animaux.json,8992,74
sirene/26/viticulture-vinification.json,20847,180
sirene/27/activites-sportives-dont-ecuries-de-course.json,2660,22
sirene/27/aeronautique.json,557,5
sirene/27/agences-immobilieres-gestion-de-logements.json,27786,234
sirene/27/aide-a-domicile.json,14774,110
sirene/27/ambulances.json,6619,54
sirene/27/aquaculture-pisciculture-conchyliculture.json,591,5
sirene/27/architectes.json,4002,33
sirene/27/armurerie-fabrication-d-armes.json,95,1
sirene/27/associations-animation-solidarite.json,32934,241
sirene/27/audiovisuel-cinema-son.json,2426,22
sirene/27/autres-elevages-dont-animaux-de-compagnie-apiculture.json,606,5
sirene/27/banques-assurances.json,27105,180
sirene/27/bateaux-nautisme.json,261,2
sirene/27/bijouterie-horlogerie.json,504,4
sirene/27/boucherie-charcuterie-poissonnerie.json,13062,113
sirene/27/boulangerie-patisserie.json,26282,224
sirene/27/bureaux-d-etudes-economistes-de-la-construction.json,18616,161
sirene/27/cafes-bars.json,13748,123
sirene/27/ceramique-verre-d-art-instruments-de-musique.json,698,6
sirene/27/chaudronnerie-soudure-structures-metalliques.json,7430,62
sirene/27/chimie-pharmacie-cosmetiques-papier.json,7229,58
sirene/27/chocolaterie-confiserie-glaces.json,1377,12
sirene/27/clubs-et-salles-de-sport.json,36071,284
sirene/27/coiffure.json,27131,244
sirene/27/commerce-de-gros-entre-entreprises.json,28271,237
sirene/27/comptabilite-conseil-gestion.json,45125,371
sirene/27/concessionnaires-vente-de-vehicules-et-pieces.json,35219,300
sirene/27/construction-de-navires.json,3,0
sirene/27/construction-maconnerie-gros-uvre.json,70123,615
sirene/27/couture-confection.json,950,9
sirene/27/creches-petite-enfance.json,13754,108
sirene/27/cuir-maroquinerie-cordonnerie.json,1817,15
sirene/27/cultures-specialisees-vergers-cultures-tropicales.json,1315,11
sirene/27/dechets-recyclage-assainissement.json,15596,121
sirene/27/demenagement.json,2526,22
sirene/27/eau-potable-captage-traitement-distribution.json,3601,26
sirene/27/ebenisterie-meubles-restauration-de-meubles.json,2356,21
sirene/27/ecoles-de-sport-equitation.json,3910,32
sirene/27/ecoles-maternelles-et-elementaires.json,66856,466
sirene/27/electricite-du-batiment.json,22752,195
sirene/27/electronique-materiel-electrique.json,2752,22
sirene/27/elements-prefabriques-en-beton.json,1132,10
sirene/27/elevage-bovin-ovin-caprin-porcin-volailles.json,6936,61
sirene/27/elevage-de-chevaux-haras.json,2382,20
sirene/27/enseignement-culturel-conservatoires.json,2570,21
sirene/27/enseignes-signaletique-marquage.json,832,7
sirene/27/entrepots-logistique.json,11300,90
sirene/27/esthetique-soins-de-beaute.json,6316,54
sirene/27/fabrication-de-monnaies-medailles.json,3,0
sirene/27/fleuristes-jardineries.json,8528,73
sirene/27/fleurs-artificielles-parures-de-mode.json,3,0
sirene/27/fonderies.json,459,4
sirene/27/forets-travaux-forestiers.json,4468,35
sirene/27/froid-industriel-installation-de-machines.json,1610,12
sirene/27/garages-carrosseries-voitures.json,32900,282
sirene/27/geometres-experts-topographie.json,2553,23
sirene/27/grossistes-en-fruits-et-legumes.json,832,7
sirene/27/grossistes-en-poissons-crustaces-mollusques.json,311,3
sirene/27/grossistes-en-viandes.json,1114,9
sirene/27/guides-offices-de-tourisme.json,2553,17
sirene/27/handicap-foyers-esat-ime.json,15928,111
sirene/27/hopitaux-cliniques-laboratoires.json,16005,111
sirene/27/horticulture-maraichage-agriculture.json,53428,477
sirene/27/hotels.json,13926,115
sirene/27/imprimerie-prepresse-reliure.json,3490,29
sirene/27/industrie-agroalimentaire.json,1704,14
sirene/27/interim-recrutement.json,21034,172
sirene/27/laboratoires-d-analyses-et-d-essais.json,798,6
sirene/27/laboratoires-de-recherche-scientifique.json,2006,17
sirene/27/loisirs-animation.json,22852,172
sirene/27/magasins-specialises-bricolage-maison-sport-high-tech.json,36147,311
sirene/27/maintenance-d-equipements-ascenseurs.json,5417,45
sirene/27/mairies-administrations.json,117467,875
sirene/27/materiels-agricoles-engins-de-chantier.json,10460,89
sirene/27/menuiserie-agencement-serrurerie.json,33187,283
sirene/27/motos-scooters.json,1429,13
sirene/27/navigation-fluviale.json,1886,17
sirene/27/navigation-maritime-plaisance-professionnelle.json,3,0
sirene/27/nettoyage-proprete.json,10101,86
sirene/27/objets-en-bois-liege-vannerie.json,586,5
sirene/27/optique-photonique-instruments-de-mesure.json,649,6
sirene/27/parcs-naturels-jardins-botaniques-et-zoologiques.json,276,2
sirene/27/parfumerie-cosmetiques.json,2125,20
sirene/27/paysagistes-espaces-verts.json,22227,187
sirene/27/peche-professionnelle.json,250,2
sirene/27/peinture-platre-carrelage-sols-isolation.json,25732,229
sirene/27/personnes-agees-ehpad-residences.json,13377,94
sirene/27/pharmacie-optique-protheses.json,36419,304
sirene/27/photographie.json,1067,9
sirene/27/plastique-verre-materiaux.json,4763,40
sirene/27/plomberie-chauffage-climatisation-froid.json,24533,209
sirene/27/poids-lourds-utilitaires.json,2676,22
sirene/27/poste-courrier.json,3,0
sirene/27/pressing-blanchisserie-retouches.json,3768,32
sirene/27/primeur-fromagerie-epicerie-fine-cave.json,4898,41
sirene/27/production-et-distribution-d-energie.json,2007,16
sirene/27/publicite-design-graphique.json,5345,46
sirene/27/remontees-mecaniques-telepheriques.json,3,0
sirene/27/reparation-d-ordinateurs-et-de-telephones.json,1501,11
sirene/27/reparation-de-machines-et-d-electronique.json,8004,64
sirene/27/reseaux-electriques-et-telecoms.json,943,8
sirene/27/restaurants.json,40888,361
sirene/27/restauration-collective-cantines-entreprises.json,6356,45
sirene/27/restauration-rapide.json,31204,280
sirene/27/scieries-preparation-du-bois.json,1747,14
sirene/27/secretariat-accueil-centres-d-appels.json,12113,104
sirene/27/securite-privee-surveillance.json,3551,31
sirene/27/services-a-l-elevage-marechalerie.json,1808,15
sirene/27/services-informatiques-reseaux.json,3644,33
sirene/27/spectacle-musees-bibliotheques.json,7896,64
sirene/27/superettes-alimentation-generale.json,4754,42
sirene/27/supermarches-grandes-surfaces.json,22078,193
sirene/27/tapisserie-decoration-textile.json,899,7
sirene/27/telecommunications.json,2636,24
sirene/27/traitement-des-dechets-dangereux.json,234,2
sirene/27/traiteurs.json,3684,31
sirene/27/transformation-de-poissons-crustaces-mollusques.json,3,0
sirene/27/transformation-de-viandes.json,1520,13
sirene/27/transport-de-marchandises-livraison.json,29829,254
sirene/27/transport-de-voyageurs.json,11911,100
sirene/27/travaux-agricoles-services-aux-cultures.json,14492,133
sirene/27/travaux-publics-routes-reseaux.json,20874,181
sirene/27/usinage-mecanique-outillage.json,12493,98
sirene/27/vetements-chaussures-accessoires.json,26490,235
sirene/27/veterinaires-soins-aux-animaux.json,11460,97
sirene/27/viticulture-vinification.json,250,2
sirene/28/activites-sportives-dont-ecuries-de-course.json,1994,17
sirene/28/aeronautique.json,339,3
sirene/28/agences-immobilieres-gestion-de-logements.json,20791,168
sirene/28/aide-a-domicile.json,12193,98
sirene/28/ambulances.json,4558,36
sirene/28/aquaculture-pisciculture-conchyliculture.json,232,2
sirene/28/architectes.json,3584,32
sirene/28/armurerie-fabrication-d-armes.json,243,2
sirene/28/associations-animation-solidarite.json,29583,208
sirene/28/audiovisuel-cinema-son.json,2513,21
sirene/28/autres-elevages-dont-animaux-de-compagnie-apiculture.json,443,4
sirene/28/banques-assurances.json,21048,164
sirene/28/bateaux-nautisme.json,143,1
sirene/28/bijouterie-horlogerie.json,421,4
sirene/28/boucherie-charcuterie-poissonnerie.json,7336,63
sirene/28/boulangerie-patisserie.json,18253,160
sirene/28/bureaux-d-etudes-economistes-de-la-construction.json,16359,135
sirene/28/cafes-bars.json,7565,68
sirene/28/ceramique-verre-d-art-instruments-de-musique.json,162,1
sirene/28/chaudronnerie-soudure-structures-metalliques.json,3780,30
sirene/28/chimie-pharmacie-cosmetiques-papier.json,7816,65
sirene/28/chocolaterie-confiserie-glaces.json,982,8
sirene/28/clubs-et-salles-de-sport.json,32504,255
sirene/28/coiffure.json,17574,157
sirene/28/commerce-de-gros-entre-entreprises.json,22292,189
sirene/28/comptabilite-conseil-gestion.json,34446,276
sirene/28/concessionnaires-vente-de-vehicules-et-pieces.json,25922,216
sirene/28/construction-de-navires.json,3,0
sirene/28/construction-maconnerie-gros-uvre.json,45589,401
sirene/28/couture-confection.json,342,3
sirene/28/creches-petite-enfance.json,11151,84
sirene/28/cuir-maroquinerie-cordonnerie.json,1678,14
sirene/28/cultures-specialisees-vergers-cultures-tropicales.json,302,3
sirene/28/dechets-recyclage-assainissement.json,22693,162
sirene/28/demenagement.json,1334,11
sirene/28/eau-potable-captage-traitement-distribution.json,13635,100
sirene/28/ebenisterie-meubles-restauration-de-meubles.json,2529,22
sirene/28/ecoles-de-sport-equitation.json,3727,32
sirene/28/ecoles-maternelles-et-elementaires.json,52761,371
sirene/28/electricite-du-batiment.json,16241,141
sirene/28/electronique-materiel-electrique.json,2411,20
sirene/28/elements-prefabriques-en-beton.json,844,6
sirene/28/elevage-bovin-ovin-caprin-porcin-volailles.json,3691,33
sirene/28/elevage-de-chevaux-haras.json,1701,15
sirene/28/enseignement-culturel-conservatoires.json,1308,11
sirene/28/enseignes-signaletique-marquage.json,384,3
sirene/28/entrepots-logistique.json,9663,80
sirene/28/esthetique-soins-de-beaute.json,4860,45
sirene/28/fabrication-de-monnaies-medailles.json,3,0
sirene/28/fleuristes-jardineries.json,4542,38
sirene/28/fleurs-artificielles-parures-de-mode.json,3,0
sirene/28/fonderies.json,126,1
sirene/28/forets-travaux-forestiers.json,3153,27
sirene/28/froid-industriel-installation-de-machines.json,1972,16
sirene/28/garages-carrosseries-voitures.json,25419,217
sirene/28/geometres-experts-topographie.json,1517,12
sirene/28/grossistes-en-fruits-et-legumes.json,1447,12
sirene/28/grossistes-en-poissons-crustaces-mollusques.json,142,1
sirene/28/grossistes-en-viandes.json,350,3
sirene/28/guides-offices-de-tourisme.json,1482,11
sirene/28/handicap-foyers-esat-ime.json,8480,58
sirene/28/hopitaux-cliniques-laboratoires.json,12285,90
sirene/28/horticulture-maraichage-agriculture.json,37283,334
sirene/28/hotels.json,8859,74
sirene/28/imprimerie-prepresse-reliure.json,3327,26
sirene/28/industrie-agroalimentaire.json,1713,15
sirene/28/interim-recrutement.json,27503,223
sirene/28/laboratoires-d-analyses-et-d-essais.json,501,4
sirene/28/laboratoires-de-recherche-scientifique.json,1916,18
sirene/28/loisirs-animation.json,22811,171
sirene/28/magasins-specialises-bricolage-maison-sport-high-tech.json,27753,241
sirene/28/maintenance-d-equipements-ascenseurs.json,3061,26
sirene/28/mairies-administrations.json,89372,649
sirene/28/materiels-agricoles-engins-de-chantier.json,11154,96
sirene/28/menuiserie-agencement-serrurerie.json,28252,239
sirene/28/motos-scooters.json,1995,18
sirene/28/navigation-fluviale.json,3,0
sirene/28/navigation-maritime-plaisance-professionnelle.json,3,0
sirene/28/nettoyage-proprete.json,11342,102
sirene/28/objets-en-bois-liege-vannerie.json,3,0
sirene/28/optique-photonique-instruments-de-mesure.json,380,3
sirene/28/parcs-naturels-jardins-botaniques-et-zoologiques.json,293,2
sirene/28/parfumerie-cosmetiques.json,2923,25
sirene/28/paysagistes-espaces-verts.json,12668,110
sirene/28/peche-professionnelle.json,3,0
sirene/28/peinture-platre-carrelage-sols-isolation.json,19478,178
sirene/28/personnes-agees-ehpad-residences.json,9427,68
sirene/28/pharmacie-optique-protheses.json,28106,236
sirene/28/photographie.json,642,6
sirene/28/plastique-verre-materiaux.json,4259,35
sirene/28/plomberie-chauffage-climatisation-froid.json,20957,181
sirene/28/poids-lourds-utilitaires.json,1901,15
sirene/28/poste-courrier.json,518,5
sirene/28/pressing-blanchisserie-retouches.json,3258,27
sirene/28/primeur-fromagerie-epicerie-fine-cave.json,3800,33
sirene/28/production-et-distribution-d-energie.json,2817,22
sirene/28/publicite-design-graphique.json,4730,42
sirene/28/remontees-mecaniques-telepheriques.json,3,0
sirene/28/reparation-d-ordinateurs-et-de-telephones.json,1156,10
sirene/28/reparation-de-machines-et-d-electronique.json,5449,45
sirene/28/reseaux-electriques-et-telecoms.json,497,4
sirene/28/restaurants.json,26088,233
sirene/28/restauration-collective-cantines-entreprises.json,5162,39
sirene/28/restauration-rapide.json,25730,237
sirene/28/scieries-preparation-du-bois.json,558,5
sirene/28/secretariat-accueil-centres-d-appels.json,9864,84
sirene/28/securite-privee-surveillance.json,3289,27
sirene/28/services-a-l-elevage-marechalerie.json,1469,13
sirene/28/services-informatiques-reseaux.json,3610,32
sirene/28/spectacle-musees-bibliotheques.json,8062,68
sirene/28/superettes-alimentation-generale.json,3613,33
sirene/28/supermarches-grandes-surfaces.json,17249,155
sirene/28/tapisserie-decoration-textile.json,1126,10
sirene/28/telecommunications.json,1366,11
sirene/28/traitement-des-dechets-dangereux.json,104,1
sirene/28/traiteurs.json,2149,19
sirene/28/transformation-de-poissons-crustaces-mollusques.json,3,0
sirene/28/transformation-de-viandes.json,1669,15
sirene/28/transport-de-marchandises-livraison.json,19373,162
sirene/28/transport-de-voyageurs.json,14612,119
sirene/28/travaux-agricoles-services-aux-cultures.json,7621,68
sirene/28/travaux-publics-routes-reseaux.json,10270,88
sirene/28/usinage-mecanique-outillage.json,9626,80
sirene/28/vetements-chaussures-accessoires.json,16377,144
sirene/28/veterinaires-soins-aux-animaux.json,6825,58
sirene/28/viticulture-vinification.json,246,2
sirene/29/activites-sportives-dont-ecuries-de-course.json,6773,55
sirene/29/aeronautique.json,159,1
sirene/29/agences-immobilieres-gestion-de-logements.json,49463,412
sirene/29/aide-a-domicile.json,24879,194
sirene/29/ambulances.json,8842,67
sirene/29/aquaculture-pisciculture-conchyliculture.json,10108,90
sirene/29/architectes.json,13049,111
sirene/29/armurerie-fabrication-d-armes.json,228,2
sirene/29/associations-animation-solidarite.json,51689,409
sirene/29/audiovisuel-cinema-son.json,5970,55
sirene/29/autres-elevages-dont-animaux-de-compagnie-apiculture.json,820,7
sirene/29/banques-assurances.json,43441,331
sirene/29/bateaux-nautisme.json,8808,74
sirene/29/bijouterie-horlogerie.json,1341,13
sirene/29/boucherie-charcuterie-poissonnerie.json,19037,166
sirene/29/boulangerie-patisserie.json,53082,460
sirene/29/bureaux-d-etudes-economistes-de-la-construction.json,34655,305
sirene/29/cafes-bars.json,48197,446
sirene/29/ceramique-verre-d-art-instruments-de-musique.json,797,7
sirene/29/chaudronnerie-soudure-structures-metalliques.json,4930,40
sirene/29/chimie-pharmacie-cosmetiques-papier.json,4121,35
sirene/29/chocolaterie-confiserie-glaces.json,4155,36
sirene/29/clubs-et-salles-de-sport.json,71328,576
sirene/29/coiffure.json,36146,326
sirene/29/commerce-de-gros-entre-entreprises.json,45139,376
sirene/29/comptabilite-conseil-gestion.json,75676,642
sirene/29/concessionnaires-vente-de-vehicules-et-pieces.json,36341,306
sirene/29/construction-de-navires.json,3088,26
sirene/29/construction-maconnerie-gros-uvre.json,83576,740
sirene/29/couture-confection.json,1883,17
sirene/29/creches-petite-enfance.json,19007,147
sirene/29/cuir-maroquinerie-cordonnerie.json,1704,13
sirene/29/cultures-specialisees-vergers-cultures-tropicales.json,4213,40
sirene/29/dechets-recyclage-assainissement.json,28799,218
sirene/29/demenagement.json,2557,18
sirene/29/eau-potable-captage-traitement-distribution.json,7007,52
sirene/29/ebenisterie-meubles-restauration-de-meubles.json,3176,28
sirene/29/ecoles-de-sport-equitation.json,6068,52
sirene/29/ecoles-maternelles-et-elementaires.json,60407,421
sirene/29/electricite-du-batiment.json,33149,294
sirene/29/electronique-materiel-electrique.json,2994,24
sirene/29/elements-prefabriques-en-beton.json,1048,9
sirene/29/elevage-bovin-ovin-caprin-porcin-volailles.json,82717,826
sirene/29/elevage-de-chevaux-haras.json,1962,18
sirene/29/enseignement-culturel-conservatoires.json,7902,66
sirene/29/enseignes-signaletique-marquage.json,1259,9
sirene/29/entrepots-logistique.json,12911,110
sirene/29/esthetique-soins-de-beaute.json,11212,100
sirene/29/fabrication-de-monnaies-medailles.json,3,0
sirene/29/fleuristes-jardineries.json,14095,126
sirene/29/fleurs-artificielles-parures-de-mode.json,126,1
sirene/29/fonderies.json,106,1
sirene/29/forets-travaux-forestiers.json,1831,16
sirene/29/froid-industriel-installation-de-machines.json,3824,31
sirene/29/garages-carrosseries-voitures.json,56283,486
sirene/29/geometres-experts-topographie.json,4269,35
sirene/29/grossistes-en-fruits-et-legumes.json,7743,70
sirene/29/grossistes-en-poissons-crustaces-mollusques.json,5342,48
sirene/29/grossistes-en-viandes.json,1091,10
sirene/29/guides-offices-de-tourisme.json,6295,46
sirene/29/handicap-foyers-esat-ime.json,22031,159
sirene/29/hopitaux-cliniques-laboratoires.json,33646,233
sirene/29/horticulture-maraichage-agriculture.json,60883,611
sirene/29/hotels.json,38177,325
sirene/29/imprimerie-prepresse-reliure.json,4974,42
sirene/29/industrie-agroalimentaire.json,11060,97
sirene/29/interim-recrutement.json,40190,339
sirene/29/laboratoires-d-analyses-et-d-essais.json,2398,17
sirene/29/laboratoires-de-recherche-scientifique.json,6491,48
sirene/29/loisirs-animation.json,51536,394
sirene/29/magasins-specialises-bricolage-maison-sport-high-tech.json,92070,801
sirene/29/maintenance-d-equipements-ascenseurs.json,4167,33
sirene/29/mairies-administrations.json,99553,716
sirene/29/materiels-agricoles-engins-de-chantier.json,16989,149
sirene/29/menuiserie-agencement-serrurerie.json,52820,453
sirene/29/motos-scooters.json,3462,30
sirene/29/navigation-fluviale.json,143,1
sirene/29/navigation-maritime-plaisance-professionnelle.json,3574,31
sirene/29/nettoyage-proprete.json,16276,137
sirene/29/objets-en-bois-liege-vannerie.json,454,4
sirene/29/optique-photonique-instruments-de-mesure.json,618,6
sirene/29/parcs-naturels-jardins-botaniques-et-zoologiques.json,711,6
sirene/29/parfumerie-cosmetiques.json,5787,49
sirene/29/paysagistes-espaces-verts.json,31778,285
sirene/29/peche-professionnelle.json,6502,58
sirene/29/peinture-platre-carrelage-sols-isolation.json,45590,406
sirene/29/personnes-agees-ehpad-residences.json,19975,141
sirene/29/pharmacie-optique-protheses.json,65262,549
sirene/29/photographie.json,1585,13
sirene/29/plastique-verre-materiaux.json,2707,23
sirene/29/plomberie-chauffage-climatisation-froid.json,35867,308
sirene/29/poids-lourds-utilitaires.json,1868,16
sirene/29/poste-courrier.json,1289,13
sirene/29/pressing-blanchisserie-retouches.json,7858,66
sirene/29/primeur-fromagerie-epicerie-fine-cave.json,13259,117
sirene/29/production-et-distribution-d-energie.json,7255,67
sirene/29/publicite-design-graphique.json,9587,87
sirene/29/remontees-mecaniques-telepheriques.json,3,0
sirene/29/reparation-d-ordinateurs-et-de-telephones.json,2702,24
sirene/29/reparation-de-machines-et-d-electronique.json,11560,95
sirene/29/reseaux-electriques-et-telecoms.json,2237,18
sirene/29/restaurants.json,94693,859
sirene/29/restauration-collective-cantines-entreprises.json,7688,57
sirene/29/restauration-rapide.json,48458,448
sirene/29/scieries-preparation-du-bois.json,2326,19
sirene/29/secretariat-accueil-centres-d-appels.json,25774,230
sirene/29/securite-privee-surveillance.json,4882,42
sirene/29/services-a-l-elevage-marechalerie.json,1277,13
sirene/29/services-informatiques-reseaux.json,11249,106
sirene/29/spectacle-musees-bibliotheques.json,18385,161
sirene/29/superettes-alimentation-generale.json,13938,120
sirene/29/supermarches-grandes-surfaces.json,46022,416
sirene/29/tapisserie-decoration-textile.json,3015,26
sirene/29/telecommunications.json,3156,28
sirene/29/traitement-des-dechets-dangereux.json,124,1
sirene/29/traiteurs.json,3928,35
sirene/29/transformation-de-poissons-crustaces-mollusques.json,4979,43
sirene/29/transformation-de-viandes.json,4695,43
sirene/29/transport-de-marchandises-livraison.json,28542,244
sirene/29/transport-de-voyageurs.json,19087,153
sirene/29/travaux-agricoles-services-aux-cultures.json,9181,93
sirene/29/travaux-publics-routes-reseaux.json,20668,184
sirene/29/usinage-mecanique-outillage.json,7362,62
sirene/29/vetements-chaussures-accessoires.json,57646,511
sirene/29/veterinaires-soins-aux-animaux.json,14210,116
sirene/29/viticulture-vinification.json,95,1
sirene/2A/activites-sportives-dont-ecuries-de-course.json,1174,10
sirene/2A/aeronautique.json,271,2
sirene/2A/agences-immobilieres-gestion-de-logements.json,24423,198
sirene/2A/aide-a-domicile.json,5353,40
sirene/2A/ambulances.json,1456,11
sirene/2A/aquaculture-pisciculture-conchyliculture.json,438,3
sirene/2A/architectes.json,5861,46
sirene/2A/armurerie-fabrication-d-armes.json,3,0
sirene/2A/associations-animation-solidarite.json,10910,80
sirene/2A/audiovisuel-cinema-son.json,2874,24
sirene/2A/autres-elevages-dont-animaux-de-compagnie-apiculture.json,154,1
sirene/2A/banques-assurances.json,10031,65
sirene/2A/bateaux-nautisme.json,5826,49
sirene/2A/bijouterie-horlogerie.json,1249,11
sirene/2A/boucherie-charcuterie-poissonnerie.json,8174,69
sirene/2A/boulangerie-patisserie.json,16113,134
sirene/2A/bureaux-d-etudes-economistes-de-la-construction.json,8962,74
sirene/2A/cafes-bars.json,10146,93
sirene/2A/ceramique-verre-d-art-instruments-de-musique.json,3,0
sirene/2A/chaudronnerie-soudure-structures-metalliques.json,928,8
sirene/2A/chimie-pharmacie-cosmetiques-papier.json,533,5
sirene/2A/chocolaterie-confiserie-glaces.json,1596,14
sirene/2A/clubs-et-salles-de-sport.json,11891,94
sirene/2A/coiffure.json,10774,93
sirene/2A/commerce-de-gros-entre-entreprises.json,12051,104
sirene/2A/comptabilite-conseil-gestion.json,21982,172
sirene/2A/concessionnaires-vente-de-vehicules-et-pieces.json,8630,73
sirene/2A/construction-de-navires.json,116,1
sirene/2A/construction-maconnerie-gros-uvre.json,43939,379
sirene/2A/couture-confection.json,119,1
sirene/2A/creches-petite-enfance.json,4071,32
sirene/2A/cuir-maroquinerie-cordonnerie.json,118,1
sirene/2A/cultures-specialisees-vergers-cultures-tropicales.json,538,5
sirene/2A/dechets-recyclage-assainissement.json,6364,51
sirene/2A/demenagement.json,631,5
sirene/2A/eau-potable-captage-traitement-distribution.json,3092,23
sirene/2A/ebenisterie-meubles-restauration-de-meubles.json,1174,10
sirene/2A/ecoles-de-sport-equitation.json,2679,22
sirene/2A/ecoles-maternelles-et-elementaires.json,9570,66
sirene/2A/electricite-du-batiment.json,14173,121
sirene/2A/electronique-materiel-electrique.json,255,2
sirene/2A/elements-prefabriques-en-beton.json,329,3
sirene/2A/elevage-bovin-ovin-caprin-porcin-volailles.json,3175,28
sirene/2A/elevage-de-chevaux-haras.json,236,2
sirene/2A/enseignement-culturel-conservatoires.json,700,6
sirene/2A/enseignes-signaletique-marquage.json,513,4
sirene/2A/entrepots-logistique.json,2069,17
sirene/2A/esthetique-soins-de-beaute.json,4395,37
sirene/2A/fabrication-de-monnaies-medailles.json,3,0
sirene/2A/fleuristes-jardineries.json,2229,19
sirene/2A/fleurs-artificielles-parures-de-mode.json,3,0
sirene/2A/fonderies.json,3,0
sirene/2A/forets-travaux-forestiers.json,1584,13
sirene/2A/froid-industriel-installation-de-machines.json,364,3
sirene/2A/garages-carrosseries-voitures.json,11179,95
sirene/2A/geometres-experts-topographie.json,1625,13
sirene/2A/grossistes-en-fruits-et-legumes.json,1446,13
sirene/2A/grossistes-en-poissons-crustaces-mollusques.json,606,5
sirene/2A/grossistes-en-viandes.json,554,5
sirene/2A/guides-offices-de-tourisme.json,3858,29
sirene/2A/handicap-foyers-esat-ime.json,3021,22
sirene/2A/hopitaux-cliniques-laboratoires.json,9084,61
sirene/2A/horticulture-maraichage-agriculture.json,1318,11
sirene/2A/hotels.json,46188,409
sirene/2A/imprimerie-prepresse-reliure.json,1039,9
sirene/2A/industrie-agroalimentaire.json,3024,25
sirene/2A/interim-recrutement.json,2742,21
sirene/2A/laboratoires-d-analyses-et-d-essais.json,455,3
sirene/2A/laboratoires-de-recherche-scientifique.json,423,3
sirene/2A/loisirs-animation.json,10349,81
sirene/2A/magasins-specialises-bricolage-maison-sport-high-tech.json,38227,327
sirene/2A/maintenance-d-equipements-ascenseurs.json,1164,11
sirene/2A/mairies-administrations.json,32692,220
sirene/2A/materiels-agricoles-engins-de-chantier.json,1948,17
sirene/2A/menuiserie-agencement-serrurerie.json,13227,112
sirene/2A/motos-scooters.json,1338,12
sirene/2A/navigation-fluviale.json,3,0
sirene/2A/navigation-maritime-plaisance-professionnelle.json,4933,43
sirene/2A/nettoyage-proprete.json,8269,69
sirene/2A/objets-en-bois-liege-vannerie.json,3,0
sirene/2A/optique-photonique-instruments-de-mesure.json,3,0
sirene/2A/parcs-naturels-jardins-botaniques-et-zoologiques.json,3,0
sirene/2A/parfumerie-cosmetiques.json,3338,28
sirene/2A/paysagistes-espaces-verts.json,7002,64
sirene/2A/peche-professionnelle.json,288,3
sirene/2A/peinture-platre-carrelage-sols-isolation.json,11004,95
sirene/2A/personnes-agees-ehpad-residences.json,2262,16
sirene/2A/pharmacie-optique-protheses.json,17359,139
sirene/2A/photographie.json,238,2
sirene/2A/plastique-verre-materiaux.json,436,3
sirene/2A/plomberie-chauffage-climatisation-froid.json,15059,126
sirene/2A/poids-lourds-utilitaires.json,359,3
sirene/2A/poste-courrier.json,88,1
sirene/2A/pressing-blanchisserie-retouches.json,2461,21
sirene/2A/primeur-fromagerie-epicerie-fine-cave.json,2650,23
sirene/2A/production-et-distribution-d-energie.json,1969,16
sirene/2A/publicite-design-graphique.json,3433,30
sirene/2A/remontees-mecaniques-telepheriques.json,3,0
sirene/2A/reparation-d-ordinateurs-et-de-telephones.json,1084,8
sirene/2A/reparation-de-machines-et-d-electronique.json,1818,14
sirene/2A/reseaux-electriques-et-telecoms.json,819,7
sirene/2A/restaurants.json,49891,449
sirene/2A/restauration-collective-cantines-entreprises.json,1185,8
sirene/2A/restauration-rapide.json,25433,223
sirene/2A/scieries-preparation-du-bois.json,331,3
sirene/2A/secretariat-accueil-centres-d-appels.json,4984,42
sirene/2A/securite-privee-surveillance.json,2284,17
sirene/2A/services-a-l-elevage-marechalerie.json,144,1
sirene/2A/services-informatiques-reseaux.json,2424,20
sirene/2A/spectacle-musees-bibliotheques.json,2608,21
sirene/2A/superettes-alimentation-generale.json,4171,34
sirene/2A/supermarches-grandes-surfaces.json,16230,144
sirene/2A/tapisserie-decoration-textile.json,704,6
sirene/2A/telecommunications.json,1101,10
sirene/2A/traitement-des-dechets-dangereux.json,3,0
sirene/2A/traiteurs.json,2658,22
sirene/2A/transformation-de-poissons-crustaces-mollusques.json,278,2
sirene/2A/transformation-de-viandes.json,2538,20
sirene/2A/transport-de-marchandises-livraison.json,6692,55
sirene/2A/transport-de-voyageurs.json,6900,56
sirene/2A/travaux-agricoles-services-aux-cultures.json,164,1
sirene/2A/travaux-publics-routes-reseaux.json,12489,108
sirene/2A/usinage-mecanique-outillage.json,107,1
sirene/2A/vetements-chaussures-accessoires.json,32221,284
sirene/2A/veterinaires-soins-aux-animaux.json,5625,43
sirene/2A/viticulture-vinification.json,3150,28
sirene/2B/activites-sportives-dont-ecuries-de-course.json,1790,13
sirene/2B/aeronautique.json,3,0
sirene/2B/agences-immobilieres-gestion-de-logements.json,13393,113
sirene/2B/aide-a-domicile.json,5487,41
sirene/2B/ambulances.json,2276,19
sirene/2B/aquaculture-pisciculture-conchyliculture.json,412,4
sirene/2B/architectes.json,4637,39
sirene/2B/armurerie-fabrication-d-armes.json,107,1
sirene/2B/associations-animation-solidarite.json,13840,101
sirene/2B/audiovisuel-cinema-son.json,2140,19
sirene/2B/autres-elevages-dont-animaux-de-compagnie-apiculture.json,3,0
sirene/2B/banques-assurances.json,11372,78
sirene/2B/bateaux-nautisme.json,1168,10
sirene/2B/bijouterie-horlogerie.json,434,4
sirene/2B/boucherie-charcuterie-poissonnerie.json,5938,51
sirene/2B/boulangerie-patisserie.json,14424,129
sirene/2B/bureaux-d-etudes-economistes-de-la-construction.json,13696,114
sirene/2B/cafes-bars.json,12706,120
sirene/2B/ceramique-verre-d-art-instruments-de-musique.json,3,0
sirene/2B/chaudronnerie-soudure-structures-metalliques.json,1584,14
sirene/2B/chimie-pharmacie-cosmetiques-papier.json,1000,9
sirene/2B/chocolaterie-confiserie-glaces.json,2064,18
sirene/2B/clubs-et-salles-de-sport.json,9901,82
sirene/2B/coiffure.json,7194,66
sirene/2B/commerce-de-gros-entre-entreprises.json,13670,119
sirene/2B/comptabilite-conseil-gestion.json,24378,192
sirene/2B/concessionnaires-vente-de-vehicules-et-pieces.json,7581,68
sirene/2B/construction-de-navires.json,3,0
sirene/2B/construction-maconnerie-gros-uvre.json,41499,360
sirene/2B/couture-confection.json,331,3
sirene/2B/creches-petite-enfance.json,5337,40
sirene/2B/cuir-maroquinerie-cordonnerie.json,220,2
sirene/2B/cultures-specialisees-vergers-cultures-tropicales.json,9691,87
sirene/2B/dechets-recyclage-assainissement.json,5766,46
sirene/2B/demenagement.json,998,9
sirene/2B/eau-potable-captage-traitement-distribution.json,4372,30
sirene/2B/ebenisterie-meubles-restauration-de-meubles.json,564,6
sirene/2B/ecoles-de-sport-equitation.json,1748,14
sirene/2B/ecoles-maternelles-et-elementaires.json,14403,103
sirene/2B/electricite-du-batiment.json,11506,103
sirene/2B/electronique-materiel-electrique.json,297,2
sirene/2B/elements-prefabriques-en-beton.json,473,4
sirene/2B/elevage-bovin-ovin-caprin-porcin-volailles.json,1789,15
sirene/2B/elevage-de-chevaux-haras.json,349,3
sirene/2B/enseignement-culturel-conservatoires.json,674,6
sirene/2B/enseignes-signaletique-marquage.json,495,4
sirene/2B/entrepots-logistique.json,2442,20
sirene/2B/esthetique-soins-de-beaute.json,3925,36
sirene/2B/fabrication-de-monnaies-medailles.json,3,0
sirene/2B/fleuristes-jardineries.json,4070,34
sirene/2B/fleurs-artificielles-parures-de-mode.json,3,0
sirene/2B/fonderies.json,3,0
sirene/2B/forets-travaux-forestiers.json,549,5
sirene/2B/froid-industriel-installation-de-machines.json,574,5
sirene/2B/garages-carrosseries-voitures.json,14027,122
sirene/2B/geometres-experts-topographie.json,1968,15
sirene/2B/grossistes-en-fruits-et-legumes.json,3049,28
sirene/2B/grossistes-en-poissons-crustaces-mollusques.json,483,4
sirene/2B/grossistes-en-viandes.json,709,6
sirene/2B/guides-offices-de-tourisme.json,2251,15
sirene/2B/handicap-foyers-esat-ime.json,2565,15
sirene/2B/hopitaux-cliniques-laboratoires.json,8431,62
sirene/2B/horticulture-maraichage-agriculture.json,2500,23
sirene/2B/hotels.json,30745,274
sirene/2B/imprimerie-prepresse-reliure.json,1145,10
sirene/2B/industrie-agroalimentaire.json,5005,45
sirene/2B/interim-recrutement.json,2218,18
sirene/2B/laboratoires-d-analyses-et-d-essais.json,408,3
sirene/2B/laboratoires-de-recherche-scientifique.json,759,6
sirene/2B/loisirs-animation.json,12651,94
sirene/2B/magasins-specialises-bricolage-maison-sport-high-tech.json,37886,330
sirene/2B/maintenance-d-equipements-ascenseurs.json,1660,15
sirene/2B/mairies-administrations.json,34187,232
sirene/2B/materiels-agricoles-engins-de-chantier.json,3192,29
sirene/2B/menuiserie-agencement-serrurerie.json,11883,104
sirene/2B/motos-scooters.json,1655,15
sirene/2B/navigation-fluviale.json,3,0
sirene/2B/navigation-maritime-plaisance-professionnelle.json,1337,11
sirene/2B/nettoyage-proprete.json,6466,54
sirene/2B/objets-en-bois-liege-vannerie.json,3,0
sirene/2B/optique-photonique-instruments-de-mesure.json,269,2
sirene/2B/parcs-naturels-jardins-botaniques-et-zoologiques.json,240,2
sirene/2B/parfumerie-cosmetiques.json,2685,23
sirene/2B/paysagistes-espaces-verts.json,2421,22
sirene/2B/peche-professionnelle.json,3,0
sirene/2B/peinture-platre-carrelage-sols-isolation.json,10750,95
sirene/2B/personnes-agees-ehpad-residences.json,2690,22
sirene/2B/pharmacie-optique-protheses.json,18113,150
sirene/2B/photographie.json,715,7
sirene/2B/plastique-verre-materiaux.json,100,1
sirene/2B/plomberie-chauffage-climatisation-froid.json,12893,113
sirene/2B/poids-lourds-utilitaires.json,785,7
sirene/2B/poste-courrier.json,1307,14
sirene/2B/pressing-blanchisserie-retouches.json,2401,20
sirene/2B/primeur-fromagerie-epicerie-fine-cave.json,2534,22
sirene/2B/production-et-distribution-d-energie.json,3197,29
sirene/2B/publicite-design-graphique.json,4038,37
sirene/2B/remontees-mecaniques-telepheriques.json,143,1
sirene/2B/reparation-d-ordinateurs-et-de-telephones.json,1483,13
sirene/2B/reparation-de-machines-et-d-electronique.json,890,8
sirene/2B/reseaux-electriques-et-telecoms.json,825,7
sirene/2B/restaurants.json,37751,347
sirene/2B/restauration-collective-cantines-entreprises.json,1304,10
sirene/2B/restauration-rapide.json,17762,164
sirene/2B/scieries-preparation-du-bois.json,456,4
sirene/2B/secretariat-accueil-centres-d-appels.json,7416,61
sirene/2B/securite-privee-surveillance.json,1837,15
sirene/2B/services-a-l-elevage-marechalerie.json,277,2
sirene/2B/services-informatiques-reseaux.json,2962,25
sirene/2B/spectacle-musees-bibliotheques.json,3962,32
sirene/2B/superettes-alimentation-generale.json,3569,30
sirene/2B/supermarches-grandes-surfaces.json,14641,133
sirene/2B/tapisserie-decoration-textile.json,545,5
sirene/2B/telecommunications.json,1374,12
sirene/2B/traitement-des-dechets-dangereux.json,3,0
sirene/2B/traiteurs.json,2097,19
sirene/2B/transformation-de-poissons-crustaces-mollusques.json,272,2
sirene/2B/transformation-de-viandes.json,1163,9
sirene/2B/transport-de-marchandises-livraison.json,9714,84
sirene/2B/transport-de-voyageurs.json,7633,67
sirene/2B/travaux-agricoles-services-aux-cultures.json,1688,14
sirene/2B/travaux-publics-routes-reseaux.json,6859,61
sirene/2B/usinage-mecanique-outillage.json,433,4
sirene/2B/vetements-chaussures-accessoires.json,23945,221
sirene/2B/veterinaires-soins-aux-animaux.json,4401,38
sirene/2B/viticulture-vinification.json,7545,68
sirene/30/activites-sportives-dont-ecuries-de-course.json,2345,19
sirene/30/aeronautique.json,615,5
sirene/30/agences-immobilieres-gestion-de-logements.json,44031,374
sirene/30/aide-a-domicile.json,17868,134
sirene/30/ambulances.json,11438,93
sirene/30/aquaculture-pisciculture-conchyliculture.json,464,4
sirene/30/architectes.json,9072,79
sirene/30/armurerie-fabrication-d-armes.json,3,0
sirene/30/associations-animation-solidarite.json,46704,365
sirene/30/audiovisuel-cinema-son.json,5192,46
sirene/30/autres-elevages-dont-animaux-de-compagnie-apiculture.json,624,5
sirene/30/banques-assurances.json,27375,219
sirene/30/bateaux-nautisme.json,1456,11
sirene/30/bijouterie-horlogerie.json,1680,15
sirene/30/boucherie-charcuterie-poissonnerie.json,16438,141
sirene/30/boulangerie-patisserie.json,38957,334
sirene/30/bureaux-d-etudes-economistes-de-la-construction.json,41197,348
sirene/30/cafes-bars.json,23063,207
sirene/30/ceramique-verre-d-art-instruments-de-musique.json,1426,12
sirene/30/chaudronnerie-soudure-structures-metalliques.json,5959,49
sirene/30/chimie-pharmacie-cosmetiques-papier.json,6005,52
sirene/30/chocolaterie-confiserie-glaces.json,2931,25
sirene/30/clubs-et-salles-de-sport.json,47347,382
sirene/30/coiffure.json,35587,315
sirene/30/commerce-de-gros-entre-entreprises.json,46149,394
sirene/30/comptabilite-conseil-gestion.json,89029,733
sirene/30/concessionnaires-vente-de-vehicules-et-pieces.json,41477,355
sirene/30/construction-de-navires.json,3,0
sirene/30/construction-maconnerie-gros-uvre.json,96581,839
sirene/30/couture-confection.json,2195,19
sirene/30/creches-petite-enfance.json,9910,80
sirene/30/cuir-maroquinerie-cordonnerie.json,1782,15
sirene/30/cultures-specialisees-vergers-cultures-tropicales.json,14550,128
sirene/30/dechets-recyclage-assainissement.json,27518,211
sirene/30/demenagement.json,2160,17
sirene/30/eau-potable-captage-traitement-distribution.json,13641,101
sirene/30/ebenisterie-meubles-restauration-de-meubles.json,4307,35
sirene/30/ecoles-de-sport-equitation.json,4767,39
sirene/30/ecoles-maternelles-et-elementaires.json,70677,502
sirene/30/electricite-du-batiment.json,38593,343
sirene/30/electronique-materiel-electrique.json,1675,15
sirene/30/elements-prefabriques-en-beton.json,1503,13
sirene/30/elevage-bovin-ovin-caprin-porcin-volailles.json,5072,45
sirene/30/elevage-de-chevaux-haras.json,2327,20
sirene/30/enseignement-culturel-conservatoires.json,5691,48
sirene/30/enseignes-signaletique-marquage.json,1354,11
sirene/30/entrepots-logistique.json,9883,83
sirene/30/esthetique-soins-de-beaute.json,12263,109
sirene/30/fabrication-de-monnaies-medailles.json,3,0
sirene/30/fleuristes-jardineries.json,12631,107
sirene/30/fleurs-artificielles-parures-de-mode.json,137,1
sirene/30/fonderies.json,106,1
sirene/30/forets-travaux-forestiers.json,2198,19
sirene/30/froid-industriel-installation-de-machines.json,2929,25
sirene/30/garages-carrosseries-voitures.json,46633,396
sirene/30/geometres-experts-topographie.json,3410,30
sirene/30/grossistes-en-fruits-et-legumes.json,5331,44
sirene/30/grossistes-en-poissons-crustaces-mollusques.json,984,8
sirene/30/grossistes-en-viandes.json,1067,9
sirene/30/guides-offices-de-tourisme.json,2844,21
sirene/30/handicap-foyers-esat-ime.json,14450,92
sirene/30/hopitaux-cliniques-laboratoires.json,17234,128
sirene/30/horticulture-maraichage-agriculture.json,13926,125
sirene/30/hotels.json,31389,262
sirene/30/imprimerie-prepresse-reliure.json,5311,46
sirene/30/industrie-agroalimentaire.json,5652,48
sirene/30/interim-recrutement.json,22605,181
sirene/30/laboratoires-d-analyses-et-d-essais.json,2573,19
sirene/30/laboratoires-de-recherche-scientifique.json,4073,32
sirene/30/loisirs-animation.json,34366,271
sirene/30/magasins-specialises-bricolage-maison-sport-high-tech.json,76683,659
sirene/30/maintenance-d-equipements-ascenseurs.json,5356,44
sirene/30/mairies-administrations.json,88837,630
sirene/30/materiels-agricoles-engins-de-chantier.json,11187,96
sirene/30/menuiserie-agencement-serrurerie.json,37598,318
sirene/30/motos-scooters.json,4299,39
sirene/30/navigation-fluviale.json,251,2
sirene/30/navigation-maritime-plaisance-professionnelle.json,214,2
sirene/30/nettoyage-proprete.json,21605,187
sirene/30/objets-en-bois-liege-vannerie.json,545,5
sirene/30/optique-photonique-instruments-de-mesure.json,1807,15
sirene/30/parcs-naturels-jardins-botaniques-et-zoologiques.json,1233,9
sirene/30/parfumerie-cosmetiques.json,6479,55
sirene/30/paysagistes-espaces-verts.json,18438,161
sirene/30/peche-professionnelle.json,1028,9
sirene/30/peinture-platre-carrelage-sols-isolation.json,37375,333
sirene/30/personnes-agees-ehpad-residences.json,14836,110
sirene/30/pharmacie-optique-protheses.json,68340,555
sirene/30/photographie.json,1843,16
sirene/30/plastique-verre-materiaux.json,2932,23
sirene/30/plomberie-chauffage-climatisation-froid.json,37717,331
sirene/30/poids-lourds-utilitaires.json,3305,27
sirene/30/poste-courrier.json,777,8
sirene/30/pressing-blanchisserie-retouches.json,4648,41
sirene/30/primeur-fromagerie-epicerie-fine-cave.json,15633,132
sirene/30/production-et-distribution-d-energie.json,7141,58
sirene/30/publicite-design-graphique.json,11778,102
sirene/30/remontees-mecaniques-telepheriques.json,3,0
sirene/30/reparation-d-ordinateurs-et-de-telephones.json,1834,15
sirene/30/reparation-de-machines-et-d-electronique.json,6565,55
sirene/30/reseaux-electriques-et-telecoms.json,2478,20
sirene/30/restaurants.json,82535,743
sirene/30/restauration-collective-cantines-entreprises.json,8273,65
sirene/30/restauration-rapide.json,51309,460
sirene/30/scieries-preparation-du-bois.json,1036,8
sirene/30/secretariat-accueil-centres-d-appels.json,16831,148
sirene/30/securite-privee-surveillance.json,6504,56
sirene/30/services-a-l-elevage-marechalerie.json,337,3
sirene/30/services-informatiques-reseaux.json,9147,81
sirene/30/spectacle-musees-bibliotheques.json,21171,184
sirene/30/superettes-alimentation-generale.json,11591,100
sirene/30/supermarches-grandes-surfaces.json,39979,354
sirene/30/tapisserie-decoration-textile.json,2609,22
sirene/30/telecommunications.json,4823,43
sirene/30/traitement-des-dechets-dangereux.json,1181,8
sirene/30/traiteurs.json,7236,63
sirene/30/transformation-de-poissons-crustaces-mollusques.json,474,4
sirene/30/transformation-de-viandes.json,1849,16
sirene/30/transport-de-marchandises-livraison.json,29165,254
sirene/30/transport-de-voyageurs.json,15930,137
sirene/30/travaux-agricoles-services-aux-cultures.json,7572,67
sirene/30/travaux-publics-routes-reseaux.json,25655,226
sirene/30/usinage-mecanique-outillage.json,4674,38
sirene/30/vetements-chaussures-accessoires.json,42799,385
sirene/30/veterinaires-soins-aux-animaux.json,11700,98
sirene/30/viticulture-vinification.json,57925,502
sirene/31/activites-sportives-dont-ecuries-de-course.json,7052,59
sirene/31/aeronautique.json,10132,85
sirene/31/agences-immobilieres-gestion-de-logements.json,120586,999
sirene/31/aide-a-domicile.json,35388,288
sirene/31/ambulances.json,10981,89
sirene/31/aquaculture-pisciculture-conchyliculture.json,110,1
sirene/31/architectes.json,30685,269
sirene/31/armurerie-fabrication-d-armes.json,96,1
sirene/31/associations-animation-solidarite.json,111918,852
sirene/31/audiovisuel-cinema-son.json,14719,131
sirene/31/autres-elevages-dont-animaux-de-compagnie-apiculture.json,880,7
sirene/31/banques-assurances.json,73848,575
sirene/31/bateaux-nautisme.json,224,2
sirene/31/bijouterie-horlogerie.json,4094,36
sirene/31/boucherie-charcuterie-poissonnerie.json,32997,286
sirene/31/boulangerie-patisserie.json,60241,512
sirene/31/bureaux-d-etudes-economistes-de-la-construction.json,130243,1134
sirene/31/cafes-bars.json,32412,296
sirene/31/ceramique-verre-d-art-instruments-de-musique.json,532,5
sirene/31/chaudronnerie-soudure-structures-metalliques.json,10521,86
sirene/31/chimie-pharmacie-cosmetiques-papier.json,8749,72
sirene/31/chocolaterie-confiserie-glaces.json,3137,27
sirene/31/clubs-et-salles-de-sport.json,99333,787
sirene/31/coiffure.json,70981,629
sirene/31/commerce-de-gros-entre-entreprises.json,89121,760
sirene/31/comptabilite-conseil-gestion.json,232835,2004
sirene/31/concessionnaires-vente-de-vehicules-et-pieces.json,68224,589
sirene/31/construction-de-navires.json,3,0
sirene/31/construction-maconnerie-gros-uvre.json,138122,1220
sirene/31/couture-confection.json,4714,41
sirene/31/creches-petite-enfance.json,47440,365
sirene/31/cuir-maroquinerie-cordonnerie.json,1630,14
sirene/31/cultures-specialisees-vergers-cultures-tropicales.json,700,6
sirene/31/dechets-recyclage-assainissement.json,28684,226
sirene/31/demenagement.json,4171,36
sirene/31/eau-potable-captage-traitement-distribution.json,6458,47
sirene/31/ebenisterie-meubles-restauration-de-meubles.json,4365,37
sirene/31/ecoles-de-sport-equitation.json,10829,92
sirene/31/ecoles-maternelles-et-elementaires.json,95242,660
sirene/31/electricite-du-batiment.json,62804,553
sirene/31/electronique-materiel-electrique.json,9376,76
sirene/31/elements-prefabriques-en-beton.json,2532,20
sirene/31/elevage-bovin-ovin-caprin-porcin-volailles.json,6662,61
sirene/31/elevage-de-chevaux-haras.json,1987,18
sirene/31/enseignement-culturel-conservatoires.json,12056,103
sirene/31/enseignes-signaletique-marquage.json,1622,12
sirene/31/entrepots-logistique.json,34373,274
sirene/31/esthetique-soins-de-beaute.json,25184,220
sirene/31/fabrication-de-monnaies-medailles.json,3,0
sirene/31/fleuristes-jardineries.json,19193,169
sirene/31/fleurs-artificielles-parures-de-mode.json,365,3
sirene/31/fonderies.json,493,4
sirene/31/forets-travaux-forestiers.json,3738,30
sirene/31/froid-industriel-installation-de-machines.json,5944,51
sirene/31/garages-carrosseries-voitures.json,83063,720
sirene/31/geometres-experts-topographie.json,5547,50
sirene/31/grossistes-en-fruits-et-legumes.json,5774,49
sirene/31/grossistes-en-poissons-crustaces-mollusques.json,98,1
sirene/31/grossistes-en-viandes.json,3032,27
sirene/31/guides-offices-de-tourisme.json,4910,33
sirene/31/handicap-foyers-esat-ime.json,24686,163
sirene/31/hopitaux-cliniques-laboratoires.json,45419,348
sirene/31/horticulture-maraichage-agriculture.json,27682,254
sirene/31/hotels.json,38042,324
sirene/31/imprimerie-prepresse-reliure.json,10883,94
sirene/31/industrie-agroalimentaire.json,9647,81
sirene/31/interim-recrutement.json,44299,371
sirene/31/laboratoires-d-analyses-et-d-essais.json,3872,29
sirene/31/laboratoires-de-recherche-scientifique.json,19998,157
sirene/31/loisirs-animation.json,69730,534
sirene/31/magasins-specialises-bricolage-maison-sport-high-tech.json,126269,1079
sirene/31/maintenance-d-equipements-ascenseurs.json,12434,107
sirene/31/mairies-administrations.json,115916,828
sirene/31/materiels-agricoles-engins-de-chantier.json,17520,149
sirene/31/menuiserie-agencement-serrurerie.json,61006,527
sirene/31/motos-scooters.json,6873,61
sirene/31/navigation-fluviale.json,1019,8
sirene/31/navigation-maritime-plaisance-professionnelle.json,126,1
sirene/31/nettoyage-proprete.json,54455,475
sirene/31/objets-en-bois-liege-vannerie.json,642,6
sirene/31/optique-photonique-instruments-de-mesure.json,4396,40
sirene/31/parcs-naturels-jardins-botaniques-et-zoologiques.json,665,5
sirene/31/parfumerie-cosmetiques.json,11745,97
sirene/31/paysagistes-espaces-verts.json,25769,227
sirene/31/peche-professionnelle.json,3,0
sirene/31/peinture-platre-carrelage-sols-isolation.json,79930,714
sirene/31/personnes-agees-ehpad-residences.json,26146,202
sirene/31/pharmacie-optique-protheses.json,108902,909
sirene/31/photographie.json,2756,25
sirene/31/plastique-verre-materiaux.json,4332,36
sirene/31/plomberie-chauffage-climatisation-froid.json,73651,638
sirene/31/poids-lourds-utilitaires.json,2836,24
sirene/31/poste-courrier.json,1100,11
sirene/31/pressing-blanchisserie-retouches.json,16261,141
sirene/31/primeur-fromagerie-epicerie-fine-cave.json,21819,195
sirene/31/production-et-distribution-d-energie.json,14349,119
sirene/31/publicite-design-graphique.json,27998,251
sirene/31/remontees-mecaniques-telepheriques.json,444,3
sirene/31/reparation-d-ordinateurs-et-de-telephones.json,5036,44
sirene/31/reparation-de-machines-et-d-electronique.json,12761,105
sirene/31/reseaux-electriques-et-telecoms.json,5745,49
sirene/31/restaurants.json,151308,1366
sirene/31/restauration-collective-cantines-entreprises.json,16277,121
sirene/31/restauration-rapide.json,147308,1333
sirene/31/scieries-preparation-du-bois.json,2966,25
sirene/31/secretariat-accueil-centres-d-appels.json,51931,446
sirene/31/securite-privee-surveillance.json,22092,181
sirene/31/services-a-l-elevage-marechalerie.json,915,8
sirene/31/services-informatiques-reseaux.json,53333,487
sirene/31/spectacle-musees-bibliotheques.json,52597,451
sirene/31/superettes-alimentation-generale.json,22358,195
sirene/31/supermarches-grandes-surfaces.json,60367,537
sirene/31/tapisserie-decoration-textile.json,4106,35
sirene/31/telecommunications.json,8764,74
sirene/31/traitement-des-dechets-dangereux.json,290,2
sirene/31/traiteurs.json,12000,106
sirene/31/transformation-de-poissons-crustaces-mollusques.json,143,1
sirene/31/transformation-de-viandes.json,3752,33
sirene/31/transport-de-marchandises-livraison.json,66077,572
sirene/31/transport-de-voyageurs.json,31763,276
sirene/31/travaux-agricoles-services-aux-cultures.json,3428,31
sirene/31/travaux-publics-routes-reseaux.json,35295,301
sirene/31/usinage-mecanique-outillage.json,14433,123
sirene/31/vetements-chaussures-accessoires.json,76447,656
sirene/31/veterinaires-soins-aux-animaux.json,27399,226
sirene/31/viticulture-vinification.json,1863,16
sirene/32/activites-sportives-dont-ecuries-de-course.json,549,4
sirene/32/aeronautique.json,1121,10
sirene/32/agences-immobilieres-gestion-de-logements.json,11876,106
sirene/32/aide-a-domicile.json,6268,45
sirene/32/ambulances.json,4080,35
sirene/32/aquaculture-pisciculture-conchyliculture.json,424,4
sirene/32/architectes.json,1550,13
sirene/32/armurerie-fabrication-d-armes.json,3,0
sirene/32/associations-animation-solidarite.json,26942,175
sirene/32/audiovisuel-cinema-son.json,905,8
sirene/32/autres-elevages-dont-animaux-de-compagnie-apiculture.json,221,2
sirene/32/banques-assurances.json,13816,110
sirene/32/bateaux-nautisme.json,3,0
sirene/32/bijouterie-horlogerie.json,279,3
sirene/32/boucherie-charcuterie-poissonnerie.json,5984,55
sirene/32/boulangerie-patisserie.json,12005,105
sirene/32/bureaux-d-etudes-economistes-de-la-construction.json,5671,50
sirene/32/cafes-bars.json,5559,52
sirene/32/ceramique-verre-d-art-instruments-de-musique.json,3,0
sirene/32/chaudronnerie-soudure-structures-metalliques.json,1266,11
sirene/32/chimie-pharmacie-cosmetiques-papier.json,2302,19
sirene/32/chocolaterie-confiserie-glaces.json,599,5
sirene/32/clubs-et-salles-de-sport.json,11084,92
sirene/32/coiffure.json,5318,47
sirene/32/commerce-de-gros-entre-entreprises.json,11406,103
sirene/32/comptabilite-conseil-gestion.json,22143,180
sirene/32/concessionnaires-vente-de-vehicules-et-pieces.json,10880,94
sirene/32/construction-de-navires.json,3,0
sirene/32/construction-maconnerie-gros-uvre.json,20939,191
sirene/32/couture-confection.json,3,0
sirene/32/creches-petite-enfance.json,3171,24
sirene/32/cuir-maroquinerie-cordonnerie.json,434,4
sirene/32/cultures-specialisees-vergers-cultures-tropicales.json,1182,11
sirene/32/dechets-recyclage-assainissement.json,8320,62
sirene/32/demenagement.json,128,1
sirene/32/eau-potable-captage-traitement-distribution.json,3564,26
sirene/32/ebenisterie-meubles-restauration-de-meubles.json,1163,10
sirene/32/ecoles-de-sport-equitation.json,571,5
sirene/32/ecoles-maternelles-et-elementaires.json,14901,112
sirene/32/electricite-du-batiment.json,7356,64
sirene/32/electronique-materiel-electrique.json,242,2
sirene/32/elements-prefabriques-en-beton.json,3,0
sirene/32/elevage-bovin-ovin-caprin-porcin-volailles.json,6826,65
sirene/32/elevage-de-chevaux-haras.json,810,8
sirene/32/enseignement-culturel-conservatoires.json,1704,15
sirene/32/enseignes-signaletique-marquage.json,306,2
sirene/32/entrepots-logistique.json,1889,17
sirene/32/esthetique-soins-de-beaute.json,1992,17
sirene/32/fabrication-de-monnaies-medailles.json,3,0
sirene/32/fleuristes-jardineries.json,3954,38
sirene/32/fleurs-artificielles-parures-de-mode.json,132,1
sirene/32/fonderies.json,3,0
sirene/32/forets-travaux-forestiers.json,893,8
sirene/32/froid-industriel-installation-de-machines.json,519,5
sirene/32/garages-carrosseries-voitures.json,12934,115
sirene/32/geometres-experts-topographie.json,1497,14
sirene/32/grossistes-en-fruits-et-legumes.json,917,8
sirene/32/grossistes-en-poissons-crustaces-mollusques.json,3,0
sirene/32/grossistes-en-viandes.json,545,5
sirene/32/guides-offices-de-tourisme.json,2336,17
sirene/32/handicap-foyers-esat-ime.json,5434,35
sirene/32/hopitaux-cliniques-laboratoires.json,8725,68
sirene/32/horticulture-maraichage-agriculture.json,26290,258
sirene/32/hotels.json,7468,65
sirene/32/imprimerie-prepresse-reliure.json,687,6
sirene/32/industrie-agroalimentaire.json,2161,19
sirene/32/interim-recrutement.json,7905,67
sirene/32/laboratoires-d-analyses-et-d-essais.json,497,4
sirene/32/laboratoires-de-recherche-scientifique.json,748,6
sirene/32/loisirs-animation.json,10901,83
sirene/32/magasins-specialises-bricolage-maison-sport-high-tech.json,15080,137
sirene/32/maintenance-d-equipements-ascenseurs.json,368,3
sirene/32/mairies-administrations.json,59036,456
sirene/32/materiels-agricoles-engins-de-chantier.json,7829,72
sirene/32/menuiserie-agencement-serrurerie.json,9379,85
sirene/32/motos-scooters.json,1287,11
sirene/32/navigation-fluviale.json,138,1
sirene/32/navigation-maritime-plaisance-professionnelle.json,3,0
sirene/32/nettoyage-proprete.json,2866,25
sirene/32/objets-en-bois-liege-vannerie.json,211,2
sirene/32/optique-photonique-instruments-de-mesure.json,329,3
sirene/32/parcs-naturels-jardins-botaniques-et-zoologiques.json,125,1
sirene/32/parfumerie-cosmetiques.json,435,4
sirene/32/paysagistes-espaces-verts.json,2612,23
sirene/32/peche-professionnelle.json,3,0
sirene/32/peinture-platre-carrelage-sols-isolation.json,8658,79
sirene/32/personnes-agees-ehpad-residences.json,6644,48
sirene/32/pharmacie-optique-protheses.json,15273,128
sirene/32/photographie.json,251,2
sirene/32/plastique-verre-materiaux.json,418,4
sirene/32/plomberie-chauffage-climatisation-froid.json,8771,77
sirene/32/poids-lourds-utilitaires.json,1076,9
sirene/32/poste-courrier.json,392,4
sirene/32/pressing-blanchisserie-retouches.json,874,8
sirene/32/primeur-fromagerie-epicerie-fine-cave.json,4148,37
sirene/32/production-et-distribution-d-energie.json,3923,38
sirene/32/publicite-design-graphique.json,1721,15
sirene/32/remontees-mecaniques-telepheriques.json,3,0
sirene/32/reparation-d-ordinateurs-et-de-telephones.json,513,5
sirene/32/reparation-de-machines-et-d-electronique.json,2949,27
sirene/32/reseaux-electriques-et-telecoms.json,1562,12
sirene/32/restaurants.json,14113,130
sirene/32/restauration-collective-cantines-entreprises.json,3534,27
sirene/32/restauration-rapide.json,8420,78
sirene/32/scieries-preparation-du-bois.json,307,3
sirene/32/secretariat-accueil-centres-d-appels.json,4310,40
sirene/32/securite-privee-surveillance.json,1097,8
sirene/32/services-a-l-elevage-marechalerie.json,534,5
sirene/32/services-informatiques-reseaux.json,1689,16
sirene/32/spectacle-musees-bibliotheques.json,4672,41
sirene/32/superettes-alimentation-generale.json,2409,22
sirene/32/supermarches-grandes-surfaces.json,8924,79
sirene/32/tapisserie-decoration-textile.json,106,1
sirene/32/telecommunications.json,722,7
sirene/32/traitement-des-dechets-dangereux.json,3,0
sirene/32/traiteurs.json,1362,12
sirene/32/transformation-de-poissons-crustaces-mollusques.json,259,2
sirene/32/transformation-de-viandes.json,3297,29
sirene/32/transport-de-marchandises-livraison.json,6957,60
sirene/32/transport-de-voyageurs.json,6750,55
sirene/32/travaux-agricoles-services-aux-cultures.json,4844,46
sirene/32/travaux-publics-routes-reseaux.json,7900,71
sirene/32/usinage-mecanique-outillage.json,1582,14
sirene/32/vetements-chaussures-accessoires.json,6528,60
sirene/32/veterinaires-soins-aux-animaux.json,4283,35
sirene/32/viticulture-vinification.json,7570,69
sirene/33/activites-sportives-dont-ecuries-de-course.json,8956,73
sirene/33/aeronautique.json,5579,45
sirene/33/agences-immobilieres-gestion-de-logements.json,144547,1182
sirene/33/aide-a-domicile.json,46082,364
sirene/33/ambulances.json,12580,100
sirene/33/aquaculture-pisciculture-conchyliculture.json,15173,126
sirene/33/architectes.json,44319,385
sirene/33/armurerie-fabrication-d-armes.json,434,4
sirene/33/associations-animation-solidarite.json,92963,710
sirene/33/audiovisuel-cinema-son.json,16689,153
sirene/33/autres-elevages-dont-animaux-de-compagnie-apiculture.json,1224,10
sirene/33/banques-assurances.json,72958,585
sirene/33/bateaux-nautisme.json,7533,62
sirene/33/bijouterie-horlogerie.json,6004,50
sirene/33/boucherie-charcuterie-poissonnerie.json,38305,322
sirene/33/boulangerie-patisserie.json,87136,738
sirene/33/bureaux-d-etudes-economistes-de-la-construction.json,131698,1134
sirene/33/cafes-bars.json,45960,414
sirene/33/ceramique-verre-d-art-instruments-de-musique.json,1709,15
sirene/33/chaudronnerie-soudure-structures-metalliques.json,10058,86
sirene/33/chimie-pharmacie-cosmetiques-papier.json,13246,111
sirene/33/chocolaterie-confiserie-glaces.json,5169,44
sirene/33/clubs-et-salles-de-sport.json,114724,897
sirene/33/coiffure.json,92616,803
sirene/33/commerce-de-gros-entre-entreprises.json,112080,938
sirene/33/comptabilite-conseil-gestion.json,278427,2401
sirene/33/concessionnaires-vente-de-vehicules-et-pieces.json,69858,578
sirene/33/construction-de-navires.json,3,0
sirene/33/construction-maconnerie-gros-uvre.json,224636,1957
sirene/33/couture-confection.json,3495,29
sirene/33/creches-petite-enfance.json,57377,464
sirene/33/cuir-maroquinerie-cordonnerie.json,3833,33
sirene/33/cultures-specialisees-vergers-cultures-tropicales.json,2633,23
sirene/33/dechets-recyclage-assainissement.json,45992,337
sirene/33/demenagement.json,5038,39
sirene/33/eau-potable-captage-traitement-distribution.json,12514,85
sirene/33/ebenisterie-meubles-restauration-de-meubles.json,6738,58
sirene/33/ecoles-de-sport-equitation.json,16765,139
sirene/33/ecoles-maternelles-et-elementaires.json,125700,901
sirene/33/electricite-du-batiment.json,67972,594
sirene/33/electronique-materiel-electrique.json,6163,51
sirene/33/elements-prefabriques-en-beton.json,2309,20
sirene/33/elevage-bovin-ovin-caprin-porcin-volailles.json,4936,44
sirene/33/elevage-de-chevaux-haras.json,4098,36
sirene/33/enseignement-culturel-conservatoires.json,12239,99
sirene/33/enseignes-signaletique-marquage.json,3530,28
sirene/33/entrepots-logistique.json,42332,349
sirene/33/esthetique-soins-de-beaute.json,33907,295
sirene/33/fabrication-de-monnaies-medailles.json,100,1
sirene/33/fleuristes-jardineries.json,24081,205
sirene/33/fleurs-artificielles-parures-de-mode.json,3,0
sirene/33/fonderies.json,652,5
sirene/33/forets-travaux-forestiers.json,14122,120
sirene/33/froid-industriel-installation-de-machines.json,5685,47
sirene/33/garages-carrosseries-voitures.json,102513,866
sirene/33/geometres-experts-topographie.json,9198,78
sirene/33/grossistes-en-fruits-et-legumes.json,6774,59
sirene/33/grossistes-en-poissons-crustaces-mollusques.json,2463,20
sirene/33/grossistes-en-viandes.json,1909,15
sirene/33/guides-offices-de-tourisme.json,5928,43
sirene/33/handicap-foyers-esat-ime.json,23749,181
sirene/33/hopitaux-cliniques-laboratoires.json,44835,331
sirene/33/horticulture-maraichage-agriculture.json,16880,151
sirene/33/hotels.json,70173,589
sirene/33/imprimerie-prepresse-reliure.json,12171,104
sirene/33/industrie-agroalimentaire.json,8153,72
sirene/33/interim-recrutement.json,64383,527
sirene/33/laboratoires-d-analyses-et-d-essais.json,6355,47
sirene/33/laboratoires-de-recherche-scientifique.json,15841,121
sirene/33/loisirs-animation.json,102197,765
sirene/33/magasins-specialises-bricolage-maison-sport-high-tech.json,176568,1479
sirene/33/maintenance-d-equipements-ascenseurs.json,10630,87
sirene/33/mairies-administrations.json,158526,1095
sirene/33/materiels-agricoles-engins-de-chantier.json,26621,229
sirene/33/menuiserie-agencement-serrurerie.json,87118,737
sirene/33/motos-scooters.json,10888,92
sirene/33/navigation-fluviale.json,1048,9
sirene/33/navigation-maritime-plaisance-professionnelle.json,2521,20
sirene/33/nettoyage-proprete.json,59980,513
sirene/33/objets-en-bois-liege-vannerie.json,1484,13
sirene/33/optique-photonique-instruments-de-mesure.json,3529,30
sirene/33/parcs-naturels-jardins-botaniques-et-zoologiques.json,2154,15
sirene/33/parfumerie-cosmetiques.json,12188,98
sirene/33/paysagistes-espaces-verts.json,37116,318
sirene/33/peche-professionnelle.json,526,4
sirene/33/peinture-platre-carrelage-sols-isolation.json,115354,1020
sirene/33/personnes-agees-ehpad-residences.json,40558,302
sirene/33/pharmacie-optique-protheses.json,135915,1088
sirene/33/photographie.json,5385,46
sirene/33/plastique-verre-materiaux.json,5258,43
sirene/33/plomberie-chauffage-climatisation-froid.json,89175,767
sirene/33/poids-lourds-utilitaires.json,3324,29
sirene/33/poste-courrier.json,701,7
sirene/33/pressing-blanchisserie-retouches.json,19656,172
sirene/33/primeur-fromagerie-epicerie-fine-cave.json,30752,262
sirene/33/production-et-distribution-d-energie.json,13794,120
sirene/33/publicite-design-graphique.json,36278,327
sirene/33/remontees-mecaniques-telepheriques.json,3,0
sirene/33/reparation-d-ordinateurs-et-de-telephones.json,6583,56
sirene/33/reparation-de-machines-et-d-electronique.json,17434,141
sirene/33/reseaux-electriques-et-telecoms.json,5339,44
sirene/33/restaurants.json,203381,1817
sirene/33/restauration-collective-cantines-entreprises.json,29945,217
sirene/33/restauration-rapide.json,165724,1488
sirene/33/scieries-preparation-du-bois.json,5428,45
sirene/33/secretariat-accueil-centres-d-appels.json,60291,517
sirene/33/securite-privee-surveillance.json,19913,165
sirene/33/services-a-l-elevage-marechalerie.json,1775,15
sirene/33/services-informatiques-reseaux.json,56020,520
sirene/33/spectacle-musees-bibliotheques.json,51561,437
sirene/33/superettes-alimentation-generale.json,25028,212
sirene/33/supermarches-grandes-surfaces.json,67893,596
sirene/33/tapisserie-decoration-textile.json,2994,24
sirene/33/telecommunications.json,11661,99
sirene/33/traitement-des-dechets-dangereux.json,346,3
sirene/33/traiteurs.json,16078,140
sirene/33/transformation-de-poissons-crustaces-mollusques.json,919,7
sirene/33/transformation-de-viandes.json,5092,43
sirene/33/transport-de-marchandises-livraison.json,68112,576
sirene/33/transport-de-voyageurs.json,32906,269
sirene/33/travaux-agricoles-services-aux-cultures.json,19441,172
sirene/33/travaux-publics-routes-reseaux.json,42903,365
sirene/33/usinage-mecanique-outillage.json,13973,117
sirene/33/vetements-chaussures-accessoires.json,108452,909
sirene/33/veterinaires-soins-aux-animaux.json,31076,266
sirene/33/viticulture-vinification.json,217351,1824
sirene/34/activites-sportives-dont-ecuries-de-course.json,7836,61
sirene/34/aeronautique.json,1083,9
sirene/34/agences-immobilieres-gestion-de-logements.json,114564,911
sirene/34/aide-a-domicile.json,32412,257
sirene/34/ambulances.json,13306,112
sirene/34/aquaculture-pisciculture-conchyliculture.json,9511,84
sirene/34/architectes.json,23896,197
sirene/34/armurerie-fabrication-d-armes.json,3,0
sirene/34/associations-animation-solidarite.json,87785,657
sirene/34/audiovisuel-cinema-son.json,16404,142
sirene/34/autres-elevages-dont-animaux-de-compagnie-apiculture.json,203,2
sirene/34/banques-assurances.json,46832,358
sirene/34/bateaux-nautisme.json,4579,39
sirene/34/bijouterie-horlogerie.json,3382,29
sirene/34/boucherie-charcuterie-poissonnerie.json,34576,290
sirene/34/boulangerie-patisserie.json,67775,569
sirene/34/bureaux-d-etudes-economistes-de-la-construction.json,88863,743
sirene/34/cafes-bars.json,49441,443
sirene/34/ceramique-verre-d-art-instruments-de-musique.json,1291,11
sirene/34/chaudronnerie-soudure-structures-metalliques.json,8290,68
sirene/34/chimie-pharmacie-cosmetiques-papier.json,7029,58
sirene/34/chocolaterie-confiserie-glaces.json,3231,27
sirene/34/clubs-et-salles-de-sport.json,89241,695
sirene/34/coiffure.json,64951,560
sirene/34/commerce-de-gros-entre-entreprises.json,76750,640
sirene/34/comptabilite-conseil-gestion.json,189257,1574
sirene/34/concessionnaires-vente-de-vehicules-et-pieces.json,55987,468
sirene/34/construction-de-navires.json,315,3
sirene/34/construction-maconnerie-gros-uvre.json,153461,1334
sirene/34/couture-confection.json,3376,29
sirene/34/creches-petite-enfance.json,33535,256
sirene/34/cuir-maroquinerie-cordonnerie.json,3168,26
sirene/34/cultures-specialisees-vergers-cultures-tropicales.json,3082,27
sirene/34/dechets-recyclage-assainissement.json,31758,235
sirene/34/demenagement.json,4339,36
sirene/34/eau-potable-captage-traitement-distribution.json,10237,75
sirene/34/ebenisterie-meubles-restauration-de-meubles.json,4172,35
sirene/34/ecoles-de-sport-equitation.json,10665,87
sirene/34/ecoles-maternelles-et-elementaires.json,80634,565
sirene/34/electricite-du-batiment.json,57708,506
sirene/34/electronique-materiel-electrique.json,4800,39
sirene/34/elements-prefabriques-en-beton.json,1743,15
sirene/34/elevage-bovin-ovin-caprin-porcin-volailles.json,3584,32
sirene/34/elevage-de-chevaux-haras.json,1149,10
sirene/34/enseignement-culturel-conservatoires.json,13175,110
sirene/34/enseignes-signaletique-marquage.json,1969,15
sirene/34/entrepots-logistique.json,20785,172
sirene/34/esthetique-soins-de-beaute.json,28868,247
sirene/34/fabrication-de-monnaies-medailles.json,3,0
sirene/34/fleuristes-jardineries.json,15619,131
sirene/34/fleurs-artificielles-parures-de-mode.json,3,0
sirene/34/fonderies.json,3,0
sirene/34/forets-travaux-forestiers.json,2158,18
sirene/34/froid-industriel-installation-de-machines.json,4630,38
sirene/34/garages-carrosseries-voitures.json,78338,658
sirene/34/geometres-experts-topographie.json,5463,45
sirene/34/grossistes-en-fruits-et-legumes.json,5917,48
sirene/34/grossistes-en-poissons-crustaces-mollusques.json,4235,36
sirene/34/grossistes-en-viandes.json,2223,18
sirene/34/guides-offices-de-tourisme.json,5543,38
sirene/34/handicap-foyers-esat-ime.json,20276,119
sirene/34/hopitaux-cliniques-laboratoires.json,35882,256
sirene/34/horticulture-maraichage-agriculture.json,9879,87
sirene/34/hotels.json,51208,420
sirene/34/imprimerie-prepresse-reliure.json,8164,66
sirene/34/industrie-agroalimentaire.json,9223,77
sirene/34/interim-recrutement.json,47811,377
sirene/34/laboratoires-d-analyses-et-d-essais.json,2245,16
sirene/34/laboratoires-de-recherche-scientifique.json,21035,164
sirene/34/loisirs-animation.json,77203,584
sirene/34/magasins-specialises-bricolage-maison-sport-high-tech.json,132319,1110
sirene/34/maintenance-d-equipements-ascenseurs.json,10594,89
sirene/34/mairies-administrations.json,98749,687
sirene/34/materiels-agricoles-engins-de-chantier.json,15141,124
sirene/34/menuiserie-agencement-serrurerie.json,60385,504
sirene/34/motos-scooters.json,6497,58
sirene/34/navigation-fluviale.json,951,8
sirene/34/navigation-maritime-plaisance-professionnelle.json,1104,10
sirene/34/nettoyage-proprete.json,50760,428
sirene/34/objets-en-bois-liege-vannerie.json,613,6
sirene/34/optique-photonique-instruments-de-mesure.json,2855,23
sirene/34/parcs-naturels-jardins-botaniques-et-zoologiques.json,1218,9
sirene/34/parfumerie-cosmetiques.json,9097,72
sirene/34/paysagistes-espaces-verts.json,27598,236
sirene/34/peche-professionnelle.json,4761,45
sirene/34/peinture-platre-carrelage-sols-isolation.json,70126,611
sirene/34/personnes-agees-ehpad-residences.json,25941,187
sirene/34/pharmacie-optique-protheses.json,109979,880
sirene/34/photographie.json,4135,35
sirene/34/plastique-verre-materiaux.json,3239,26
sirene/34/plomberie-chauffage-climatisation-froid.json,71126,609
sirene/34/poids-lourds-utilitaires.json,4546,36
sirene/34/poste-courrier.json,1183,12
sirene/34/pressing-blanchisserie-retouches.json,12226,101
sirene/34/primeur-fromagerie-epicerie-fine-cave.json,27335,231
sirene/34/production-et-distribution-d-energie.json,13832,113
sirene/34/publicite-design-graphique.json,26071,221
sirene/34/remontees-mecaniques-telepheriques.json,3,0
sirene/34/reparation-d-ordinateurs-et-de-telephones.json,5572,44
sirene/34/reparation-de-machines-et-d-electronique.json,8069,65
sirene/34/reseaux-electriques-et-telecoms.json,4387,37
sirene/34/restaurants.json,191046,1668
sirene/34/restauration-collective-cantines-entreprises.json,12948,90
sirene/34/restauration-rapide.json,150223,1322
sirene/34/scieries-preparation-du-bois.json,989,7
sirene/34/secretariat-accueil-centres-d-appels.json,43219,362
sirene/34/securite-privee-surveillance.json,17803,145
sirene/34/services-a-l-elevage-marechalerie.json,899,8
sirene/34/services-informatiques-reseaux.json,44538,388
sirene/34/spectacle-musees-bibliotheques.json,47663,404
sirene/34/superettes-alimentation-generale.json,17445,148
sirene/34/supermarches-grandes-surfaces.json,66011,571
sirene/34/tapisserie-decoration-textile.json,3025,25
sirene/34/telecommunications.json,8441,75
sirene/34/traitement-des-dechets-dangereux.json,330,3
sirene/34/traiteurs.json,15164,129
sirene/34/transformation-de-poissons-crustaces-mollusques.json,1403,11
sirene/34/transformation-de-viandes.json,3847,33
sirene/34/transport-de-marchandises-livraison.json,49208,406
sirene/34/transport-de-voyageurs.json,24648,208
sirene/34/travaux-agricoles-services-aux-cultures.json,10710,100
sirene/34/travaux-publics-routes-reseaux.json,32806,275
sirene/34/usinage-mecanique-outillage.json,6895,58
sirene/34/vetements-chaussures-accessoires.json,86003,735
sirene/34/veterinaires-soins-aux-animaux.json,24995,206
sirene/34/viticulture-vinification.json,78698,683
sirene/35/activites-sportives-dont-ecuries-de-course.json,6584,54
sirene/35/aeronautique.json,1006,7
sirene/35/agences-immobilieres-gestion-de-logements.json,68963,576
sirene/35/aide-a-domicile.json,34082,261
sirene/35/ambulances.json,14761,112
sirene/35/aquaculture-pisciculture-conchyliculture.json,8421,76
sirene/35/architectes.json,30371,264
sirene/35/armurerie-fabrication-d-armes.json,3,0
sirene/35/associations-animation-solidarite.json,81346,639
sirene/35/audiovisuel-cinema-son.json,12290,108
sirene/35/autres-elevages-dont-animaux-de-compagnie-apiculture.json,1333,13
sirene/35/banques-assurances.json,48429,353
sirene/35/bateaux-nautisme.json,3156,26
sirene/35/bijouterie-horlogerie.json,1739,15
sirene/35/boucherie-charcuterie-poissonnerie.json,22240,190
sirene/35/boulangerie-patisserie.json,59315,503
sirene/35/bureaux-d-etudes-economistes-de-la-construction.json,72697,622
sirene/35/cafes-bars.json,41959,387
sirene/35/ceramique-verre-d-art-instruments-de-musique.json,327,3
sirene/35/chaudronnerie-soudure-structures-metalliques.json,5749,46
sirene/35/chimie-pharmacie-cosmetiques-papier.json,8537,70
sirene/35/chocolaterie-confiserie-glaces.json,3218,27
sirene/35/clubs-et-salles-de-sport.json,99842,793
sirene/35/coiffure.json,51351,443
sirene/35/commerce-de-gros-entre-entreprises.json,75783,624
sirene/35/comptabilite-conseil-gestion.json,154360,1317
sirene/35/concessionnaires-vente-de-vehicules-et-pieces.json,53178,432
sirene/35/construction-de-navires.json,786,7
sirene/35/construction-maconnerie-gros-uvre.json,106261,919
sirene/35/couture-confection.json,2785,25
sirene/35/creches-petite-enfance.json,45682,361
sirene/35/cuir-maroquinerie-cordonnerie.json,4624,37
sirene/35/cultures-specialisees-vergers-cultures-tropicales.json,1794,17
sirene/35/dechets-recyclage-assainissement.json,38706,295
sirene/35/demenagement.json,3764,29
sirene/35/eau-potable-captage-traitement-distribution.json,5901,42
sirene/35/ebenisterie-meubles-restauration-de-meubles.json,8301,71
sirene/35/ecoles-de-sport-equitation.json,10637,90
sirene/35/ecoles-maternelles-et-elementaires.json,63649,431
sirene/35/electricite-du-batiment.json,38837,335
sirene/35/electronique-materiel-electrique.json,4492,38
sirene/35/elements-prefabriques-en-beton.json,2686,24
sirene/35/elevage-bovin-ovin-caprin-porcin-volailles.json,66758,648
sirene/35/elevage-de-chevaux-haras.json,2439,22
sirene/35/enseignement-culturel-conservatoires.json,9745,79
sirene/35/enseignes-signaletique-marquage.json,1609,12
sirene/35/entrepots-logistique.json,23952,187
sirene/35/esthetique-soins-de-beaute.json,15427,137
sirene/35/fabrication-de-monnaies-medailles.json,3,0
sirene/35/fleuristes-jardineries.json,15847,136
sirene/35/fleurs-artificielles-parures-de-mode.json,3,0
sirene/35/fonderies.json,382,4
sirene/35/forets-travaux-forestiers.json,2329,20
sirene/35/froid-industriel-installation-de-machines.json,4600,36
sirene/35/garages-carrosseries-voitures.json,71989,604
sirene/35/geometres-experts-topographie.json,2796,26
sirene/35/grossistes-en-fruits-et-legumes.json,2155,19
sirene/35/grossistes-en-poissons-crustaces-mollusques.json,4402,35
sirene/35/grossistes-en-viandes.json,1510,12
sirene/35/guides-offices-de-tourisme.json,3936,29
sirene/35/handicap-foyers-esat-ime.json,24360,179
sirene/35/hopitaux-cliniques-laboratoires.json,29494,215
sirene/35/horticulture-maraichage-agriculture.json,75014,719
sirene/35/hotels.json,46852,403
sirene/35/imprimerie-prepresse-reliure.json,7961,67
sirene/35/industrie-agroalimentaire.json,8989,73
sirene/35/interim-recrutement.json,84146,680
sirene/35/laboratoires-d-analyses-et-d-essais.json,2966,22
sirene/35/laboratoires-de-recherche-scientifique.json,11717,89
sirene/35/loisirs-animation.json,60722,458
sirene/35/magasins-specialises-bricolage-maison-sport-high-tech.json,104139,883
sirene/35/maintenance-d-equipements-ascenseurs.json,6221,52
sirene/35/mairies-administrations.json,121740,839
sirene/35/materiels-agricoles-engins-de-chantier.json,27082,234
sirene/35/menuiserie-agencement-serrurerie.json,67471,569
sirene/35/motos-scooters.json,6905,58
sirene/35/navigation-fluviale.json,125,1
sirene/35/navigation-maritime-plaisance-professionnelle.json,1045,8
sirene/35/nettoyage-proprete.json,34161,282
sirene/35/objets-en-bois-liege-vannerie.json,800,7
sirene/35/optique-photonique-instruments-de-mesure.json,1316,12
sirene/35/parcs-naturels-jardins-botaniques-et-zoologiques.json,359,3
sirene/35/parfumerie-cosmetiques.json,8178,68
sirene/35/paysagistes-espaces-verts.json,26839,235
sirene/35/peche-professionnelle.json,2319,21
sirene/35/peinture-platre-carrelage-sols-isolation.json,72701,641
sirene/35/personnes-agees-ehpad-residences.json,25481,180
sirene/35/pharmacie-optique-protheses.json,83688,691
sirene/35/photographie.json,2949,26
sirene/35/plastique-verre-materiaux.json,5235,43
sirene/35/plomberie-chauffage-climatisation-froid.json,46881,394
sirene/35/poids-lourds-utilitaires.json,4160,32
sirene/35/poste-courrier.json,1629,15
sirene/35/pressing-blanchisserie-retouches.json,11978,104
sirene/35/primeur-fromagerie-epicerie-fine-cave.json,14944,132
sirene/35/production-et-distribution-d-energie.json,12691,112
sirene/35/publicite-design-graphique.json,20395,179
sirene/35/remontees-mecaniques-telepheriques.json,3,0
sirene/35/reparation-d-ordinateurs-et-de-telephones.json,3794,31
sirene/35/reparation-de-machines-et-d-electronique.json,15475,127
sirene/35/reseaux-electriques-et-telecoms.json,2216,19
sirene/35/restaurants.json,122886,1106
sirene/35/restauration-collective-cantines-entreprises.json,11740,84
sirene/35/restauration-rapide.json,77033,692
sirene/35/scieries-preparation-du-bois.json,3174,29
sirene/35/secretariat-accueil-centres-d-appels.json,40551,350
sirene/35/securite-privee-surveillance.json,8499,67
sirene/35/services-a-l-elevage-marechalerie.json,3487,32
sirene/35/services-informatiques-reseaux.json,32996,295
sirene/35/spectacle-musees-bibliotheques.json,35550,300
sirene/35/superettes-alimentation-generale.json,17111,147
sirene/35/supermarches-grandes-surfaces.json,45271,390
sirene/35/tapisserie-decoration-textile.json,3750,31
sirene/35/telecommunications.json,5730,48
sirene/35/traitement-des-dechets-dangereux.json,89,1
sirene/35/traiteurs.json,6986,59
sirene/35/transformation-de-poissons-crustaces-mollusques.json,636,5
sirene/35/transformation-de-viandes.json,6831,56
sirene/35/transport-de-marchandises-livraison.json,53567,448
sirene/35/transport-de-voyageurs.json,17833,143
sirene/35/travaux-agricoles-services-aux-cultures.json,9992,97
sirene/35/travaux-publics-routes-reseaux.json,30868,268
sirene/35/usinage-mecanique-outillage.json,8677,72
sirene/35/vetements-chaussures-accessoires.json,80251,705
sirene/35/veterinaires-soins-aux-animaux.json,20622,172
sirene/35/viticulture-vinification.json,199,2
sirene/36/activites-sportives-dont-ecuries-de-course.json,786,6
sirene/36/aeronautique.json,1398,11
sirene/36/agences-immobilieres-gestion-de-logements.json,7277,57
sirene/36/aide-a-domicile.json,7224,54
sirene/36/ambulances.json,5805,43
sirene/36/aquaculture-pisciculture-conchyliculture.json,1163,10
sirene/36/architectes.json,1416,12
sirene/36/armurerie-fabrication-d-armes.json,97,1
sirene/36/associations-animation-solidarite.json,15067,112
sirene/36/audiovisuel-cinema-son.json,819,7
sirene/36/autres-elevages-dont-animaux-de-compagnie-apiculture.json,818,8
sirene/36/banques-assurances.json,11500,86
sirene/36/bateaux-nautisme.json,109,1
sirene/36/bijouterie-horlogerie.json,3,0
sirene/36/boucherie-charcuterie-poissonnerie.json,3148,28
sirene/36/boulangerie-patisserie.json,9752,84
sirene/36/bureaux-d-etudes-economistes-de-la-construction.json,4543,38
sirene/36/cafes-bars.json,6349,57
sirene/36/ceramique-verre-d-art-instruments-de-musique.json,123,1
sirene/36/chaudronnerie-soudure-structures-metalliques.json,1685,14
sirene/36/chimie-pharmacie-cosmetiques-papier.json,1335,11
sirene/36/chocolaterie-confiserie-glaces.json,376,3
sirene/36/clubs-et-salles-de-sport.json,18030,138
sirene/36/coiffure.json,9196,83
sirene/36/commerce-de-gros-entre-entreprises.json,7322,65
sirene/36/comptabilite-conseil-gestion.json,14993,118
sirene/36/concessionnaires-vente-de-vehicules-et-pieces.json,12912,109
sirene/36/construction-de-navires.json,3,0
sirene/36/construction-maconnerie-gros-uvre.json,19547,175
sirene/36/couture-confection.json,805,7
sirene/36/creches-petite-enfance.json,3449,26
sirene/36/cuir-maroquinerie-cordonnerie.json,2964,25
sirene/36/cultures-specialisees-vergers-cultures-tropicales.json,526,5
sirene/36/dechets-recyclage-assainissement.json,20370,148
sirene/36/demenagement.json,592,5
sirene/36/eau-potable-captage-traitement-distribution.json,6100,44
sirene/36/ebenisterie-meubles-restauration-de-meubles.json,1254,11
sirene/36/ecoles-de-sport-equitation.json,1096,9
sirene/36/ecoles-maternelles-et-elementaires.json,31853,224
sirene/36/electricite-du-batiment.json,7045,62
sirene/36/electronique-materiel-electrique.json,1157,10
sirene/36/elements-prefabriques-en-beton.json,493,4
sirene/36/elevage-bovin-ovin-caprin-porcin-volailles.json,13468,124
sirene/36/elevage-de-chevaux-haras.json,1364,12
sirene/36/enseignement-culturel-conservatoires.json,919,7
sirene/36/enseignes-signaletique-marquage.json,110,1
sirene/36/entrepots-logistique.json,2737,22
sirene/36/esthetique-soins-de-beaute.json,2604,22
sirene/36/fabrication-de-monnaies-medailles.json,3,0
sirene/36/fleuristes-jardineries.json,3648,32
sirene/36/fleurs-artificielles-parures-de-mode.json,3,0
sirene/36/fonderies.json,477,4
sirene/36/forets-travaux-forestiers.json,2318,21
sirene/36/froid-industriel-installation-de-machines.json,583,5
sirene/36/garages-carrosseries-voitures.json,15239,134
sirene/36/geometres-experts-topographie.json,926,8
sirene/36/grossistes-en-fruits-et-legumes.json,333,3
sirene/36/grossistes-en-poissons-crustaces-mollusques.json,117,1
sirene/36/grossistes-en-viandes.json,355,3
sirene/36/guides-offices-de-tourisme.json,2042,15
sirene/36/handicap-foyers-esat-ime.json,7903,51
sirene/36/hopitaux-cliniques-laboratoires.json,13688,91
sirene/36/horticulture-maraichage-agriculture.json,41448,380
sirene/36/hotels.json,8794,75
sirene/36/imprimerie-prepresse-reliure.json,2482,20
sirene/36/industrie-agroalimentaire.json,2218,18
sirene/36/interim-recrutement.json,9827,82
sirene/36/laboratoires-d-analyses-et-d-essais.json,522,4
sirene/36/laboratoires-de-recherche-scientifique.json,344,3
sirene/36/loisirs-animation.json,13425,98
sirene/36/magasins-specialises-bricolage-maison-sport-high-tech.json,17585,150
sirene/36/maintenance-d-equipements-ascenseurs.json,779,7
sirene/36/mairies-administrations.json,66698,486
sirene/36/materiels-agricoles-engins-de-chantier.json,8107,72
sirene/36/menuiserie-agencement-serrurerie.json,9169,80
sirene/36/motos-scooters.json,780,7
sirene/36/navigation-fluviale.json,3,0
sirene/36/navigation-maritime-plaisance-professionnelle.json,3,0
sirene/36/nettoyage-proprete.json,2465,22
sirene/36/objets-en-bois-liege-vannerie.json,3,0
sirene/36/optique-photonique-instruments-de-mesure.json,151,1
sirene/36/parcs-naturels-jardins-botaniques-et-zoologiques.json,121,1
sirene/36/parfumerie-cosmetiques.json,797,7
sirene/36/paysagistes-espaces-verts.json,3757,32
sirene/36/peche-professionnelle.json,3,0
sirene/36/peinture-platre-carrelage-sols-isolation.json,6829,61
sirene/36/personnes-agees-ehpad-residences.json,9414,66
sirene/36/pharmacie-optique-protheses.json,16519,142
sirene/36/photographie.json,628,5
sirene/36/plastique-verre-materiaux.json,984,8
sirene/36/plomberie-chauffage-climatisation-froid.json,12679,107
sirene/36/poids-lourds-utilitaires.json,1176,10
sirene/36/poste-courrier.json,660,6
sirene/36/pressing-blanchisserie-retouches.json,1242,11
sirene/36/primeur-fromagerie-epicerie-fine-cave.json,1622,15
sirene/36/production-et-distribution-d-energie.json,2108,20
sirene/36/publicite-design-graphique.json,1268,12
sirene/36/remontees-mecaniques-telepheriques.json,3,0
sirene/36/reparation-d-ordinateurs-et-de-telephones.json,366,3
sirene/36/reparation-de-machines-et-d-electronique.json,2842,25
sirene/36/reseaux-electriques-et-telecoms.json,571,5
sirene/36/restaurants.json,13709,122
sirene/36/restauration-collective-cantines-entreprises.json,3779,28
sirene/36/restauration-rapide.json,9526,84
sirene/36/scieries-preparation-du-bois.json,965,8
sirene/36/secretariat-accueil-centres-d-appels.json,4885,42
sirene/36/securite-privee-surveillance.json,1187,10
sirene/36/services-a-l-elevage-marechalerie.json,919,8
sirene/36/services-informatiques-reseaux.json,1098,10
sirene/36/spectacle-musees-bibliotheques.json,4949,40
sirene/36/superettes-alimentation-generale.json,3056,27
sirene/36/supermarches-grandes-surfaces.json,7658,67
sirene/36/tapisserie-decoration-textile.json,340,3
sirene/36/telecommunications.json,458,4
sirene/36/traitement-des-dechets-dangereux.json,3,0
sirene/36/traiteurs.json,890,8
sirene/36/transformation-de-poissons-crustaces-mollusques.json,109,1
sirene/36/transformation-de-viandes.json,1783,15
sirene/36/transport-de-marchandises-livraison.json,8672,74
sirene/36/transport-de-voyageurs.json,5763,46
sirene/36/travaux-agricoles-services-aux-cultures.json,4909,49
sirene/36/travaux-publics-routes-reseaux.json,5610,45
sirene/36/usinage-mecanique-outillage.json,4138,35
sirene/36/vetements-chaussures-accessoires.json,10296,88
sirene/36/veterinaires-soins-aux-animaux.json,3177,27
sirene/36/viticulture-vinification.json,1626,15
sirene/37/activites-sportives-dont-ecuries-de-course.json,2984,22
sirene/37/aeronautique.json,583,5
sirene/37/agences-immobilieres-gestion-de-logements.json,33767,273
sirene/37/aide-a-domicile.json,13246,106
sirene/37/ambulances.json,4134,29
sirene/37/aquaculture-pisciculture-conchyliculture.json,435,3
sirene/37/architectes.json,8253,71
sirene/37/armurerie-fabrication-d-armes.json,3,0
sirene/37/associations-animation-solidarite.json,32299,254
sirene/37/audiovisuel-cinema-son.json,5762,51
sirene/37/autres-elevages-dont-animaux-de-compagnie-apiculture.json,1124,9
sirene/37/banques-assurances.json,32777,252
sirene/37/bateaux-nautisme.json,3,0
sirene/37/bijouterie-horlogerie.json,1008,9
sirene/37/boucherie-charcuterie-poissonnerie.json,12994,109
sirene/37/boulangerie-patisserie.json,29478,246
sirene/37/bureaux-d-etudes-economistes-de-la-construction.json,36364,308
sirene/37/cafes-bars.json,23195,210
sirene/37/ceramique-verre-d-art-instruments-de-musique.json,319,2
sirene/37/chaudronnerie-soudure-structures-metalliques.json,6153,48
sirene/37/chimie-pharmacie-cosmetiques-papier.json,2830,24
sirene/37/chocolaterie-confiserie-glaces.json,2408,20
sirene/37/clubs-et-salles-de-sport.json,56508,432
sirene/37/coiffure.json,33140,288
sirene/37/commerce-de-gros-entre-entreprises.json,34791,281
sirene/37/comptabilite-conseil-gestion.json,74356,643
sirene/37/concessionnaires-vente-de-vehicules-et-pieces.json,29697,240
sirene/37/construction-de-navires.json,3,0
sirene/37/construction-maconnerie-gros-uvre.json,62520,531
sirene/37/couture-confection.json,1133,10
sirene/37/creches-petite-enfance.json,17716,140
sirene/37/cuir-maroquinerie-cordonnerie.json,1568,14
sirene/37/cultures-specialisees-vergers-cultures-tropicales.json,3216,28
sirene/37/dechets-recyclage-assainissement.json,20730,154
sirene/37/demenagement.json,1748,13
sirene/37/eau-potable-captage-traitement-distribution.json,5244,37
sirene/37/ebenisterie-meubles-restauration-de-meubles.json,4419,34
sirene/37/ecoles-de-sport-equitation.json,4492,38
sirene/37/ecoles-maternelles-et-elementaires.json,58697,413
sirene/37/electricite-du-batiment.json,22735,196
sirene/37/electronique-materiel-electrique.json,3078,25
sirene/37/elements-prefabriques-en-beton.json,1266,10
sirene/37/elevage-bovin-ovin-caprin-porcin-volailles.json,10919,104
sirene/37/elevage-de-chevaux-haras.json,1550,13
sirene/37/enseignement-culturel-conservatoires.json,5747,47
sirene/37/enseignes-signaletique-marquage.json,1323,10
sirene/37/entrepots-logistique.json,14254,114
sirene/37/esthetique-soins-de-beaute.json,9779,87
sirene/37/fabrication-de-monnaies-medailles.json,3,0
sirene/37/fleuristes-jardineries.json,10091,91
sirene/37/fleurs-artificielles-parures-de-mode.json,3,0
sirene/37/fonderies.json,575,5
sirene/37/forets-travaux-forestiers.json,3252,29
sirene/37/froid-industriel-installation-de-machines.json,1689,14
sirene/37/garages-carrosseries-voitures.json,36384,303
sirene/37/geometres-experts-topographie.json,3052,24
sirene/37/grossistes-en-fruits-et-legumes.json,3000,26
sirene/37/grossistes-en-poissons-crustaces-mollusques.json,248,2
sirene/37/grossistes-en-viandes.json,648,5
sirene/37/guides-offices-de-tourisme.json,3344,23
sirene/37/handicap-foyers-esat-ime.json,12863,90
sirene/37/hopitaux-cliniques-laboratoires.json,21159,135
sirene/37/horticulture-maraichage-agriculture.json,34355,325
sirene/37/hotels.json,29903,253
sirene/37/imprimerie-prepresse-reliure.json,5489,43
sirene/37/industrie-agroalimentaire.json,3515,31
sirene/37/interim-recrutement.json,20496,171
sirene/37/laboratoires-d-analyses-et-d-essais.json,1820,14
sirene/37/laboratoires-de-recherche-scientifique.json,4623,37
sirene/37/loisirs-animation.json,28307,221
sirene/37/magasins-specialises-bricolage-maison-sport-high-tech.json,51292,435
sirene/37/maintenance-d-equipements-ascenseurs.json,4404,37
sirene/37/mairies-administrations.json,71847,519
sirene/37/materiels-agricoles-engins-de-chantier.json,11075,93
sirene/37/menuiserie-agencement-serrurerie.json,32205,268
sirene/37/motos-scooters.json,1812,16
sirene/37/navigation-fluviale.json,111,1
sirene/37/navigation-maritime-plaisance-professionnelle.json,3,0
sirene/37/nettoyage-proprete.json,15770,134
sirene/37/objets-en-bois-liege-vannerie.json,560,4
sirene/37/optique-photonique-instruments-de-mesure.json,1282,11
sirene/37/parcs-naturels-jardins-botaniques-et-zoologiques.json,147,1
sirene/37/parfumerie-cosmetiques.json,3729,31
sirene/37/paysagistes-espaces-verts.json,18225,156
sirene/37/peche-professionnelle.json,170,1
sirene/37/peinture-platre-carrelage-sols-isolation.json,31355,273
sirene/37/personnes-agees-ehpad-residences.json,15712,113
sirene/37/pharmacie-optique-protheses.json,49533,408
sirene/37/photographie.json,1744,16
sirene/37/plastique-verre-materiaux.json,4009,32
sirene/37/plomberie-chauffage-climatisation-froid.json,28334,245
sirene/37/poids-lourds-utilitaires.json,1363,12
sirene/37/poste-courrier.json,762,8
sirene/37/pressing-blanchisserie-retouches.json,4735,40
sirene/37/primeur-fromagerie-epicerie-fine-cave.json,9719,80
sirene/37/production-et-distribution-d-energie.json,3813,33
sirene/37/publicite-design-graphique.json,8335,74
sirene/37/remontees-mecaniques-telepheriques.json,3,0
sirene/37/reparation-d-ordinateurs-et-de-telephones.json,2680,23
sirene/37/reparation-de-machines-et-d-electronique.json,5819,48
sirene/37/reseaux-electriques-et-telecoms.json,2171,19
sirene/37/restaurants.json,58252,523
sirene/37/restauration-collective-cantines-entreprises.json,13108,103
sirene/37/restauration-rapide.json,39821,358
sirene/37/scieries-preparation-du-bois.json,1015,9
sirene/37/secretariat-accueil-centres-d-appels.json,26012,227
sirene/37/securite-privee-surveillance.json,3769,32
sirene/37/services-a-l-elevage-marechalerie.json,737,6
sirene/37/services-informatiques-reseaux.json,11656,106
sirene/37/spectacle-musees-bibliotheques.json,20260,173
sirene/37/superettes-alimentation-generale.json,10191,87
sirene/37/supermarches-grandes-surfaces.json,24884,223
sirene/37/tapisserie-decoration-textile.json,1794,15
sirene/37/telecommunications.json,2760,25
sirene/37/traitement-des-dechets-dangereux.json,129,1
sirene/37/traiteurs.json,3561,30
sirene/37/transformation-de-poissons-crustaces-mollusques.json,148,1
sirene/37/transformation-de-viandes.json,1246,11
sirene/37/transport-de-marchandises-livraison.json,21393,177
sirene/37/transport-de-voyageurs.json,11214,93
sirene/37/travaux-agricoles-services-aux-cultures.json,5284,50
sirene/37/travaux-publics-routes-reseaux.json,13360,113
sirene/37/usinage-mecanique-outillage.json,9706,75
sirene/37/vetements-chaussures-accessoires.json,33661,299
sirene/37/veterinaires-soins-aux-animaux.json,8766,74
sirene/37/viticulture-vinification.json,31342,267
sirene/38/activites-sportives-dont-ecuries-de-course.json,6546,51
sirene/38/aeronautique.json,1440,11
sirene/38/agences-immobilieres-gestion-de-logements.json,79073,651
sirene/38/aide-a-domicile.json,31731,242
sirene/38/ambulances.json,8263,66
sirene/38/aquaculture-pisciculture-conchyliculture.json,550,5
sirene/38/architectes.json,17904,158
sirene/38/armurerie-fabrication-d-armes.json,119,1
sirene/38/associations-animation-solidarite.json,73789,567
sirene/38/audiovisuel-cinema-son.json,6031,54
sirene/38/autres-elevages-dont-animaux-de-compagnie-apiculture.json,999,8
sirene/38/banques-assurances.json,47352,359
sirene/38/bateaux-nautisme.json,633,6
sirene/38/bijouterie-horlogerie.json,1402,12
sirene/38/boucherie-charcuterie-poissonnerie.json,26475,225
sirene/38/boulangerie-patisserie.json,61737,528
sirene/38/bureaux-d-etudes-economistes-de-la-construction.json,96487,839
sirene/38/cafes-bars.json,39419,352
sirene/38/ceramique-verre-d-art-instruments-de-musique.json,129,1
sirene/38/chaudronnerie-soudure-structures-metalliques.json,14625,120
sirene/38/chimie-pharmacie-cosmetiques-papier.json,13185,110
sirene/38/chocolaterie-confiserie-glaces.json,4065,33
sirene/38/clubs-et-salles-de-sport.json,89787,702
sirene/38/coiffure.json,55807,498
sirene/38/commerce-de-gros-entre-entreprises.json,78376,651
sirene/38/comptabilite-conseil-gestion.json,162201,1375
sirene/38/concessionnaires-vente-de-vehicules-et-pieces.json,58719,493
sirene/38/construction-de-navires.json,3,0
sirene/38/construction-maconnerie-gros-uvre.json,140283,1207
sirene/38/couture-confection.json,3894,31
sirene/38/creches-petite-enfance.json,45591,348
sirene/38/cuir-maroquinerie-cordonnerie.json,3409,26
sirene/38/cultures-specialisees-vergers-cultures-tropicales.json,6077,54
sirene/38/dechets-recyclage-assainissement.json,35864,274
sirene/38/demenagement.json,3326,23
sirene/38/eau-potable-captage-traitement-distribution.json,15061,106
sirene/38/ebenisterie-meubles-restauration-de-meubles.json,7726,65
sirene/38/ecoles-de-sport-equitation.json,9604,78
sirene/38/ecoles-maternelles-et-elementaires.json,128325,893
sirene/38/electricite-du-batiment.json,69552,609
sirene/38/electronique-materiel-electrique.json,12748,106
sirene/38/elements-prefabriques-en-beton.json,2265,19
sirene/38/elevage-bovin-ovin-caprin-porcin-volailles.json,14665,131
sirene/38/elevage-de-chevaux-haras.json,916,8
sirene/38/enseignement-culturel-conservatoires.json,9780,80
sirene/38/enseignes-signaletique-marquage.json,2503,19
sirene/38/entrepots-logistique.json,33114,265
sirene/38/esthetique-soins-de-beaute.json,23371,205
sirene/38/fabrication-de-monnaies-medailles.json,3,0
sirene/38/fleuristes-jardineries.json,15049,128
sirene/38/fleurs-artificielles-parures-de-mode.json,3,0
sirene/38/fonderies.json,1464,12
sirene/38/forets-travaux-forestiers.json,6262,52
sirene/38/froid-industriel-installation-de-machines.json,7216,60
sirene/38/garages-carrosseries-voitures.json,92761,790
sirene/38/geometres-experts-topographie.json,5660,47
sirene/38/grossistes-en-fruits-et-legumes.json,3500,31
sirene/38/grossistes-en-poissons-crustaces-mollusques.json,198,2
sirene/38/grossistes-en-viandes.json,1788,14
sirene/38/guides-offices-de-tourisme.json,5854,42
sirene/38/handicap-foyers-esat-ime.json,26871,169
sirene/38/hopitaux-cliniques-laboratoires.json,29900,218
sirene/38/horticulture-maraichage-agriculture.json,22052,195
sirene/38/hotels.json,54229,432
sirene/38/imprimerie-prepresse-reliure.json,12635,106
sirene/38/industrie-agroalimentaire.json,6179,52
sirene/38/interim-recrutement.json,41472,337
sirene/38/laboratoires-d-analyses-et-d-essais.json,2308,17
sirene/38/laboratoires-de-recherche-scientifique.json,15441,123
sirene/38/loisirs-animation.json,72520,534
sirene/38/magasins-specialises-bricolage-maison-sport-high-tech.json,128758,1083
sirene/38/maintenance-d-equipements-ascenseurs.json,10233,86
sirene/38/mairies-administrations.json,145057,1015
sirene/38/materiels-agricoles-engins-de-chantier.json,19114,164
sirene/38/menuiserie-agencement-serrurerie.json,70305,593
sirene/38/motos-scooters.json,5984,52
sirene/38/navigation-fluviale.json,541,5
sirene/38/navigation-maritime-plaisance-professionnelle.json,3,0
sirene/38/nettoyage-proprete.json,49968,430
sirene/38/objets-en-bois-liege-vannerie.json,942,8
sirene/38/optique-photonique-instruments-de-mesure.json,4661,40
sirene/38/parcs-naturels-jardins-botaniques-et-zoologiques.json,1129,7
sirene/38/parfumerie-cosmetiques.json,10628,86
sirene/38/paysagistes-espaces-verts.json,33182,286
sirene/38/peche-professionnelle.json,3,0
sirene/38/peinture-platre-carrelage-sols-isolation.json,93940,832
sirene/38/personnes-agees-ehpad-residences.json,25856,177
sirene/38/pharmacie-optique-protheses.json,95968,792
sirene/38/photographie.json,3180,28
sirene/38/plastique-verre-materiaux.json,11237,91
sirene/38/plomberie-chauffage-climatisation-froid.json,89685,762
sirene/38/poids-lourds-utilitaires.json,6686,54
sirene/38/poste-courrier.json,1287,13
sirene/38/pressing-blanchisserie-retouches.json,11411,98
sirene/38/primeur-fromagerie-epicerie-fine-cave.json,17313,145
sirene/38/production-et-distribution-d-energie.json,7580,65
sirene/38/publicite-design-graphique.json,15322,131
sirene/38/remontees-mecaniques-telepheriques.json,3775,29
sirene/38/reparation-d-ordinateurs-et-de-telephones.json,6062,50
sirene/38/reparation-de-machines-et-d-electronique.json,21398,181
sirene/38/reseaux-electriques-et-telecoms.json,2685,22
sirene/38/restaurants.json,136543,1198
sirene/38/restauration-collective-cantines-entreprises.json,15556,109
sirene/38/restauration-rapide.json,97727,870
sirene/38/scieries-preparation-du-bois.json,4638,39
sirene/38/secretariat-accueil-centres-d-appels.json,34327,298
sirene/38/securite-privee-surveillance.json,12012,101
sirene/38/services-a-l-elevage-marechalerie.json,958,8
sirene/38/services-informatiques-reseaux.json,34463,313
sirene/38/spectacle-musees-bibliotheques.json,36352,303
sirene/38/superettes-alimentation-generale.json,21566,185
sirene/38/supermarches-grandes-surfaces.json,54703,473
sirene/38/tapisserie-decoration-textile.json,1940,16
sirene/38/telecommunications.json,4447,39
sirene/38/traitement-des-dechets-dangereux.json,660,5
sirene/38/traiteurs.json,7917,66
sirene/38/transformation-de-poissons-crustaces-mollusques.json,113,1
sirene/38/transformation-de-viandes.json,2995,25
sirene/38/transport-de-marchandises-livraison.json,65721,559
sirene/38/transport-de-voyageurs.json,28518,243
sirene/38/travaux-agricoles-services-aux-cultures.json,4047,36
sirene/38/travaux-publics-routes-reseaux.json,36983,317
sirene/38/usinage-mecanique-outillage.json,31173,253
sirene/38/vetements-chaussures-accessoires.json,62195,541
sirene/38/veterinaires-soins-aux-animaux.json,18597,156
sirene/38/viticulture-vinification.json,1984,16
sirene/39/activites-sportives-dont-ecuries-de-course.json,960,7
sirene/39/aeronautique.json,3,0
sirene/39/agences-immobilieres-gestion-de-logements.json,11624,93
sirene/39/aide-a-domicile.json,9446,71
sirene/39/ambulances.json,2397,19
sirene/39/aquaculture-pisciculture-conchyliculture.json,537,4
sirene/39/architectes.json,2542,22
sirene/39/armurerie-fabrication-d-armes.json,3,0
sirene/39/associations-animation-solidarite.json,32803,243
sirene/39/audiovisuel-cinema-son.json,467,4
sirene/39/autres-elevages-dont-animaux-de-compagnie-apiculture.json,515,4
sirene/39/banques-assurances.json,17722,137
sirene/39/bateaux-nautisme.json,3,0
sirene/39/bijouterie-horlogerie.json,1402,12
sirene/39/boucherie-charcuterie-poissonnerie.json,7178,62
sirene/39/boulangerie-patisserie.json,16513,144
sirene/39/bureaux-d-etudes-economistes-de-la-construction.json,9593,83
sirene/39/cafes-bars.json,6866,62
sirene/39/ceramique-verre-d-art-instruments-de-musique.json,3,0
sirene/39/chaudronnerie-soudure-structures-metalliques.json,3080,25
sirene/39/chimie-pharmacie-cosmetiques-papier.json,3579,32
sirene/39/chocolaterie-confiserie-glaces.json,1207,10
sirene/39/clubs-et-salles-de-sport.json,15976,129
sirene/39/coiffure.json,10112,93
sirene/39/commerce-de-gros-entre-entreprises.json,14389,125
sirene/39/comptabilite-conseil-gestion.json,21378,182
sirene/39/concessionnaires-vente-de-vehicules-et-pieces.json,13523,116
sirene/39/construction-de-navires.json,3,0
sirene/39/construction-maconnerie-gros-uvre.json,27452,245
sirene/39/couture-confection.json,125,1
sirene/39/creches-petite-enfance.json,5392,43
sirene/39/cuir-maroquinerie-cordonnerie.json,384,3
sirene/39/cultures-specialisees-vergers-cultures-tropicales.json,168,1
sirene/39/dechets-recyclage-assainissement.json,8054,64
sirene/39/demenagement.json,944,8
sirene/39/eau-potable-captage-traitement-distribution.json,6892,52
sirene/39/ebenisterie-meubles-restauration-de-meubles.json,1676,15
sirene/39/ecoles-de-sport-equitation.json,1063,9
sirene/39/ecoles-maternelles-et-elementaires.json,40039,300
sirene/39/electricite-du-batiment.json,12019,105
sirene/39/electronique-materiel-electrique.json,983,9
sirene/39/elements-prefabriques-en-beton.json,540,5
sirene/39/elevage-bovin-ovin-caprin-porcin-volailles.json,28041,218
sirene/39/elevage-de-chevaux-haras.json,670,6
sirene/39/enseignement-culturel-conservatoires.json,1351,11
sirene/39/enseignes-signaletique-marquage.json,465,3
sirene/39/entrepots-logistique.json,3671,33
sirene/39/esthetique-soins-de-beaute.json,3795,33
sirene/39/fabrication-de-monnaies-medailles.json,3,0
sirene/39/fleuristes-jardineries.json,3869,34
sirene/39/fleurs-artificielles-parures-de-mode.json,3,0
sirene/39/fonderies.json,285,2
sirene/39/forets-travaux-forestiers.json,7739,67
sirene/39/froid-industriel-installation-de-machines.json,1260,11
sirene/39/garages-carrosseries-voitures.json,20422,180
sirene/39/geometres-experts-topographie.json,1117,9
sirene/39/grossistes-en-fruits-et-legumes.json,104,1
sirene/39/grossistes-en-poissons-crustaces-mollusques.json,112,1
sirene/39/grossistes-en-viandes.json,610,5
sirene/39/guides-offices-de-tourisme.json,1732,13
sirene/39/handicap-foyers-esat-ime.json,7193,52
sirene/39/hopitaux-cliniques-laboratoires.json,8923,61
sirene/39/horticulture-maraichage-agriculture.json,14608,119
sirene/39/hotels.json,15872,130
sirene/39/imprimerie-prepresse-reliure.json,2030,15
sirene/39/industrie-agroalimentaire.json,10602,83
sirene/39/interim-recrutement.json,5656,48
sirene/39/laboratoires-d-analyses-et-d-essais.json,156,1
sirene/39/laboratoires-de-recherche-scientifique.json,637,5
sirene/39/loisirs-animation.json,16338,127
sirene/39/magasins-specialises-bricolage-maison-sport-high-tech.json,27443,236
sirene/39/maintenance-d-equipements-ascenseurs.json,1353,13
sirene/39/mairies-administrations.json,84101,650
sirene/39/materiels-agricoles-engins-de-chantier.json,5326,47
sirene/39/menuiserie-agencement-serrurerie.json,19021,170
sirene/39/motos-scooters.json,1112,10
sirene/39/navigation-fluviale.json,117,1
sirene/39/navigation-maritime-plaisance-professionnelle.json,3,0
sirene/39/nettoyage-proprete.json,5180,45
sirene/39/objets-en-bois-liege-vannerie.json,2763,25
sirene/39/optique-photonique-instruments-de-mesure.json,3,0
sirene/39/parcs-naturels-jardins-botaniques-et-zoologiques.json,244,2
sirene/39/parfumerie-cosmetiques.json,2135,19
sirene/39/paysagistes-espaces-verts.json,5682,51
sirene/39/peche-professionnelle.json,3,0
sirene/39/peinture-platre-carrelage-sols-isolation.json,13795,125
sirene/39/personnes-agees-ehpad-residences.json,10461,72
sirene/39/pharmacie-optique-protheses.json,26137,221
sirene/39/photographie.json,624,5
sirene/39/plastique-verre-materiaux.json,6805,56
sirene/39/plomberie-chauffage-climatisation-froid.json,14617,128
sirene/39/poids-lourds-utilitaires.json,1819,15
sirene/39/poste-courrier.json,302,3
sirene/39/pressing-blanchisserie-retouches.json,1694,14
sirene/39/primeur-fromagerie-epicerie-fine-cave.json,4150,33
sirene/39/production-et-distribution-d-energie.json,3274,27
sirene/39/publicite-design-graphique.json,2172,19
sirene/39/remontees-mecaniques-telepheriques.json,478,3
sirene/39/reparation-d-ordinateurs-et-de-telephones.json,872,8
sirene/39/reparation-de-machines-et-d-electronique.json,3952,35
sirene/39/reseaux-electriques-et-telecoms.json,619,5
sirene/39/restaurants.json,25385,227
sirene/39/restauration-collective-cantines-entreprises.json,2456,17
sirene/39/restauration-rapide.json,13702,125
sirene/39/scieries-preparation-du-bois.json,3905,34
sirene/39/secretariat-accueil-centres-d-appels.json,6151,52
sirene/39/securite-privee-surveillance.json,1145,10
sirene/39/services-a-l-elevage-marechalerie.json,415,4
sirene/39/services-informatiques-reseaux.json,1410,14
sirene/39/spectacle-musees-bibliotheques.json,7157,60
sirene/39/superettes-alimentation-generale.json,6864,59
sirene/39/supermarches-grandes-surfaces.json,11134,99
sirene/39/tapisserie-decoration-textile.json,262,2
sirene/39/telecommunications.json,985,8
sirene/39/traitement-des-dechets-dangereux.json,153,1
sirene/39/traiteurs.json,981,9
sirene/39/transformation-de-poissons-crustaces-mollusques.json,3,0
sirene/39/transformation-de-viandes.json,880,7
sirene/39/transport-de-marchandises-livraison.json,12826,113
sirene/39/transport-de-voyageurs.json,7308,64
sirene/39/travaux-agricoles-services-aux-cultures.json,2663,24
sirene/39/travaux-publics-routes-reseaux.json,10668,94
sirene/39/usinage-mecanique-outillage.json,8312,71
sirene/39/vetements-chaussures-accessoires.json,19551,182
sirene/39/veterinaires-soins-aux-animaux.json,4249,33
sirene/39/viticulture-vinification.json,11458,95
sirene/40/activites-sportives-dont-ecuries-de-course.json,3189,25
sirene/40/aeronautique.json,1023,9
sirene/40/agences-immobilieres-gestion-de-logements.json,44807,348
sirene/40/aide-a-domicile.json,11991,86
sirene/40/ambulances.json,6002,48
sirene/40/aquaculture-pisciculture-conchyliculture.json,2865,24
sirene/40/architectes.json,8256,70
sirene/40/armurerie-fabrication-d-armes.json,211,2
sirene/40/associations-animation-solidarite.json,28160,195
sirene/40/audiovisuel-cinema-son.json,2400,21
sirene/40/autres-elevages-dont-animaux-de-compagnie-apiculture.json,508,4
sirene/40/banques-assurances.json,26143,197
sirene/40/bateaux-nautisme.json,856,8
sirene/40/bijouterie-horlogerie.json,1015,9
sirene/40/boucherie-charcuterie-poissonnerie.json,10164,87
sirene/40/boulangerie-patisserie.json,28138,240
sirene/40/bureaux-d-etudes-economistes-de-la-construction.json,12980,108
sirene/40/cafes-bars.json,16035,141
sirene/40/ceramique-verre-d-art-instruments-de-musique.json,140,1
sirene/40/chaudronnerie-soudure-structures-metalliques.json,3452,29
sirene/40/chimie-pharmacie-cosmetiques-papier.json,2737,23
sirene/40/chocolaterie-confiserie-glaces.json,1439,12
sirene/40/clubs-et-salles-de-sport.json,35245,268
sirene/40/coiffure.json,20234,172
sirene/40/commerce-de-gros-entre-entreprises.json,27218,226
sirene/40/comptabilite-conseil-gestion.json,46195,384
sirene/40/concessionnaires-vente-de-vehicules-et-pieces.json,23314,187
sirene/40/construction-de-navires.json,3,0
sirene/40/construction-maconnerie-gros-uvre.json,58600,500
sirene/40/couture-confection.json,1053,9
sirene/40/creches-petite-enfance.json,8325,62
sirene/40/cuir-maroquinerie-cordonnerie.json,1206,10
sirene/40/cultures-specialisees-vergers-cultures-tropicales.json,1135,10
sirene/40/dechets-recyclage-assainissement.json,15224,106
sirene/40/demenagement.json,974,7
sirene/40/eau-potable-captage-traitement-distribution.json,5659,41
sirene/40/ebenisterie-meubles-restauration-de-meubles.json,2838,26
sirene/40/ecoles-de-sport-equitation.json,7907,66
sirene/40/ecoles-maternelles-et-elementaires.json,40003,295
sirene/40/electricite-du-batiment.json,18033,156
sirene/40/electronique-materiel-electrique.json,1240,10
sirene/40/elements-prefabriques-en-beton.json,1272,10
sirene/40/elevage-bovin-ovin-caprin-porcin-volailles.json,13885,128
sirene/40/elevage-de-chevaux-haras.json,605,5
sirene/40/enseignement-culturel-conservatoires.json,3117,26
sirene/40/enseignes-signaletique-marquage.json,305,2
sirene/40/entrepots-logistique.json,8757,73
sirene/40/esthetique-soins-de-beaute.json,7857,67
sirene/40/fabrication-de-monnaies-medailles.json,3,0
sirene/40/fleuristes-jardineries.json,11135,91
sirene/40/fleurs-artificielles-parures-de-mode.json,3,0
sirene/40/fonderies.json,3,0
sirene/40/forets-travaux-forestiers.json,15815,133
sirene/40/froid-industriel-installation-de-machines.json,1986,15
sirene/40/garages-carrosseries-voitures.json,29400,245
sirene/40/geometres-experts-topographie.json,2668,23
sirene/40/grossistes-en-fruits-et-legumes.json,3048,24
sirene/40/grossistes-en-poissons-crustaces-mollusques.json,704,6
sirene/40/grossistes-en-viandes.json,506,4
sirene/40/guides-offices-de-tourisme.json,4062,30
sirene/40/handicap-foyers-esat-ime.json,8433,60
sirene/40/hopitaux-cliniques-laboratoires.json,13165,89
sirene/40/horticulture-maraichage-agriculture.json,36320,328
sirene/40/hotels.json,28998,239
sirene/40/imprimerie-prepresse-reliure.json,2354,21
sirene/40/industrie-agroalimentaire.json,4718,40
sirene/40/interim-recrutement.json,20613,162
sirene/40/laboratoires-d-analyses-et-d-essais.json,374,3
sirene/40/laboratoires-de-recherche-scientifique.json,1642,11
sirene/40/loisirs-animation.json,34261,251
sirene/40/magasins-specialises-bricolage-maison-sport-high-tech.json,52589,431
sirene/40/maintenance-d-equipements-ascenseurs.json,2688,22
sirene/40/mairies-administrations.json,74711,546
sirene/40/materiels-agricoles-engins-de-chantier.json,10588,87
sirene/40/menuiserie-agencement-serrurerie.json,24579,208
sirene/40/motos-scooters.json,1607,13
sirene/40/navigation-fluviale.json,3,0
sirene/40/navigation-maritime-plaisance-professionnelle.json,103,1
sirene/40/nettoyage-proprete.json,11124,93
sirene/40/objets-en-bois-liege-vannerie.json,945,8
sirene/40/optique-photonique-instruments-de-mesure.json,99,1
sirene/40/parcs-naturels-jardins-botaniques-et-zoologiques.json,778,5
sirene/40/parfumerie-cosmetiques.json,3048,23
sirene/40/paysagistes-espaces-verts.json,14082,119
sirene/40/peche-professionnelle.json,336,3
sirene/40/peinture-platre-carrelage-sols-isolation.json,28483,244
sirene/40/personnes-agees-ehpad-residences.json,13308,91
sirene/40/pharmacie-optique-protheses.json,38115,304
sirene/40/photographie.json,1280,11
sirene/40/plastique-verre-materiaux.json,1583,14
sirene/40/plomberie-chauffage-climatisation-froid.json,25334,212
sirene/40/poids-lourds-utilitaires.json,1259,10
sirene/40/poste-courrier.json,1265,12
sirene/40/pressing-blanchisserie-retouches.json,4426,36
sirene/40/primeur-fromagerie-epicerie-fine-cave.json,7170,59
sirene/40/production-et-distribution-d-energie.json,14728,125
sirene/40/publicite-design-graphique.json,4533,40
sirene/40/remontees-mecaniques-telepheriques.json,3,0
sirene/40/reparation-d-ordinateurs-et-de-telephones.json,1050,9
sirene/40/reparation-de-machines-et-d-electronique.json,4553,39
sirene/40/reseaux-electriques-et-telecoms.json,3225,26
sirene/40/restaurants.json,48717,421
sirene/40/restauration-collective-cantines-entreprises.json,4480,31
sirene/40/restauration-rapide.json,36000,309
sirene/40/scieries-preparation-du-bois.json,4235,37
sirene/40/secretariat-accueil-centres-d-appels.json,9357,76
sirene/40/securite-privee-surveillance.json,2493,19
sirene/40/services-a-l-elevage-marechalerie.json,1007,8
sirene/40/services-informatiques-reseaux.json,3639,33
sirene/40/spectacle-musees-bibliotheques.json,10118,81
sirene/40/superettes-alimentation-generale.json,8209,69
sirene/40/supermarches-grandes-surfaces.json,23211,195
sirene/40/tapisserie-decoration-textile.json,1415,12
sirene/40/telecommunications.json,2719,22
sirene/40/traitement-des-dechets-dangereux.json,122,1
sirene/40/traiteurs.json,4089,34
sirene/40/transformation-de-poissons-crustaces-mollusques.json,912,8
sirene/40/transformation-de-viandes.json,3668,32
sirene/40/transport-de-marchandises-livraison.json,17796,150
sirene/40/transport-de-voyageurs.json,10636,86
sirene/40/travaux-agricoles-services-aux-cultures.json,6396,59
sirene/40/travaux-publics-routes-reseaux.json,12708,109
sirene/40/usinage-mecanique-outillage.json,4076,32
sirene/40/vetements-chaussures-accessoires.json,40038,328
sirene/40/veterinaires-soins-aux-animaux.json,9317,77
sirene/40/viticulture-vinification.json,2215,17
sirene/41/activites-sportives-dont-ecuries-de-course.json,2421,19
sirene/41/aeronautique.json,679,5
sirene/41/agences-immobilieres-gestion-de-logements.json,18340,144
sirene/41/aide-a-domicile.json,8310,63
sirene/41/ambulances.json,4073,29
sirene/41/aquaculture-pisciculture-conchyliculture.json,128,1
sirene/41/architectes.json,3244,26
sirene/41/armurerie-fabrication-d-armes.json,357,3
sirene/41/associations-animation-solidarite.json,33952,240
sirene/41/audiovisuel-cinema-son.json,1736,15
sirene/41/autres-elevages-dont-animaux-de-compagnie-apiculture.json,319,3
sirene/41/banques-assurances.json,21263,156
sirene/41/bateaux-nautisme.json,97,1
sirene/41/bijouterie-horlogerie.json,327,3
sirene/41/boucherie-charcuterie-poissonnerie.json,7787,64
sirene/41/boulangerie-patisserie.json,14394,122
sirene/41/bureaux-d-etudes-economistes-de-la-construction.json,10314,90
sirene/41/cafes-bars.json,10271,93
sirene/41/ceramique-verre-d-art-instruments-de-musique.json,3,0
sirene/41/chaudronnerie-soudure-structures-metalliques.json,3916,33
sirene/41/chimie-pharmacie-cosmetiques-papier.json,2235,19
sirene/41/chocolaterie-confiserie-glaces.json,875,7
sirene/41/clubs-et-salles-de-sport.json,28301,219
sirene/41/coiffure.json,14283,126
sirene/41/commerce-de-gros-entre-entreprises.json,17128,144
sirene/41/comptabilite-conseil-gestion.json,29434,234
sirene/41/concessionnaires-vente-de-vehicules-et-pieces.json,17475,144
sirene/41/construction-de-navires.json,3,0
sirene/41/construction-maconnerie-gros-uvre.json,44490,390
sirene/41/couture-confection.json,427,4
sirene/41/creches-petite-enfance.json,8262,63
sirene/41/cuir-maroquinerie-cordonnerie.json,1301,10
sirene/41/cultures-specialisees-vergers-cultures-tropicales.json,1172,10
sirene/41/dechets-recyclage-assainissement.json,21119,151
sirene/41/demenagement.json,925,7
sirene/41/eau-potable-captage-traitement-distribution.json,8330,60
sirene/41/ebenisterie-meubles-restauration-de-meubles.json,2045,17
sirene/41/ecoles-de-sport-equitation.json,1894,17
sirene/41/ecoles-maternelles-et-elementaires.json,40904,289
sirene/41/electricite-du-batiment.json,11011,97
sirene/41/electronique-materiel-electrique.json,1348,11
sirene/41/elements-prefabriques-en-beton.json,516,4
sirene/41/elevage-bovin-ovin-caprin-porcin-volailles.json,5542,53
sirene/41/elevage-de-chevaux-haras.json,612,5
sirene/41/enseignement-culturel-conservatoires.json,3104,25
sirene/41/enseignes-signaletique-marquage.json,779,7
sirene/41/entrepots-logistique.json,5636,47
sirene/41/esthetique-soins-de-beaute.json,4629,40
sirene/41/fabrication-de-monnaies-medailles.json,3,0
sirene/41/fleuristes-jardineries.json,4257,37
sirene/41/fleurs-artificielles-parures-de-mode.json,3,0
sirene/41/fonderies.json,354,3
sirene/41/forets-travaux-forestiers.json,6317,56
sirene/41/froid-industriel-installation-de-machines.json,834,7
sirene/41/garages-carrosseries-voitures.json,19921,170
sirene/41/geometres-experts-topographie.json,935,8
sirene/41/grossistes-en-fruits-et-legumes.json,1439,12
sirene/41/grossistes-en-poissons-crustaces-mollusques.json,120,1
sirene/41/grossistes-en-viandes.json,190,2
sirene/41/guides-offices-de-tourisme.json,1156,8
sirene/41/handicap-foyers-esat-ime.json,9557,63
sirene/41/hopitaux-cliniques-laboratoires.json,12637,87
sirene/41/horticulture-maraichage-agriculture.json,28418,266
sirene/41/hotels.json,18568,158
sirene/41/imprimerie-prepresse-reliure.json,2432,21
sirene/41/industrie-agroalimentaire.json,5013,39
sirene/41/interim-recrutement.json,16184,135
sirene/41/laboratoires-d-analyses-et-d-essais.json,357,3
sirene/41/laboratoires-de-recherche-scientifique.json,1777,14
sirene/41/loisirs-animation.json,17629,137
sirene/41/magasins-specialises-bricolage-maison-sport-high-tech.json,26328,217
sirene/41/maintenance-d-equipements-ascenseurs.json,1802,16
sirene/41/mairies-administrations.json,85854,617
sirene/41/materiels-agricoles-engins-de-chantier.json,7783,66
sirene/41/menuiserie-agencement-serrurerie.json,18311,155
sirene/41/motos-scooters.json,1400,12
sirene/41/navigation-fluviale.json,3,0
sirene/41/navigation-maritime-plaisance-professionnelle.json,3,0
sirene/41/nettoyage-proprete.json,6129,51
sirene/41/objets-en-bois-liege-vannerie.json,167,1
sirene/41/optique-photonique-instruments-de-mesure.json,259,2
sirene/41/parcs-naturels-jardins-botaniques-et-zoologiques.json,261,2
sirene/41/parfumerie-cosmetiques.json,2241,18
sirene/41/paysagistes-espaces-verts.json,13783,118
sirene/41/peche-professionnelle.json,3,0
sirene/41/peinture-platre-carrelage-sols-isolation.json,18117,159
sirene/41/personnes-agees-ehpad-residences.json,9144,68
sirene/41/pharmacie-optique-protheses.json,24384,202
sirene/41/photographie.json,462,4
sirene/41/plastique-verre-materiaux.json,2895,24
sirene/41/plomberie-chauffage-climatisation-froid.json,14390,126
sirene/41/poids-lourds-utilitaires.json,1667,13
sirene/41/poste-courrier.json,3,0
sirene/41/pressing-blanchisserie-retouches.json,2613,20
sirene/41/primeur-fromagerie-epicerie-fine-cave.json,4493,39
sirene/41/production-et-distribution-d-energie.json,2367,19
sirene/41/publicite-design-graphique.json,3465,31
sirene/41/remontees-mecaniques-telepheriques.json,3,0
sirene/41/reparation-d-ordinateurs-et-de-telephones.json,821,7
sirene/41/reparation-de-machines-et-d-electronique.json,4652,38
sirene/41/reseaux-electriques-et-telecoms.json,737,6
sirene/41/restaurants.json,25210,220
sirene/41/restauration-collective-cantines-entreprises.json,6343,49
sirene/41/restauration-rapide.json,22064,195
sirene/41/scieries-preparation-du-bois.json,827,7
sirene/41/secretariat-accueil-centres-d-appels.json,7670,67
sirene/41/securite-privee-surveillance.json,2283,18
sirene/41/services-a-l-elevage-marechalerie.json,363,3
sirene/41/services-informatiques-reseaux.json,2501,22
sirene/41/spectacle-musees-bibliotheques.json,6997,58
sirene/41/superettes-alimentation-generale.json,2687,23
sirene/41/supermarches-grandes-surfaces.json,12772,111
sirene/41/tapisserie-decoration-textile.json,668,5
sirene/41/telecommunications.json,786,6
sirene/41/traitement-des-dechets-dangereux.json,147,1
sirene/41/traiteurs.json,1733,15
sirene/41/transformation-de-poissons-crustaces-mollusques.json,230,2
sirene/41/transformation-de-viandes.json,1555,14
sirene/41/transport-de-marchandises-livraison.json,11487,97
sirene/41/transport-de-voyageurs.json,11018,86
sirene/41/travaux-agricoles-services-aux-cultures.json,4804,46
sirene/41/travaux-publics-routes-reseaux.json,8773,75
sirene/41/usinage-mecanique-outillage.json,6731,57
sirene/41/vetements-chaussures-accessoires.json,14095,127
sirene/41/veterinaires-soins-aux-animaux.json,6681,55
sirene/41/viticulture-vinification.json,12663,111
sirene/42/activites-sportives-dont-ecuries-de-course.json,5417,43
sirene/42/aeronautique.json,436,4
sirene/42/agences-immobilieres-gestion-de-logements.json,36429,294
sirene/42/aide-a-domicile.json,20634,155
sirene/42/ambulances.json,5580,45
sirene/42/aquaculture-pisciculture-conchyliculture.json,131,1
sirene/42/architectes.json,11961,101
sirene/42/armurerie-fabrication-d-armes.json,1044,9
sirene/42/associations-animation-solidarite.json,56229,437
sirene/42/audiovisuel-cinema-son.json,3349,30
sirene/42/autres-elevages-dont-animaux-de-compagnie-apiculture.json,977,8
sirene/42/banques-assurances.json,30468,239
sirene/42/bateaux-nautisme.json,116,1
sirene/42/bijouterie-horlogerie.json,1393,12
sirene/42/boucherie-charcuterie-poissonnerie.json,20125,174
sirene/42/boulangerie-patisserie.json,42785,367
sirene/42/bureaux-d-etudes-economistes-de-la-construction.json,37469,323
sirene/42/cafes-bars.json,22079,197
sirene/42/ceramique-verre-d-art-instruments-de-musique.json,675,6
sirene/42/chaudronnerie-soudure-structures-metalliques.json,11893,100
sirene/42/chimie-pharmacie-cosmetiques-papier.json,5985,50
sirene/42/chocolaterie-confiserie-glaces.json,4159,36
sirene/42/clubs-et-salles-de-sport.json,54185,431
sirene/42/coiffure.json,32344,288
sirene/42/commerce-de-gros-entre-entreprises.json,53691,453
sirene/42/comptabilite-conseil-gestion.json,83725,710
sirene/42/concessionnaires-vente-de-vehicules-et-pieces.json,39171,338
sirene/42/construction-de-navires.json,3,0
sirene/42/construction-maconnerie-gros-uvre.json,67882,584
sirene/42/couture-confection.json,4514,38
sirene/42/creches-petite-enfance.json,27756,210
sirene/42/cuir-maroquinerie-cordonnerie.json,2703,23
sirene/42/cultures-specialisees-vergers-cultures-tropicales.json,2929,25
sirene/42/dechets-recyclage-assainissement.json,18697,140
sirene/42/demenagement.json,2071,15
sirene/42/eau-potable-captage-traitement-distribution.json,5608,41
sirene/42/ebenisterie-meubles-restauration-de-meubles.json,6078,53
sirene/42/ecoles-de-sport-equitation.json,4356,37
sirene/42/ecoles-maternelles-et-elementaires.json,60463,426
sirene/42/electricite-du-batiment.json,35138,305
sirene/42/electronique-materiel-electrique.json,3740,31
sirene/42/elements-prefabriques-en-beton.json,981,8
sirene/42/elevage-bovin-ovin-caprin-porcin-volailles.json,37677,321
sirene/42/elevage-de-chevaux-haras.json,1803,15
sirene/42/enseignement-culturel-conservatoires.json,5044,40
sirene/42/enseignes-signaletique-marquage.json,2969,22
sirene/42/entrepots-logistique.json,13210,110
sirene/42/esthetique-soins-de-beaute.json,11944,104
sirene/42/fabrication-de-monnaies-medailles.json,3,0
sirene/42/fleuristes-jardineries.json,8840,78
sirene/42/fleurs-artificielles-parures-de-mode.json,259,2
sirene/42/fonderies.json,1358,12
sirene/42/forets-travaux-forestiers.json,5836,46
sirene/42/froid-industriel-installation-de-machines.json,2562,20
sirene/42/garages-carrosseries-voitures.json,57490,495
sirene/42/geometres-experts-topographie.json,2378,19
sirene/42/grossistes-en-fruits-et-legumes.json,1248,11
sirene/42/grossistes-en-poissons-crustaces-mollusques.json,3,0
sirene/42/grossistes-en-viandes.json,1114,10
sirene/42/guides-offices-de-tourisme.json,2091,16
sirene/42/handicap-foyers-esat-ime.json,18848,110
sirene/42/hopitaux-cliniques-laboratoires.json,25332,177
sirene/42/horticulture-maraichage-agriculture.json,7708,64
sirene/42/hotels.json,14212,117
sirene/42/imprimerie-prepresse-reliure.json,7733,62
sirene/42/industrie-agroalimentaire.json,7769,63
sirene/42/interim-recrutement.json,19385,159
sirene/42/laboratoires-d-analyses-et-d-essais.json,1589,11
sirene/42/laboratoires-de-recherche-scientifique.json,1919,15
sirene/42/loisirs-animation.json,49469,378
sirene/42/magasins-specialises-bricolage-maison-sport-high-tech.json,64459,554
sirene/42/maintenance-d-equipements-ascenseurs.json,7909,64
sirene/42/mairies-administrations.json,86416,607
sirene/42/materiels-agricoles-engins-de-chantier.json,9174,78
sirene/42/menuiserie-agencement-serrurerie.json,58196,492
sirene/42/motos-scooters.json,3946,35
sirene/42/navigation-fluviale.json,3,0
sirene/42/navigation-maritime-plaisance-professionnelle.json,3,0
sirene/42/nettoyage-proprete.json,21574,189
sirene/42/objets-en-bois-liege-vannerie.json,1003,8
sirene/42/optique-photonique-instruments-de-mesure.json,1306,11
sirene/42/parcs-naturels-jardins-botaniques-et-zoologiques.json,315,2
sirene/42/parfumerie-cosmetiques.json,6054,52
sirene/42/paysagistes-espaces-verts.json,20727,179
sirene/42/peche-professionnelle.json,3,0
sirene/42/peinture-platre-carrelage-sols-isolation.json,54546,486
sirene/42/personnes-agees-ehpad-residences.json,22363,164
sirene/42/pharmacie-optique-protheses.json,54365,448
sirene/42/photographie.json,2276,19
sirene/42/plastique-verre-materiaux.json,5494,45
sirene/42/plomberie-chauffage-climatisation-froid.json,43944,381
sirene/42/poids-lourds-utilitaires.json,2477,20
sirene/42/poste-courrier.json,95,1
sirene/42/pressing-blanchisserie-retouches.json,3113,26
sirene/42/primeur-fromagerie-epicerie-fine-cave.json,11150,98
sirene/42/production-et-distribution-d-energie.json,5249,45
sirene/42/publicite-design-graphique.json,13347,116
sirene/42/remontees-mecaniques-telepheriques.json,278,2
sirene/42/reparation-d-ordinateurs-et-de-telephones.json,2483,22
sirene/42/reparation-de-machines-et-d-electronique.json,14488,123
sirene/42/reseaux-electriques-et-telecoms.json,2535,20
sirene/42/restaurants.json,55282,487
sirene/42/restauration-collective-cantines-entreprises.json,7098,49
sirene/42/restauration-rapide.json,47752,426
sirene/42/scieries-preparation-du-bois.json,3975,34
sirene/42/secretariat-accueil-centres-d-appels.json,22554,192
sirene/42/securite-privee-surveillance.json,4635,36
sirene/42/services-a-l-elevage-marechalerie.json,1383,12
sirene/42/services-informatiques-reseaux.json,11276,102
sirene/42/spectacle-musees-bibliotheques.json,17312,145
sirene/42/superettes-alimentation-generale.json,9109,78
sirene/42/supermarches-grandes-surfaces.json,32690,287
sirene/42/tapisserie-decoration-textile.json,3500,28
sirene/42/telecommunications.json,4008,35
sirene/42/traitement-des-dechets-dangereux.json,473,4
sirene/42/traiteurs.json,3502,28
sirene/42/transformation-de-poissons-crustaces-mollusques.json,124,1
sirene/42/transformation-de-viandes.json,5527,47
sirene/42/transport-de-marchandises-livraison.json,42719,358
sirene/42/transport-de-voyageurs.json,12384,100
sirene/42/travaux-agricoles-services-aux-cultures.json,3837,34
sirene/42/travaux-publics-routes-reseaux.json,22863,194
sirene/42/usinage-mecanique-outillage.json,30630,248
sirene/42/vetements-chaussures-accessoires.json,43600,387
sirene/42/veterinaires-soins-aux-animaux.json,11264,93
sirene/42/viticulture-vinification.json,4601,40
sirene/43/activites-sportives-dont-ecuries-de-course.json,760,6
sirene/43/aeronautique.json,140,1
sirene/43/agences-immobilieres-gestion-de-logements.json,11707,95
sirene/43/aide-a-domicile.json,7399,53
sirene/43/ambulances.json,4932,40
sirene/43/aquaculture-pisciculture-conchyliculture.json,253,2
sirene/43/architectes.json,1966,17
sirene/43/armurerie-fabrication-d-armes.json,3,0
sirene/43/associations-animation-solidarite.json,13641,104
sirene/43/audiovisuel-cinema-son.json,473,4
sirene/43/autres-elevages-dont-animaux-de-compagnie-apiculture.json,636,5
sirene/43/banques-assurances.json,14144,98
sirene/43/bateaux-nautisme.json,3,0
sirene/43/bijouterie-horlogerie.json,421,4
sirene/43/boucherie-charcuterie-poissonnerie.json,5590,48
sirene/43/boulangerie-patisserie.json,12668,107
sirene/43/bureaux-d-etudes-economistes-de-la-construction.json,8535,70
sirene/43/cafes-bars.json,8304,73
sirene/43/ceramique-verre-d-art-instruments-de-musique.json,3,0
sirene/43/chaudronnerie-soudure-structures-metalliques.json,3278,28
sirene/43/chimie-pharmacie-cosmetiques-papier.json,2974,24
sirene/43/chocolaterie-confiserie-glaces.json,708,6
sirene/43/clubs-et-salles-de-sport.json,18481,142
sirene/43/coiffure.json,6426,57
sirene/43/commerce-de-gros-entre-entreprises.json,14170,121
sirene/43/comptabilite-conseil-gestion.json,22287,170
sirene/43/concessionnaires-vente-de-vehicules-et-pieces.json,12423,101
sirene/43/construction-de-navires.json,3,0
sirene/43/construction-maconnerie-gros-uvre.json,24265,211
sirene/43/couture-confection.json,478,4
sirene/43/creches-petite-enfance.json,4728,37
sirene/43/cuir-maroquinerie-cordonnerie.json,1373,12
sirene/43/cultures-specialisees-vergers-cultures-tropicales.json,643,5
sirene/43/dechets-recyclage-assainissement.json,13493,96
sirene/43/demenagement.json,344,3
sirene/43/eau-potable-captage-traitement-distribution.json,3588,26
sirene/43/ebenisterie-meubles-restauration-de-meubles.json,2364,20
sirene/43/ecoles-de-sport-equitation.json,1211,10
sirene/43/ecoles-maternelles-et-elementaires.json,25961,187
sirene/43/electricite-du-batiment.json,11098,95
sirene/43/electronique-materiel-electrique.json,1146,9
sirene/43/elements-prefabriques-en-beton.json,596,5
sirene/43/elevage-bovin-ovin-caprin-porcin-volailles.json,32184,294
sirene/43/elevage-de-chevaux-haras.json,583,5
sirene/43/enseignement-culturel-conservatoires.json,1590,12
sirene/43/enseignes-signaletique-marquage.json,412,3
sirene/43/entrepots-logistique.json,3270,27
sirene/43/esthetique-soins-de-beaute.json,2532,22
sirene/43/fabrication-de-monnaies-medailles.json,3,0
sirene/43/fleuristes-jardineries.json,2292,19
sirene/43/fleurs-artificielles-parures-de-mode.json,419,3
sirene/43/fonderies.json,3,0
sirene/43/forets-travaux-forestiers.json,3944,35
sirene/43/froid-industriel-installation-de-machines.json,1222,10
sirene/43/garages-carrosseries-voitures.json,16540,143
sirene/43/geometres-experts-topographie.json,1260,11
sirene/43/grossistes-en-fruits-et-legumes.json,397,3
sirene/43/grossistes-en-poissons-crustaces-mollusques.json,3,0
sirene/43/grossistes-en-viandes.json,747,6
sirene/43/guides-offices-de-tourisme.json,2709,17
sirene/43/handicap-foyers-esat-ime.json,8959,59
sirene/43/hopitaux-cliniques-laboratoires.json,5337,38
sirene/43/horticulture-maraichage-agriculture.json,3557,32
sirene/43/hotels.json,12239,103
sirene/43/imprimerie-prepresse-reliure.json,1521,13
sirene/43/industrie-agroalimentaire.json,3103,24
sirene/43/interim-recrutement.json,11194,81
sirene/43/laboratoires-d-analyses-et-d-essais.json,388,3
sirene/43/laboratoires-de-recherche-scientifique.json,595,5
sirene/43/loisirs-animation.json,19868,138
sirene/43/magasins-specialises-bricolage-maison-sport-high-tech.json,23118,196
sirene/43/maintenance-d-equipements-ascenseurs.json,1984,15
sirene/43/mairies-administrations.json,61062,435
sirene/43/materiels-agricoles-engins-de-chantier.json,5022,43
sirene/43/menuiserie-agencement-serrurerie.json,15495,131
sirene/43/motos-scooters.json,1035,9
sirene/43/navigation-fluviale.json,3,0
sirene/43/navigation-maritime-plaisance-professionnelle.json,3,0
sirene/43/nettoyage-proprete.json,5511,46
sirene/43/objets-en-bois-liege-vannerie.json,763,6
sirene/43/optique-photonique-instruments-de-mesure.json,126,1
sirene/43/parcs-naturels-jardins-botaniques-et-zoologiques.json,353,2
sirene/43/parfumerie-cosmetiques.json,1120,9
sirene/43/paysagistes-espaces-verts.json,5775,47
sirene/43/peche-professionnelle.json,3,0
sirene/43/peinture-platre-carrelage-sols-isolation.json,13856,123
sirene/43/personnes-agees-ehpad-residences.json,8750,66
sirene/43/pharmacie-optique-protheses.json,20212,163
sirene/43/photographie.json,677,6
sirene/43/plastique-verre-materiaux.json,7787,65
sirene/43/plomberie-chauffage-climatisation-froid.json,15281,130
sirene/43/poids-lourds-utilitaires.json,1045,9
sirene/43/poste-courrier.json,1211,12
sirene/43/pressing-blanchisserie-retouches.json,1364,10
sirene/43/primeur-fromagerie-epicerie-fine-cave.json,3654,32
sirene/43/production-et-distribution-d-energie.json,10069,82
sirene/43/publicite-design-graphique.json,2272,19
sirene/43/remontees-mecaniques-telepheriques.json,181,1
sirene/43/reparation-d-ordinateurs-et-de-telephones.json,848,7
sirene/43/reparation-de-machines-et-d-electronique.json,4449,37
sirene/43/reseaux-electriques-et-telecoms.json,784,7
sirene/43/restaurants.json,17896,151
sirene/43/restauration-collective-cantines-entreprises.json,2799,21
sirene/43/restauration-rapide.json,8449,74
sirene/43/scieries-preparation-du-bois.json,4126,37
sirene/43/secretariat-accueil-centres-d-appels.json,5473,46
sirene/43/securite-privee-surveillance.json,335,3
sirene/43/services-a-l-elevage-marechalerie.json,382,3
sirene/43/services-informatiques-reseaux.json,2942,25
sirene/43/spectacle-musees-bibliotheques.json,5125,40
sirene/43/superettes-alimentation-generale.json,3107,26
sirene/43/supermarches-grandes-surfaces.json,8477,76
sirene/43/tapisserie-decoration-textile.json,1693,13
sirene/43/telecommunications.json,1204,10
sirene/43/traitement-des-dechets-dangereux.json,3,0
sirene/43/traiteurs.json,1359,11
sirene/43/transformation-de-poissons-crustaces-mollusques.json,128,1
sirene/43/transformation-de-viandes.json,2760,24
sirene/43/transport-de-marchandises-livraison.json,10112,84
sirene/43/transport-de-voyageurs.json,6914,57
sirene/43/travaux-agricoles-services-aux-cultures.json,1470,14
sirene/43/travaux-publics-routes-reseaux.json,8989,74
sirene/43/usinage-mecanique-outillage.json,8252,67
sirene/43/vetements-chaussures-accessoires.json,12768,109
sirene/43/veterinaires-soins-aux-animaux.json,4878,38
sirene/43/viticulture-vinification.json,3,0
sirene/44/activites-sportives-dont-ecuries-de-course.json,8138,66
sirene/44/aeronautique.json,3227,24
sirene/44/agences-immobilieres-gestion-de-logements.json,110596,890
sirene/44/aide-a-domicile.json,33638,261
sirene/44/ambulances.json,10858,83
sirene/44/aquaculture-pisciculture-conchyliculture.json,3659,32
sirene/44/architectes.json,37054,328
sirene/44/armurerie-fabrication-d-armes.json,3,0
sirene/44/associations-animation-solidarite.json,105559,812
sirene/44/audiovisuel-cinema-son.json,13565,124
sirene/44/autres-elevages-dont-animaux-de-compagnie-apiculture.json,1621,14
sirene/44/banques-assurances.json,73990,547
sirene/44/bateaux-nautisme.json,6276,51
sirene/44/bijouterie-horlogerie.json,2155,20
sirene/44/boucherie-charcuterie-poissonnerie.json,22963,193
sirene/44/boulangerie-patisserie.json,71224,602
sirene/44/bureaux-d-etudes-economistes-de-la-construction.json,119613,1021
sirene/44/cafes-bars.json,55721,504
sirene/44/ceramique-verre-d-art-instruments-de-musique.json,1200,10
sirene/44/chaudronnerie-soudure-structures-metalliques.json,13474,108
sirene/44/chimie-pharmacie-cosmetiques-papier.json,7773,60
sirene/44/chocolaterie-confiserie-glaces.json,4040,33
sirene/44/clubs-et-salles-de-sport.json,117449,907
sirene/44/coiffure.json,72816,632
sirene/44/commerce-de-gros-entre-entreprises.json,97343,804
sirene/44/comptabilite-conseil-gestion.json,218068,1890
sirene/44/concessionnaires-vente-de-vehicules-et-pieces.json,57227,463
sirene/44/construction-de-navires.json,3518,30
sirene/44/construction-maconnerie-gros-uvre.json,137827,1172
sirene/44/couture-confection.json,2463,21
sirene/44/creches-petite-enfance.json,58546,455
sirene/44/cuir-maroquinerie-cordonnerie.json,3136,25
sirene/44/cultures-specialisees-vergers-cultures-tropicales.json,3281,28
sirene/44/dechets-recyclage-assainissement.json,39749,304
sirene/44/demenagement.json,4379,35
sirene/44/eau-potable-captage-traitement-distribution.json,2828,21
sirene/44/ebenisterie-meubles-restauration-de-meubles.json,10953,90
sirene/44/ecoles-de-sport-equitation.json,10905,91
sirene/44/ecoles-maternelles-et-elementaires.json,78037,505
sirene/44/electricite-du-batiment.json,57591,485
sirene/44/electronique-materiel-electrique.json,8365,68
sirene/44/elements-prefabriques-en-beton.json,1468,12
sirene/44/elevage-bovin-ovin-caprin-porcin-volailles.json,75767,726
sirene/44/elevage-de-chevaux-haras.json,4298,37
sirene/44/enseignement-culturel-conservatoires.json,13543,111
sirene/44/enseignes-signaletique-marquage.json,3924,29
sirene/44/entrepots-logistique.json,33273,268
sirene/44/esthetique-soins-de-beaute.json,25591,220
sirene/44/fabrication-de-monnaies-medailles.json,3,0
sirene/44/fleuristes-jardineries.json,19385,165
sirene/44/fleurs-artificielles-parures-de-mode.json,3,0
sirene/44/fonderies.json,1172,9
sirene/44/forets-travaux-forestiers.json,1978,18
sirene/44/froid-industriel-installation-de-machines.json,5777,46
sirene/44/garages-carrosseries-voitures.json,81016,664
sirene/44/geometres-experts-topographie.json,6036,48
sirene/44/grossistes-en-fruits-et-legumes.json,5264,45
sirene/44/grossistes-en-poissons-crustaces-mollusques.json,2239,20
sirene/44/grossistes-en-viandes.json,776,7
sirene/44/guides-offices-de-tourisme.json,3979,31
sirene/44/handicap-foyers-esat-ime.json,34553,250
sirene/44/hopitaux-cliniques-laboratoires.json,42692,302
sirene/44/horticulture-maraichage-agriculture.json,26655,244
sirene/44/hotels.json,46372,377
sirene/44/imprimerie-prepresse-reliure.json,11573,94
sirene/44/industrie-agroalimentaire.json,11454,97
sirene/44/interim-recrutement.json,63192,514
sirene/44/laboratoires-d-analyses-et-d-essais.json,12456,85
sirene/44/laboratoires-de-recherche-scientifique.json,13150,99
sirene/44/loisirs-animation.json,62215,475
sirene/44/magasins-specialises-bricolage-maison-sport-high-tech.json,125740,1063
sirene/44/maintenance-d-equipements-ascenseurs.json,13562,110
sirene/44/mairies-administrations.json,104172,687
sirene/44/materiels-agricoles-engins-de-chantier.json,27542,230
sirene/44/menuiserie-agencement-serrurerie.json,89317,734
sirene/44/motos-scooters.json,7475,63
sirene/44/navigation-fluviale.json,738,6
sirene/44/navigation-maritime-plaisance-professionnelle.json,2919,24
sirene/44/nettoyage-proprete.json,42994,357
sirene/44/objets-en-bois-liege-vannerie.json,1656,13
sirene/44/optique-photonique-instruments-de-mesure.json,1560,14
sirene/44/parcs-naturels-jardins-botaniques-et-zoologiques.json,823,7
sirene/44/parfumerie-cosmetiques.json,9252,74
sirene/44/paysagistes-espaces-verts.json,49394,421
sirene/44/peche-professionnelle.json,1596,14
sirene/44/peinture-platre-carrelage-sols-isolation.json,103157,897
sirene/44/personnes-agees-ehpad-residences.json,30115,221
sirene/44/pharmacie-optique-protheses.json,103650,840
sirene/44/photographie.json,5263,44
sirene/44/plastique-verre-materiaux.json,7175,59
sirene/44/plomberie-chauffage-climatisation-froid.json,68640,564
sirene/44/poids-lourds-utilitaires.json,3091,25
sirene/44/poste-courrier.json,451,4
sirene/44/pressing-blanchisserie-retouches.json,15476,122
sirene/44/primeur-fromagerie-epicerie-fine-cave.json,18844,160
sirene/44/production-et-distribution-d-energie.json,13289,107
sirene/44/publicite-design-graphique.json,34752,305
sirene/44/remontees-mecaniques-telepheriques.json,3,0
sirene/44/reparation-d-ordinateurs-et-de-telephones.json,6007,49
sirene/44/reparation-de-machines-et-d-electronique.json,18965,154
sirene/44/reseaux-electriques-et-telecoms.json,4321,33
sirene/44/restaurants.json,146906,1299
sirene/44/restauration-collective-cantines-entreprises.json,22284,161
sirene/44/restauration-rapide.json,104827,929
sirene/44/scieries-preparation-du-bois.json,2395,18
sirene/44/secretariat-accueil-centres-d-appels.json,56106,492
sirene/44/securite-privee-surveillance.json,15414,129
sirene/44/services-a-l-elevage-marechalerie.json,1805,17
sirene/44/services-informatiques-reseaux.json,48091,437
sirene/44/spectacle-musees-bibliotheques.json,42194,360
sirene/44/superettes-alimentation-generale.json,21609,185
sirene/44/supermarches-grandes-surfaces.json,54404,468
sirene/44/tapisserie-decoration-textile.json,4997,40
sirene/44/telecommunications.json,6761,59
sirene/44/traitement-des-dechets-dangereux.json,519,4
sirene/44/traiteurs.json,9481,82
sirene/44/transformation-de-poissons-crustaces-mollusques.json,1211,10
sirene/44/transformation-de-viandes.json,5515,44
sirene/44/transport-de-marchandises-livraison.json,60525,498
sirene/44/transport-de-voyageurs.json,18018,142
sirene/44/travaux-agricoles-services-aux-cultures.json,7148,65
sirene/44/travaux-publics-routes-reseaux.json,34724,288
sirene/44/usinage-mecanique-outillage.json,18333,148
sirene/44/vetements-chaussures-accessoires.json,87303,749
sirene/44/veterinaires-soins-aux-animaux.json,30242,245
sirene/44/viticulture-vinification.json,15980,140
sirene/45/activites-sportives-dont-ecuries-de-course.json,4908,39
sirene/45/aeronautique.json,606,5
sirene/45/agences-immobilieres-gestion-de-logements.json,31151,262
sirene/45/aide-a-domicile.json,14050,113
sirene/45/ambulances.json,8250,66
sirene/45/aquaculture-pisciculture-conchyliculture.json,114,1
sirene/45/architectes.json,4798,41
sirene/45/armurerie-fabrication-d-armes.json,111,1
sirene/45/associations-animation-solidarite.json,55505,403
sirene/45/audiovisuel-cinema-son.json,3379,32
sirene/45/autres-elevages-dont-animaux-de-compagnie-apiculture.json,1336,11
sirene/45/banques-assurances.json,31914,239
sirene/45/bateaux-nautisme.json,99,1
sirene/45/bijouterie-horlogerie.json,205,2
sirene/45/boucherie-charcuterie-poissonnerie.json,10825,94
sirene/45/boulangerie-patisserie.json,27191,238
sirene/45/bureaux-d-etudes-economistes-de-la-construction.json,26663,233
sirene/45/cafes-bars.json,14838,134
sirene/45/ceramique-verre-d-art-instruments-de-musique.json,727,6
sirene/45/chaudronnerie-soudure-structures-metalliques.json,5730,46
sirene/45/chimie-pharmacie-cosmetiques-papier.json,6910,57
sirene/45/chocolaterie-confiserie-glaces.json,2950,26
sirene/45/clubs-et-salles-de-sport.json,57268,443
sirene/45/coiffure.json,29242,259
sirene/45/commerce-de-gros-entre-entreprises.json,34513,292
sirene/45/comptabilite-conseil-gestion.json,62435,528
sirene/45/concessionnaires-vente-de-vehicules-et-pieces.json,34994,296
sirene/45/construction-de-navires.json,3,0
sirene/45/construction-maconnerie-gros-uvre.json,80316,713
sirene/45/couture-confection.json,850,7
sirene/45/creches-petite-enfance.json,25193,183
sirene/45/cuir-maroquinerie-cordonnerie.json,963,7
sirene/45/cultures-specialisees-vergers-cultures-tropicales.json,3282,29
sirene/45/dechets-recyclage-assainissement.json,25052,186
sirene/45/demenagement.json,2444,18
sirene/45/eau-potable-captage-traitement-distribution.json,14362,103
sirene/45/ebenisterie-meubles-restauration-de-meubles.json,2174,19
sirene/45/ecoles-de-sport-equitation.json,4084,34
sirene/45/ecoles-maternelles-et-elementaires.json,66543,463
sirene/45/electricite-du-batiment.json,26134,229
sirene/45/electronique-materiel-electrique.json,3899,34
sirene/45/elements-prefabriques-en-beton.json,1800,15
sirene/45/elevage-bovin-ovin-caprin-porcin-volailles.json,2730,26
sirene/45/elevage-de-chevaux-haras.json,1652,14
sirene/45/enseignement-culturel-conservatoires.json,7113,58
sirene/45/enseignes-signaletique-marquage.json,1295,11
sirene/45/entrepots-logistique.json,17371,140
sirene/45/esthetique-soins-de-beaute.json,8944,80
sirene/45/fabrication-de-monnaies-medailles.json,3,0
sirene/45/fleuristes-jardineries.json,8799,74
sirene/45/fleurs-artificielles-parures-de-mode.json,97,1
sirene/45/fonderies.json,379,3
sirene/45/forets-travaux-forestiers.json,6687,61
sirene/45/froid-industriel-installation-de-machines.json,2236,18
sirene/45/garages-carrosseries-voitures.json,44077,381
sirene/45/geometres-experts-topographie.json,1497,13
sirene/45/grossistes-en-fruits-et-legumes.json,3686,32
sirene/45/grossistes-en-poissons-crustaces-mollusques.json,264,2
sirene/45/grossistes-en-viandes.json,121,1
sirene/45/guides-offices-de-tourisme.json,2144,16
sirene/45/handicap-foyers-esat-ime.json,13774,92
sirene/45/hopitaux-cliniques-laboratoires.json,22217,151
sirene/45/horticulture-maraichage-agriculture.json,36266,327
sirene/45/hotels.json,22567,189
sirene/45/imprimerie-prepresse-reliure.json,4404,37
sirene/45/industrie-agroalimentaire.json,3447,27
sirene/45/interim-recrutement.json,37890,317
sirene/45/laboratoires-d-analyses-et-d-essais.json,1579,12
sirene/45/laboratoires-de-recherche-scientifique.json,4811,40
sirene/45/loisirs-animation.json,37950,294
sirene/45/magasins-specialises-bricolage-maison-sport-high-tech.json,48902,424
sirene/45/maintenance-d-equipements-ascenseurs.json,5926,50
sirene/45/mairies-administrations.json,93221,648
sirene/45/materiels-agricoles-engins-de-chantier.json,12496,102
sirene/45/menuiserie-agencement-serrurerie.json,37155,320
sirene/45/motos-scooters.json,1728,15
sirene/45/navigation-fluviale.json,379,3
sirene/45/navigation-maritime-plaisance-professionnelle.json,3,0
sirene/45/nettoyage-proprete.json,18835,158
sirene/45/objets-en-bois-liege-vannerie.json,545,5
sirene/45/optique-photonique-instruments-de-mesure.json,1482,13
sirene/45/parcs-naturels-jardins-botaniques-et-zoologiques.json,827,6
sirene/45/parfumerie-cosmetiques.json,4186,36
sirene/45/paysagistes-espaces-verts.json,20395,174
sirene/45/peche-professionnelle.json,3,0
sirene/45/peinture-platre-carrelage-sols-isolation.json,35165,312
sirene/45/personnes-agees-ehpad-residences.json,12132,91
sirene/45/pharmacie-optique-protheses.json,41359,343
sirene/45/photographie.json,1354,12
sirene/45/plastique-verre-materiaux.json,4946,40
sirene/45/plomberie-chauffage-climatisation-froid.json,34779,300
sirene/45/poids-lourds-utilitaires.json,1563,13
sirene/45/poste-courrier.json,1007,10
sirene/45/pressing-blanchisserie-retouches.json,6114,50
sirene/45/primeur-fromagerie-epicerie-fine-cave.json,5785,52
sirene/45/production-et-distribution-d-energie.json,2213,18
sirene/45/publicite-design-graphique.json,7688,69
sirene/45/remontees-mecaniques-telepheriques.json,3,0
sirene/45/reparation-d-ordinateurs-et-de-telephones.json,2907,25
sirene/45/reparation-de-machines-et-d-electronique.json,8278,68
sirene/45/reseaux-electriques-et-telecoms.json,1802,15
sirene/45/restaurants.json,46427,416
sirene/45/restauration-collective-cantines-entreprises.json,15465,106
sirene/45/restauration-rapide.json,42352,386
sirene/45/scieries-preparation-du-bois.json,1560,14
sirene/45/secretariat-accueil-centres-d-appels.json,14597,127
sirene/45/securite-privee-surveillance.json,7892,64
sirene/45/services-a-l-elevage-marechalerie.json,1290,11
sirene/45/services-informatiques-reseaux.json,9898,90
sirene/45/spectacle-musees-bibliotheques.json,19852,164
sirene/45/superettes-alimentation-generale.json,6893,60
sirene/45/supermarches-grandes-surfaces.json,27467,241
sirene/45/tapisserie-decoration-textile.json,1001,9
sirene/45/telecommunications.json,2879,24
sirene/45/traitement-des-dechets-dangereux.json,308,2
sirene/45/traiteurs.json,2994,27
sirene/45/transformation-de-poissons-crustaces-mollusques.json,3,0
sirene/45/transformation-de-viandes.json,1499,14
sirene/45/transport-de-marchandises-livraison.json,42903,378
sirene/45/transport-de-voyageurs.json,15183,126
sirene/45/travaux-agricoles-services-aux-cultures.json,5769,54
sirene/45/travaux-publics-routes-reseaux.json,15842,130
sirene/45/usinage-mecanique-outillage.json,10011,81
sirene/45/vetements-chaussures-accessoires.json,34583,307
sirene/45/veterinaires-soins-aux-animaux.json,12613,106
sirene/45/viticulture-vinification.json,207,2
sirene/46/activites-sportives-dont-ecuries-de-course.json,1444,11
sirene/46/aeronautique.json,433,4
sirene/46/agences-immobilieres-gestion-de-logements.json,8702,74
sirene/46/aide-a-domicile.json,3437,27
sirene/46/ambulances.json,2546,21
sirene/46/aquaculture-pisciculture-conchyliculture.json,117,1
sirene/46/architectes.json,2009,17
sirene/46/armurerie-fabrication-d-armes.json,115,1
sirene/46/associations-animation-solidarite.json,21366,172
sirene/46/audiovisuel-cinema-son.json,1152,10
sirene/46/autres-elevages-dont-animaux-de-compagnie-apiculture.json,3,0
sirene/46/banques-assurances.json,6593,54
sirene/46/bateaux-nautisme.json,112,1
sirene/46/bijouterie-horlogerie.json,3,0
sirene/46/boucherie-charcuterie-poissonnerie.json,5226,47
sirene/46/boulangerie-patisserie.json,10984,98
sirene/46/bureaux-d-etudes-economistes-de-la-construction.json,8050,69
sirene/46/cafes-bars.json,5268,48
sirene/46/ceramique-verre-d-art-instruments-de-musique.json,371,3
sirene/46/chaudronnerie-soudure-structures-metalliques.json,1063,9
sirene/46/chimie-pharmacie-cosmetiques-papier.json,1063,9
sirene/46/chocolaterie-confiserie-glaces.json,241,2
sirene/46/clubs-et-salles-de-sport.json,6240,52
sirene/46/coiffure.json,6058,55
sirene/46/commerce-de-gros-entre-entreprises.json,9428,81
sirene/46/comptabilite-conseil-gestion.json,15135,125
sirene/46/concessionnaires-vente-de-vehicules-et-pieces.json,8815,76
sirene/46/construction-de-navires.json,3,0
sirene/46/construction-maconnerie-gros-uvre.json,21956,198
sirene/46/couture-confection.json,307,3
sirene/46/creches-petite-enfance.json,2598,22
sirene/46/cuir-maroquinerie-cordonnerie.json,225,2
sirene/46/cultures-specialisees-vergers-cultures-tropicales.json,1626,15
sirene/46/dechets-recyclage-assainissement.json,7605,57
sirene/46/demenagement.json,336,2
sirene/46/eau-potable-captage-traitement-distribution.json,2740,20
sirene/46/ebenisterie-meubles-restauration-de-meubles.json,678,6
sirene/46/ecoles-de-sport-equitation.json,1227,11
sirene/46/ecoles-maternelles-et-elementaires.json,16488,121
sirene/46/electricite-du-batiment.json,5231,48
sirene/46/electronique-materiel-electrique.json,794,7
sirene/46/elements-prefabriques-en-beton.json,486,4
sirene/46/elevage-bovin-ovin-caprin-porcin-volailles.json,15480,144
sirene/46/elevage-de-chevaux-haras.json,838,8
sirene/46/enseignement-culturel-conservatoires.json,612,5
sirene/46/enseignes-signaletique-marquage.json,137,1
sirene/46/entrepots-logistique.json,2379,20
sirene/46/esthetique-soins-de-beaute.json,1835,16
sirene/46/fabrication-de-monnaies-medailles.json,3,0
sirene/46/fleuristes-jardineries.json,2518,21
sirene/46/fleurs-artificielles-parures-de-mode.json,3,0
sirene/46/fonderies.json,133,1
sirene/46/forets-travaux-forestiers.json,1004,10
sirene/46/froid-industriel-installation-de-machines.json,587,5
sirene/46/garages-carrosseries-voitures.json,15050,133
sirene/46/geometres-experts-topographie.json,1413,12
sirene/46/grossistes-en-fruits-et-legumes.json,1234,11
sirene/46/grossistes-en-poissons-crustaces-mollusques.json,3,0
sirene/46/grossistes-en-viandes.json,121,1
sirene/46/guides-offices-de-tourisme.json,1497,9
sirene/46/handicap-foyers-esat-ime.json,5288,39
sirene/46/hopitaux-cliniques-laboratoires.json,9081,71
sirene/46/horticulture-maraichage-agriculture.json,3265,30
sirene/46/hotels.json,12945,113
sirene/46/imprimerie-prepresse-reliure.json,1118,10
sirene/46/industrie-agroalimentaire.json,6455,53
sirene/46/interim-recrutement.json,6917,55
sirene/46/laboratoires-d-analyses-et-d-essais.json,380,3
sirene/46/laboratoires-de-recherche-scientifique.json,695,6
sirene/46/loisirs-animation.json,11426,88
sirene/46/magasins-specialises-bricolage-maison-sport-high-tech.json,18219,161
sirene/46/maintenance-d-equipements-ascenseurs.json,806,7
sirene/46/mairies-administrations.json,62792,476
sirene/46/materiels-agricoles-engins-de-chantier.json,5076,42
sirene/46/menuiserie-agencement-serrurerie.json,10395,88
sirene/46/motos-scooters.json,1504,14
sirene/46/navigation-fluviale.json,512,4
sirene/46/navigation-maritime-plaisance-professionnelle.json,3,0
sirene/46/nettoyage-proprete.json,2245,20
sirene/46/objets-en-bois-liege-vannerie.json,3,0
sirene/46/optique-photonique-instruments-de-mesure.json,3,0
sirene/46/parcs-naturels-jardins-botaniques-et-zoologiques.json,1557,10
sirene/46/parfumerie-cosmetiques.json,917,8
sirene/46/paysagistes-espaces-verts.json,3342,29
sirene/46/peche-professionnelle.json,3,0
sirene/46/peinture-platre-carrelage-sols-isolation.json,7837,72
sirene/46/personnes-agees-ehpad-residences.json,7822,56
sirene/46/pharmacie-optique-protheses.json,14073,119
sirene/46/photographie.json,321,3
sirene/46/plastique-verre-materiaux.json,360,3
sirene/46/plomberie-chauffage-climatisation-froid.json,8628,78
sirene/46/poids-lourds-utilitaires.json,538,4
sirene/46/poste-courrier.json,107,1
sirene/46/pressing-blanchisserie-retouches.json,1065,9
sirene/46/primeur-fromagerie-epicerie-fine-cave.json,2323,20
sirene/46/production-et-distribution-d-energie.json,5290,43
sirene/46/publicite-design-graphique.json,2194,20
sirene/46/remontees-mecaniques-telepheriques.json,105,1
sirene/46/reparation-d-ordinateurs-et-de-telephones.json,616,5
sirene/46/reparation-de-machines-et-d-electronique.json,2369,20
sirene/46/reseaux-electriques-et-telecoms.json,1262,10
sirene/46/restaurants.json,19711,182
sirene/46/restauration-collective-cantines-entreprises.json,1001,8
sirene/46/restauration-rapide.json,8409,75
sirene/46/scieries-preparation-du-bois.json,1971,16
sirene/46/secretariat-accueil-centres-d-appels.json,3702,33
sirene/46/securite-privee-surveillance.json,699,6
sirene/46/services-a-l-elevage-marechalerie.json,3,0
sirene/46/services-informatiques-reseaux.json,1548,15
sirene/46/spectacle-musees-bibliotheques.json,5254,45
sirene/46/superettes-alimentation-generale.json,5057,42
sirene/46/supermarches-grandes-surfaces.json,11334,103
sirene/46/tapisserie-decoration-textile.json,674,6
sirene/46/telecommunications.json,507,4
sirene/46/traitement-des-dechets-dangereux.json,3,0
sirene/46/traiteurs.json,1485,12
sirene/46/transformation-de-poissons-crustaces-mollusques.json,3,0
sirene/46/transformation-de-viandes.json,2051,19
sirene/46/transport-de-marchandises-livraison.json,3892,33
sirene/46/transport-de-voyageurs.json,6792,58
sirene/46/travaux-agricoles-services-aux-cultures.json,1617,14
sirene/46/travaux-publics-routes-reseaux.json,6346,56
sirene/46/usinage-mecanique-outillage.json,3288,28
sirene/46/vetements-chaussures-accessoires.json,7142,67
sirene/46/veterinaires-soins-aux-animaux.json,4607,39
sirene/46/viticulture-vinification.json,5554,51
sirene/47/activites-sportives-dont-ecuries-de-course.json,1317,11
sirene/47/aeronautique.json,622,5
sirene/47/agences-immobilieres-gestion-de-logements.json,16380,133
sirene/47/aide-a-domicile.json,14372,117
sirene/47/ambulances.json,3396,28
sirene/47/aquaculture-pisciculture-conchyliculture.json,232,2
sirene/47/architectes.json,3709,30
sirene/47/armurerie-fabrication-d-armes.json,3,0
sirene/47/associations-animation-solidarite.json,32366,238
sirene/47/audiovisuel-cinema-son.json,1541,13
sirene/47/autres-elevages-dont-animaux-de-compagnie-apiculture.json,225,2
sirene/47/banques-assurances.json,19895,148
sirene/47/bateaux-nautisme.json,357,3
sirene/47/bijouterie-horlogerie.json,105,1
sirene/47/boucherie-charcuterie-poissonnerie.json,7781,67
sirene/47/boulangerie-patisserie.json,14868,133
sirene/47/bureaux-d-etudes-economistes-de-la-construction.json,12868,111
sirene/47/cafes-bars.json,6534,60
sirene/47/ceramique-verre-d-art-instruments-de-musique.json,3,0
sirene/47/chaudronnerie-soudure-structures-metalliques.json,2451,21
sirene/47/chimie-pharmacie-cosmetiques-papier.json,2249,20
sirene/47/chocolaterie-confiserie-glaces.json,1272,11
sirene/47/clubs-et-salles-de-sport.json,23758,189
sirene/47/coiffure.json,14790,131
sirene/47/commerce-de-gros-entre-entreprises.json,18877,162
sirene/47/comptabilite-conseil-gestion.json,40568,323
sirene/47/concessionnaires-vente-de-vehicules-et-pieces.json,20744,175
sirene/47/construction-de-navires.json,220,2
sirene/47/construction-maconnerie-gros-uvre.json,35279,310
sirene/47/couture-confection.json,675,6
sirene/47/creches-petite-enfance.json,8198,60
sirene/47/cuir-maroquinerie-cordonnerie.json,547,4
sirene/47/cultures-specialisees-vergers-cultures-tropicales.json,18824,163
sirene/47/dechets-recyclage-assainissement.json,8402,61
sirene/47/demenagement.json,1162,10
sirene/47/eau-potable-captage-traitement-distribution.json,2267,17
sirene/47/ebenisterie-meubles-restauration-de-meubles.json,1384,12
sirene/47/ecoles-de-sport-equitation.json,2132,17
sirene/47/ecoles-maternelles-et-elementaires.json,44976,324
sirene/47/electricite-du-batiment.json,14780,129
sirene/47/electronique-materiel-electrique.json,728,6
sirene/47/elements-prefabriques-en-beton.json,940,8
sirene/47/elevage-bovin-ovin-caprin-porcin-volailles.json,9403,83
sirene/47/elevage-de-chevaux-haras.json,533,5
sirene/47/enseignement-culturel-conservatoires.json,1859,15
sirene/47/enseignes-signaletique-marquage.json,1060,7
sirene/47/entrepots-logistique.json,6815,56
sirene/47/esthetique-soins-de-beaute.json,3506,32
sirene/47/fabrication-de-monnaies-medailles.json,3,0
sirene/47/fleuristes-jardineries.json,7596,69
sirene/47/fleurs-artificielles-parures-de-mode.json,3,0
sirene/47/fonderies.json,89,1
sirene/47/forets-travaux-forestiers.json,4186,36
sirene/47/froid-industriel-installation-de-machines.json,1752,15
sirene/47/garages-carrosseries-voitures.json,25449,222
sirene/47/geometres-experts-topographie.json,1887,15
sirene/47/grossistes-en-fruits-et-legumes.json,9433,83
sirene/47/grossistes-en-poissons-crustaces-mollusques.json,206,2
sirene/47/grossistes-en-viandes.json,788,6
sirene/47/guides-offices-de-tourisme.json,2134,16
sirene/47/handicap-foyers-esat-ime.json,12556,75
sirene/47/hopitaux-cliniques-laboratoires.json,10320,71
sirene/47/horticulture-maraichage-agriculture.json,42512,376
sirene/47/hotels.json,12203,103
sirene/47/imprimerie-prepresse-reliure.json,2397,21
sirene/47/industrie-agroalimentaire.json,7864,66
sirene/47/interim-recrutement.json,20847,169
sirene/47/laboratoires-d-analyses-et-d-essais.json,330,3
sirene/47/laboratoires-de-recherche-scientifique.json,1151,9
sirene/47/loisirs-animation.json,22334,168
sirene/47/magasins-specialises-bricolage-maison-sport-high-tech.json,36902,319
sirene/47/maintenance-d-equipements-ascenseurs.json,1557,14
sirene/47/mairies-administrations.json,67831,499
sirene/47/materiels-agricoles-engins-de-chantier.json,11572,100
sirene/47/menuiserie-agencement-serrurerie.json,18905,163
sirene/47/motos-scooters.json,2864,25
sirene/47/navigation-fluviale.json,253,2
sirene/47/navigation-maritime-plaisance-professionnelle.json,3,0
sirene/47/nettoyage-proprete.json,6182,53
sirene/47/objets-en-bois-liege-vannerie.json,866,7
sirene/47/optique-photonique-instruments-de-mesure.json,110,1
sirene/47/parcs-naturels-jardins-botaniques-et-zoologiques.json,800,6
sirene/47/parfumerie-cosmetiques.json,2427,21
sirene/47/paysagistes-espaces-verts.json,5266,44
sirene/47/peche-professionnelle.json,3,0
sirene/47/peinture-platre-carrelage-sols-isolation.json,20958,186
sirene/47/personnes-agees-ehpad-residences.json,11506,89
sirene/47/pharmacie-optique-protheses.json,26829,222
sirene/47/photographie.json,946,8
sirene/47/plastique-verre-materiaux.json,1918,15
sirene/47/plomberie-chauffage-climatisation-froid.json,16753,148
sirene/47/poids-lourds-utilitaires.json,2004,17
sirene/47/poste-courrier.json,92,1
sirene/47/pressing-blanchisserie-retouches.json,1831,18
sirene/47/primeur-fromagerie-epicerie-fine-cave.json,4825,42
sirene/47/production-et-distribution-d-energie.json,6979,58
sirene/47/publicite-design-graphique.json,4647,41
sirene/47/remontees-mecaniques-telepheriques.json,3,0
sirene/47/reparation-d-ordinateurs-et-de-telephones.json,2111,19
sirene/47/reparation-de-machines-et-d-electronique.json,3878,33
sirene/47/reseaux-electriques-et-telecoms.json,1581,14
sirene/47/restaurants.json,27147,241
sirene/47/restauration-collective-cantines-entreprises.json,3160,23
sirene/47/restauration-rapide.json,19267,179
sirene/47/scieries-preparation-du-bois.json,1388,12
sirene/47/secretariat-accueil-centres-d-appels.json,5222,46
sirene/47/securite-privee-surveillance.json,2153,18
sirene/47/services-a-l-elevage-marechalerie.json,928,8
sirene/47/services-informatiques-reseaux.json,2619,25
sirene/47/spectacle-musees-bibliotheques.json,8193,66
sirene/47/superettes-alimentation-generale.json,4485,39
sirene/47/supermarches-grandes-surfaces.json,14841,130
sirene/47/tapisserie-decoration-textile.json,866,7
sirene/47/telecommunications.json,1874,16
sirene/47/traitement-des-dechets-dangereux.json,227,2
sirene/47/traiteurs.json,2517,22
sirene/47/transformation-de-poissons-crustaces-mollusques.json,297,3
sirene/47/transformation-de-viandes.json,1244,11
sirene/47/transport-de-marchandises-livraison.json,17807,151
sirene/47/transport-de-voyageurs.json,6704,59
sirene/47/travaux-agricoles-services-aux-cultures.json,7872,71
sirene/47/travaux-publics-routes-reseaux.json,10428,89
sirene/47/usinage-mecanique-outillage.json,4182,34
sirene/47/vetements-chaussures-accessoires.json,17858,161
sirene/47/veterinaires-soins-aux-animaux.json,4686,39
sirene/47/viticulture-vinification.json,8652,74
sirene/48/activites-sportives-dont-ecuries-de-course.json,364,3
sirene/48/aeronautique.json,109,1
sirene/48/agences-immobilieres-gestion-de-logements.json,4639,37
sirene/48/aide-a-domicile.json,2739,22
sirene/48/ambulances.json,2353,19
sirene/48/aquaculture-pisciculture-conchyliculture.json,115,1
sirene/48/architectes.json,1291,11
sirene/48/armurerie-fabrication-d-armes.json,3,0
sirene/48/associations-animation-solidarite.json,10605,80
sirene/48/audiovisuel-cinema-son.json,218,2
sirene/48/autres-elevages-dont-animaux-de-compagnie-apiculture.json,99,1
sirene/48/banques-assurances.json,4290,34
sirene/48/bateaux-nautisme.json,3,0
sirene/48/bijouterie-horlogerie.json,436,4
sirene/48/boucherie-charcuterie-poissonnerie.json,3194,26
sirene/48/boulangerie-patisserie.json,6375,54
sirene/48/bureaux-d-etudes-economistes-de-la-construction.json,1226,11
sirene/48/cafes-bars.json,3411,31
sirene/48/ceramique-verre-d-art-instruments-de-musique.json,3,0
sirene/48/chaudronnerie-soudure-structures-metalliques.json,483,4
sirene/48/chimie-pharmacie-cosmetiques-papier.json,3,0
sirene/48/chocolaterie-confiserie-glaces.json,584,5
sirene/48/clubs-et-salles-de-sport.json,5971,47
sirene/48/coiffure.json,1544,14
sirene/48/commerce-de-gros-entre-entreprises.json,4666,39
sirene/48/comptabilite-conseil-gestion.json,7270,58
sirene/48/concessionnaires-vente-de-vehicules-et-pieces.json,2777,24
sirene/48/construction-de-navires.json,3,0
sirene/48/construction-maconnerie-gros-uvre.json,15077,131
sirene/48/couture-confection.json,272,2
sirene/48/creches-petite-enfance.json,1244,9
sirene/48/cuir-maroquinerie-cordonnerie.json,123,1
sirene/48/cultures-specialisees-vergers-cultures-tropicales.json,3,0
sirene/48/dechets-recyclage-assainissement.json,3313,23
sirene/48/demenagement.json,318,3
sirene/48/eau-potable-captage-traitement-distribution.json,4711,33
sirene/48/ebenisterie-meubles-restauration-de-meubles.json,552,5
sirene/48/ecoles-de-sport-equitation.json,315,3
sirene/48/ecoles-maternelles-et-elementaires.json,8234,57
sirene/48/electricite-du-batiment.json,2480,22
sirene/48/electronique-materiel-electrique.json,198,2
sirene/48/elements-prefabriques-en-beton.json,3,0
sirene/48/elevage-bovin-ovin-caprin-porcin-volailles.json,11546,107
sirene/48/elevage-de-chevaux-haras.json,841,7
sirene/48/enseignement-culturel-conservatoires.json,122,1
sirene/48/enseignes-signaletique-marquage.json,632,4
sirene/48/entrepots-logistique.json,511,4
sirene/48/esthetique-soins-de-beaute.json,362,3
sirene/48/fabrication-de-monnaies-medailles.json,3,0
sirene/48/fleuristes-jardineries.json,1058,9
sirene/48/fleurs-artificielles-parures-de-mode.json,3,0
sirene/48/fonderies.json,3,0
sirene/48/forets-travaux-forestiers.json,2445,22
sirene/48/garages-carrosseries-voitures.json,7949,66
sirene/48/geometres-experts-topographie.json,872,7
sirene/48/grossistes-en-fruits-et-legumes.json,803,6
sirene/48/grossistes-en-poissons-crustaces-mollusques.json,3,0
sirene/48/grossistes-en-viandes.json,141,1
sirene/48/guides-offices-de-tourisme.json,2581,16
sirene/48/handicap-foyers-esat-ime.json,6173,43
sirene/48/hopitaux-cliniques-laboratoires.json,6404,44
sirene/48/horticulture-maraichage-agriculture.json,929,7
sirene/48/hotels.json,12003,99
sirene/48/imprimerie-prepresse-reliure.json,779,6
sirene/48/industrie-agroalimentaire.json,1638,13
sirene/48/interim-recrutement.json,3638,27
sirene/48/laboratoires-d-analyses-et-d-essais.json,159,1
sirene/48/laboratoires-de-recherche-scientifique.json,338,3
sirene/48/loisirs-animation.json,6240,48
sirene/48/magasins-specialises-bricolage-maison-sport-high-tech.json,7001,61
sirene/48/maintenance-d-equipements-ascenseurs.json,360,3
sirene/48/mairies-administrations.json,38528,259
sirene/48/materiels-agricoles-engins-de-chantier.json,2066,18
sirene/48/menuiserie-agencement-serrurerie.json,5102,43
sirene/48/motos-scooters.json,293,3
sirene/48/navigation-fluviale.json,116,1
sirene/48/navigation-maritime-plaisance-professionnelle.json,3,0
sirene/48/nettoyage-proprete.json,746,6
sirene/48/objets-en-bois-liege-vannerie.json,310,2
sirene/48/optique-photonique-instruments-de-mesure.json,153,1
sirene/48/parcs-naturels-jardins-botaniques-et-zoologiques.json,1033,7
sirene/48/parfumerie-cosmetiques.json,352,3
sirene/48/paysagistes-espaces-verts.json,552,5
sirene/48/peche-professionnelle.json,3,0
sirene/48/peinture-platre-carrelage-sols-isolation.json,4130,37
sirene/48/personnes-agees-ehpad-residences.json,4634,34
sirene/48/pharmacie-optique-protheses.json,6280,51
sirene/48/photographie.json,3,0
sirene/48/plastique-verre-materiaux.json,246,2
sirene/48/plomberie-chauffage-climatisation-froid.json,4632,39
sirene/48/poids-lourds-utilitaires.json,710,6
sirene/48/poste-courrier.json,125,1
sirene/48/pressing-blanchisserie-retouches.json,99,1
sirene/48/primeur-fromagerie-epicerie-fine-cave.json,622,6
sirene/48/production-et-distribution-d-energie.json,3554,33
sirene/48/publicite-design-graphique.json,373,3
sirene/48/remontees-mecaniques-telepheriques.json,110,1
sirene/48/reparation-d-ordinateurs-et-de-telephones.json,105,1
sirene/48/reparation-de-machines-et-d-electronique.json,1380,11
sirene/48/reseaux-electriques-et-telecoms.json,456,4
sirene/48/restaurants.json,6936,61
sirene/48/restauration-collective-cantines-entreprises.json,1746,12
sirene/48/restauration-rapide.json,4561,39
sirene/48/scieries-preparation-du-bois.json,1666,15
sirene/48/secretariat-accueil-centres-d-appels.json,1123,9
sirene/48/securite-privee-surveillance.json,125,1
sirene/48/services-a-l-elevage-marechalerie.json,235,2
sirene/48/services-informatiques-reseaux.json,848,8
sirene/48/spectacle-musees-bibliotheques.json,2420,19
sirene/48/superettes-alimentation-generale.json,1925,17
sirene/48/supermarches-grandes-surfaces.json,4834,42
sirene/48/tapisserie-decoration-textile.json,203,2
sirene/48/telecommunications.json,1044,8
sirene/48/traitement-des-dechets-dangereux.json,141,1
sirene/48/traiteurs.json,114,1
sirene/48/transformation-de-poissons-crustaces-mollusques.json,3,0
sirene/48/transformation-de-viandes.json,1004,9
sirene/48/transport-de-marchandises-livraison.json,3017,26
sirene/48/transport-de-voyageurs.json,3558,29
sirene/48/travaux-agricoles-services-aux-cultures.json,1576,15
sirene/48/travaux-publics-routes-reseaux.json,3754,32
sirene/48/usinage-mecanique-outillage.json,230,2
sirene/48/vetements-chaussures-accessoires.json,2730,24
sirene/48/veterinaires-soins-aux-animaux.json,1413,11
sirene/48/viticulture-vinification.json,3,0
sirene/49/activites-sportives-dont-ecuries-de-course.json,4989,38
sirene/49/aeronautique.json,344,3
sirene/49/agences-immobilieres-gestion-de-logements.json,40977,331
sirene/49/aide-a-domicile.json,25098,202
sirene/49/ambulances.json,7668,51
sirene/49/aquaculture-pisciculture-conchyliculture.json,163,1
sirene/49/architectes.json,11502,95
sirene/49/armurerie-fabrication-d-armes.json,3,0
sirene/49/associations-animation-solidarite.json,50569,386
sirene/49/audiovisuel-cinema-son.json,5621,51
sirene/49/autres-elevages-dont-animaux-de-compagnie-apiculture.json,1206,10
sirene/49/banques-assurances.json,46700,328
sirene/49/bateaux-nautisme.json,469,4
sirene/49/bijouterie-horlogerie.json,2204,20
sirene/49/boucherie-charcuterie-poissonnerie.json,12848,102
sirene/49/boulangerie-patisserie.json,42406,347
sirene/49/bureaux-d-etudes-economistes-de-la-construction.json,30264,258
sirene/49/cafes-bars.json,27025,240
sirene/49/ceramique-verre-d-art-instruments-de-musique.json,735,6
sirene/49/chaudronnerie-soudure-structures-metalliques.json,10790,86
sirene/49/chimie-pharmacie-cosmetiques-papier.json,8049,66
sirene/49/chocolaterie-confiserie-glaces.json,2266,18
sirene/49/clubs-et-salles-de-sport.json,82373,635
sirene/49/coiffure.json,43219,369
sirene/49/commerce-de-gros-entre-entreprises.json,44441,360
sirene/49/comptabilite-conseil-gestion.json,75688,638
sirene/49/concessionnaires-vente-de-vehicules-et-pieces.json,40508,327
sirene/49/construction-de-navires.json,3,0
sirene/49/construction-maconnerie-gros-uvre.json,86467,699
sirene/49/couture-confection.json,2634,22
sirene/49/creches-petite-enfance.json,29098,230
sirene/49/cuir-maroquinerie-cordonnerie.json,8714,70
sirene/49/cultures-specialisees-vergers-cultures-tropicales.json,12386,105
sirene/49/dechets-recyclage-assainissement.json,20262,150
sirene/49/demenagement.json,2562,18
sirene/49/eau-potable-captage-traitement-distribution.json,3165,23
sirene/49/ebenisterie-meubles-restauration-de-meubles.json,8423,64
sirene/49/ecoles-de-sport-equitation.json,8768,71
sirene/49/ecoles-maternelles-et-elementaires.json,60854,386
sirene/49/electricite-du-batiment.json,32199,261
sirene/49/electronique-materiel-electrique.json,5690,45
sirene/49/elements-prefabriques-en-beton.json,2182,18
sirene/49/elevage-bovin-ovin-caprin-porcin-volailles.json,72137,595
sirene/49/elevage-de-chevaux-haras.json,3948,31
sirene/49/enseignement-culturel-conservatoires.json,4607,38
sirene/49/enseignes-signaletique-marquage.json,1582,12
sirene/49/entrepots-logistique.json,11260,88
sirene/49/esthetique-soins-de-beaute.json,14229,121
sirene/49/fabrication-de-monnaies-medailles.json,3,0
sirene/49/fleuristes-jardineries.json,14056,113
sirene/49/fleurs-artificielles-parures-de-mode.json,3,0
sirene/49/fonderies.json,394,3
sirene/49/forets-travaux-forestiers.json,2144,17
sirene/49/froid-industriel-installation-de-machines.json,4329,34
sirene/49/garages-carrosseries-voitures.json,57141,456
sirene/49/geometres-experts-topographie.json,2488,19
sirene/49/grossistes-en-fruits-et-legumes.json,5443,46
sirene/49/grossistes-en-poissons-crustaces-mollusques.json,137,1
sirene/49/grossistes-en-viandes.json,359,3
sirene/49/guides-offices-de-tourisme.json,2017,16
sirene/49/handicap-foyers-esat-ime.json,19809,144
sirene/49/hopitaux-cliniques-laboratoires.json,21525,159
sirene/49/horticulture-maraichage-agriculture.json,44950,380
sirene/49/hotels.json,20979,175
sirene/49/imprimerie-prepresse-reliure.json,6365,47
sirene/49/industrie-agroalimentaire.json,7419,57
sirene/49/interim-recrutement.json,29397,242
sirene/49/laboratoires-d-analyses-et-d-essais.json,2174,15
sirene/49/laboratoires-de-recherche-scientifique.json,6383,49
sirene/49/loisirs-animation.json,42407,318
sirene/49/magasins-specialises-bricolage-maison-sport-high-tech.json,59344,497
sirene/49/maintenance-d-equipements-ascenseurs.json,5464,44
sirene/49/mairies-administrations.json,116381,755
sirene/49/materiels-agricoles-engins-de-chantier.json,21805,171
sirene/49/menuiserie-agencement-serrurerie.json,59357,466
sirene/49/motos-scooters.json,5080,40
sirene/49/navigation-fluviale.json,3,0
sirene/49/navigation-maritime-plaisance-professionnelle.json,3,0
sirene/49/nettoyage-proprete.json,19902,165
sirene/49/objets-en-bois-liege-vannerie.json,401,3
sirene/49/optique-photonique-instruments-de-mesure.json,748,7
sirene/49/parcs-naturels-jardins-botaniques-et-zoologiques.json,576,5
sirene/49/parfumerie-cosmetiques.json,4351,37
sirene/49/paysagistes-espaces-verts.json,32793,263
sirene/49/peche-professionnelle.json,189,2
sirene/49/peinture-platre-carrelage-sols-isolation.json,58459,480
sirene/49/personnes-agees-ehpad-residences.json,28374,193
sirene/49/pharmacie-optique-protheses.json,60440,482
sirene/49/photographie.json,2662,24
sirene/49/plastique-verre-materiaux.json,7327,56
sirene/49/plomberie-chauffage-climatisation-froid.json,44517,358
sirene/49/poids-lourds-utilitaires.json,3174,23
sirene/49/poste-courrier.json,1323,13
sirene/49/pressing-blanchisserie-retouches.json,5923,49
sirene/49/primeur-fromagerie-epicerie-fine-cave.json,9083,76
sirene/49/production-et-distribution-d-energie.json,7430,61
sirene/49/publicite-design-graphique.json,12489,105
sirene/49/remontees-mecaniques-telepheriques.json,3,0
sirene/49/reparation-d-ordinateurs-et-de-telephones.json,3586,30
sirene/49/reparation-de-machines-et-d-electronique.json,13062,105
sirene/49/reseaux-electriques-et-telecoms.json,2069,16
sirene/49/restaurants.json,71644,613
sirene/49/restauration-collective-cantines-entreprises.json,13538,97
sirene/49/restauration-rapide.json,40554,360
sirene/49/scieries-preparation-du-bois.json,1698,14
sirene/49/secretariat-accueil-centres-d-appels.json,34463,294
sirene/49/securite-privee-surveillance.json,4658,39
sirene/49/services-a-l-elevage-marechalerie.json,2202,18
sirene/49/services-informatiques-reseaux.json,14404,125
sirene/49/spectacle-musees-bibliotheques.json,21906,181
sirene/49/superettes-alimentation-generale.json,10621,86
sirene/49/supermarches-grandes-surfaces.json,31864,271
sirene/49/tapisserie-decoration-textile.json,2207,17
sirene/49/telecommunications.json,2789,23
sirene/49/traitement-des-dechets-dangereux.json,260,2
sirene/49/traiteurs.json,6043,48
sirene/49/transformation-de-poissons-crustaces-mollusques.json,480,4
sirene/49/transformation-de-viandes.json,3803,31
sirene/49/transport-de-marchandises-livraison.json,38371,295
sirene/49/transport-de-voyageurs.json,11785,91
sirene/49/travaux-agricoles-services-aux-cultures.json,9666,82
sirene/49/travaux-publics-routes-reseaux.json,24914,199
sirene/49/usinage-mecanique-outillage.json,18024,141
sirene/49/vetements-chaussures-accessoires.json,45906,389
sirene/49/veterinaires-soins-aux-animaux.json,13397,108
sirene/49/viticulture-vinification.json,46444,388
sirene/50/activites-sportives-dont-ecuries-de-course.json,4233,34
sirene/50/aeronautique.json,137,1
sirene/50/agences-immobilieres-gestion-de-logements.json,23080,184
sirene/50/aide-a-domicile.json,10745,83
sirene/50/ambulances.json,8935,65
sirene/50/aquaculture-pisciculture-conchyliculture.json,11350,95
sirene/50/architectes.json,4721,36
sirene/50/armurerie-fabrication-d-armes.json,3,0
sirene/50/associations-animation-solidarite.json,39467,272
sirene/50/audiovisuel-cinema-son.json,854,7
sirene/50/autres-elevages-dont-animaux-de-compagnie-apiculture.json,520,5
sirene/50/banques-assurances.json,32352,216
sirene/50/bateaux-nautisme.json,3250,25
sirene/50/bijouterie-horlogerie.json,602,5
sirene/50/boucherie-charcuterie-poissonnerie.json,16286,131
sirene/50/boulangerie-patisserie.json,32384,253
sirene/50/bureaux-d-etudes-economistes-de-la-construction.json,18885,150
sirene/50/cafes-bars.json,20564,176
sirene/50/ceramique-verre-d-art-instruments-de-musique.json,3,0
sirene/50/chaudronnerie-soudure-structures-metalliques.json,4205,35
sirene/50/chimie-pharmacie-cosmetiques-papier.json,1211,10
sirene/50/chocolaterie-confiserie-glaces.json,1063,8
sirene/50/clubs-et-salles-de-sport.json,35952,272
sirene/50/coiffure.json,22112,184
sirene/50/commerce-de-gros-entre-entreprises.json,18846,154
sirene/50/comptabilite-conseil-gestion.json,37446,293
sirene/50/concessionnaires-vente-de-vehicules-et-pieces.json,26800,214
sirene/50/construction-de-navires.json,1206,9
sirene/50/construction-maconnerie-gros-uvre.json,46009,386
sirene/50/couture-confection.json,3004,24
sirene/50/creches-petite-enfance.json,9236,66
sirene/50/cuir-maroquinerie-cordonnerie.json,978,9
sirene/50/cultures-specialisees-vergers-cultures-tropicales.json,1665,13
sirene/50/dechets-recyclage-assainissement.json,18646,137
sirene/50/demenagement.json,1093,5
sirene/50/eau-potable-captage-traitement-distribution.json,4287,31
sirene/50/ebenisterie-meubles-restauration-de-meubles.json,3040,26
sirene/50/ecoles-de-sport-equitation.json,3732,31
sirene/50/ecoles-maternelles-et-elementaires.json,40351,285
sirene/50/electricite-du-batiment.json,15349,124
sirene/50/electronique-materiel-electrique.json,1392,11
sirene/50/elements-prefabriques-en-beton.json,418,4
sirene/50/elevage-bovin-ovin-caprin-porcin-volailles.json,108562,958
sirene/50/elevage-de-chevaux-haras.json,5563,49
sirene/50/enseignement-culturel-conservatoires.json,2610,19
sirene/50/enseignes-signaletique-marquage.json,676,5
sirene/50/entrepots-logistique.json,4231,35
sirene/50/esthetique-soins-de-beaute.json,7952,65
sirene/50/fabrication-de-monnaies-medailles.json,3,0
sirene/50/fleuristes-jardineries.json,7507,61
sirene/50/fleurs-artificielles-parures-de-mode.json,103,1
sirene/50/fonderies.json,121,1
sirene/50/forets-travaux-forestiers.json,1562,13
sirene/50/froid-industriel-installation-de-machines.json,1285,11
sirene/50/garages-carrosseries-voitures.json,32420,259
sirene/50/geometres-experts-topographie.json,1167,10
sirene/50/grossistes-en-fruits-et-legumes.json,2319,19
sirene/50/grossistes-en-poissons-crustaces-mollusques.json,4274,35
sirene/50/grossistes-en-viandes.json,243,2
sirene/50/guides-offices-de-tourisme.json,1622,12
sirene/50/handicap-foyers-esat-ime.json,11808,77
sirene/50/hopitaux-cliniques-laboratoires.json,14220,102
sirene/50/horticulture-maraichage-agriculture.json,28252,247
sirene/50/hotels.json,25746,197
sirene/50/imprimerie-prepresse-reliure.json,3788,30
sirene/50/industrie-agroalimentaire.json,4960,39
sirene/50/interim-recrutement.json,16271,133
sirene/50/laboratoires-d-analyses-et-d-essais.json,1570,10
sirene/50/laboratoires-de-recherche-scientifique.json,539,5
sirene/50/loisirs-animation.json,26391,198
sirene/50/magasins-specialises-bricolage-maison-sport-high-tech.json,49770,406
sirene/50/maintenance-d-equipements-ascenseurs.json,2370,19
sirene/50/mairies-administrations.json,124068,883
sirene/50/materiels-agricoles-engins-de-chantier.json,13783,114
sirene/50/menuiserie-agencement-serrurerie.json,34120,279
sirene/50/motos-scooters.json,3130,26
sirene/50/navigation-fluviale.json,772,5
sirene/50/navigation-maritime-plaisance-professionnelle.json,1368,11
sirene/50/nettoyage-proprete.json,7569,63
sirene/50/objets-en-bois-liege-vannerie.json,268,2
sirene/50/optique-photonique-instruments-de-mesure.json,285,2
sirene/50/parcs-naturels-jardins-botaniques-et-zoologiques.json,591,5
sirene/50/parfumerie-cosmetiques.json,3129,26
sirene/50/paysagistes-espaces-verts.json,13194,114
sirene/50/peche-professionnelle.json,4634,40
sirene/50/peinture-platre-carrelage-sols-isolation.json,20404,172
sirene/50/personnes-agees-ehpad-residences.json,18543,131
sirene/50/pharmacie-optique-protheses.json,39192,308
sirene/50/photographie.json,1367,12
sirene/50/plastique-verre-materiaux.json,1506,12
sirene/50/plomberie-chauffage-climatisation-froid.json,21450,175
sirene/50/poids-lourds-utilitaires.json,1625,13
sirene/50/poste-courrier.json,122,1
sirene/50/pressing-blanchisserie-retouches.json,3739,30
sirene/50/primeur-fromagerie-epicerie-fine-cave.json,6034,48
sirene/50/production-et-distribution-d-energie.json,3402,26
sirene/50/publicite-design-graphique.json,4558,39
sirene/50/remontees-mecaniques-telepheriques.json,3,0
sirene/50/reparation-d-ordinateurs-et-de-telephones.json,925,7
sirene/50/reparation-de-machines-et-d-electronique.json,7429,59
sirene/50/reseaux-electriques-et-telecoms.json,1091,9
sirene/50/restaurants.json,43606,370
sirene/50/restauration-collective-cantines-entreprises.json,3516,25
sirene/50/restauration-rapide.json,25114,211
sirene/50/scieries-preparation-du-bois.json,955,8
sirene/50/secretariat-accueil-centres-d-appels.json,10587,85
sirene/50/securite-privee-surveillance.json,2163,17
sirene/50/services-a-l-elevage-marechalerie.json,2046,18
sirene/50/services-informatiques-reseaux.json,2586,23
sirene/50/spectacle-musees-bibliotheques.json,8591,68
sirene/50/superettes-alimentation-generale.json,6195,52
sirene/50/supermarches-grandes-surfaces.json,23459,190
sirene/50/tapisserie-decoration-textile.json,471,4
sirene/50/telecommunications.json,2481,21
sirene/50/traitement-des-dechets-dangereux.json,234,2
sirene/50/traiteurs.json,1725,14
sirene/50/transformation-de-poissons-crustaces-mollusques.json,1998,16
sirene/50/transformation-de-viandes.json,2324,19
sirene/50/transport-de-marchandises-livraison.json,15788,129
sirene/50/transport-de-voyageurs.json,9153,71
sirene/50/travaux-agricoles-services-aux-cultures.json,8018,72
sirene/50/travaux-publics-routes-reseaux.json,13561,114
sirene/50/usinage-mecanique-outillage.json,5688,46
sirene/50/vetements-chaussures-accessoires.json,34925,305
sirene/50/veterinaires-soins-aux-animaux.json,11181,86
sirene/50/viticulture-vinification.json,272,2
sirene/51/activites-sportives-dont-ecuries-de-course.json,2272,18
sirene/51/aeronautique.json,1253,11
sirene/51/agences-immobilieres-gestion-de-logements.json,20249,176
sirene/51/aide-a-domicile.json,13567,104
sirene/51/ambulances.json,5259,40
sirene/51/aquaculture-pisciculture-conchyliculture.json,115,1
sirene/51/architectes.json,5581,49
sirene/51/armurerie-fabrication-d-armes.json,3,0
sirene/51/associations-animation-solidarite.json,31367,239
sirene/51/audiovisuel-cinema-son.json,2071,18
sirene/51/autres-elevages-dont-animaux-de-compagnie-apiculture.json,442,4
sirene/51/banques-assurances.json,25858,202
sirene/51/bateaux-nautisme.json,153,1
sirene/51/bijouterie-horlogerie.json,583,5
sirene/51/boucherie-charcuterie-poissonnerie.json,7883,71
sirene/51/boulangerie-patisserie.json,27551,241
sirene/51/bureaux-d-etudes-economistes-de-la-construction.json,24746,226
sirene/51/cafes-bars.json,16865,155
sirene/51/ceramique-verre-d-art-instruments-de-musique.json,774,7
sirene/51/chaudronnerie-soudure-structures-metalliques.json,4492,37
sirene/51/chimie-pharmacie-cosmetiques-papier.json,4009,34
sirene/51/chocolaterie-confiserie-glaces.json,1332,12
sirene/51/clubs-et-salles-de-sport.json,30734,242
sirene/51/coiffure.json,27579,252
sirene/51/commerce-de-gros-entre-entreprises.json,25553,220
sirene/51/comptabilite-conseil-gestion.json,58213,501
sirene/51/concessionnaires-vente-de-vehicules-et-pieces.json,30872,262
sirene/51/construction-de-navires.json,3,0
sirene/51/construction-maconnerie-gros-uvre.json,47596,424
sirene/51/couture-confection.json,756,6
sirene/51/creches-petite-enfance.json,23711,191
sirene/51/cuir-maroquinerie-cordonnerie.json,1260,10
sirene/51/cultures-specialisees-vergers-cultures-tropicales.json,256,2
sirene/51/dechets-recyclage-assainissement.json,20227,149
sirene/51/demenagement.json,1225,10
sirene/51/eau-potable-captage-traitement-distribution.json,14929,107
sirene/51/ebenisterie-meubles-restauration-de-meubles.json,1042,10
sirene/51/ecoles-de-sport-equitation.json,3103,28
sirene/51/ecoles-maternelles-et-elementaires.json,58491,412
sirene/51/electricite-du-batiment.json,19195,171
sirene/51/electronique-materiel-electrique.json,2148,17
sirene/51/elements-prefabriques-en-beton.json,916,7
sirene/51/elevage-bovin-ovin-caprin-porcin-volailles.json,4114,37
sirene/51/elevage-de-chevaux-haras.json,308,3
sirene/51/enseignement-culturel-conservatoires.json,1808,15
sirene/51/enseignes-signaletique-marquage.json,1319,11
sirene/51/entrepots-logistique.json,11887,98
sirene/51/esthetique-soins-de-beaute.json,7516,69
sirene/51/fabrication-de-monnaies-medailles.json,3,0
sirene/51/fleuristes-jardineries.json,8395,74
sirene/51/fleurs-artificielles-parures-de-mode.json,3,0
sirene/51/fonderies.json,467,4
sirene/51/forets-travaux-forestiers.json,4406,37
sirene/51/froid-industriel-installation-de-machines.json,2008,17
sirene/51/garages-carrosseries-voitures.json,34493,296
sirene/51/geometres-experts-topographie.json,2269,16
sirene/51/grossistes-en-fruits-et-legumes.json,960,8
sirene/51/grossistes-en-poissons-crustaces-mollusques.json,121,1
sirene/51/grossistes-en-viandes.json,222,2
sirene/51/guides-offices-de-tourisme.json,1984,16
sirene/51/handicap-foyers-esat-ime.json,14890,97
sirene/51/hopitaux-cliniques-laboratoires.json,24171,158
sirene/51/horticulture-maraichage-agriculture.json,79174,732
sirene/51/hotels.json,19732,169
sirene/51/imprimerie-prepresse-reliure.json,3979,33
sirene/51/industrie-agroalimentaire.json,1420,12
sirene/51/interim-recrutement.json,25485,216
sirene/51/laboratoires-d-analyses-et-d-essais.json,908,7
sirene/51/laboratoires-de-recherche-scientifique.json,3150,27
sirene/51/loisirs-animation.json,34596,260
sirene/51/magasins-specialises-bricolage-maison-sport-high-tech.json,46302,395
sirene/51/maintenance-d-equipements-ascenseurs.json,4309,39
sirene/51/mairies-administrations.json,123681,916
sirene/51/materiels-agricoles-engins-de-chantier.json,17783,157
sirene/51/menuiserie-agencement-serrurerie.json,25027,217
sirene/51/motos-scooters.json,2427,22
sirene/51/navigation-fluviale.json,330,3
sirene/51/navigation-maritime-plaisance-professionnelle.json,3,0
sirene/51/nettoyage-proprete.json,15058,129
sirene/51/objets-en-bois-liege-vannerie.json,995,8
sirene/51/optique-photonique-instruments-de-mesure.json,252,2
sirene/51/parcs-naturels-jardins-botaniques-et-zoologiques.json,3,0
sirene/51/parfumerie-cosmetiques.json,5002,41
sirene/51/paysagistes-espaces-verts.json,9157,82
sirene/51/peche-professionnelle.json,3,0
sirene/51/peinture-platre-carrelage-sols-isolation.json,26688,240
sirene/51/personnes-agees-ehpad-residences.json,9843,74
sirene/51/pharmacie-optique-protheses.json,40019,340
sirene/51/photographie.json,2013,16
sirene/51/plastique-verre-materiaux.json,2270,20
sirene/51/plomberie-chauffage-climatisation-froid.json,23820,210
sirene/51/poids-lourds-utilitaires.json,2282,18
sirene/51/poste-courrier.json,711,7
sirene/51/pressing-blanchisserie-retouches.json,4792,42
sirene/51/primeur-fromagerie-epicerie-fine-cave.json,9510,84
sirene/51/production-et-distribution-d-energie.json,4599,43
sirene/51/publicite-design-graphique.json,8129,75
sirene/51/remontees-mecaniques-telepheriques.json,3,0
sirene/51/reparation-d-ordinateurs-et-de-telephones.json,1692,15
sirene/51/reparation-de-machines-et-d-electronique.json,6576,58
sirene/51/reseaux-electriques-et-telecoms.json,1557,12
sirene/51/restaurants.json,45766,427
sirene/51/restauration-collective-cantines-entreprises.json,3876,26
sirene/51/restauration-rapide.json,39762,366
sirene/51/scieries-preparation-du-bois.json,1323,11
sirene/51/secretariat-accueil-centres-d-appels.json,18578,158
sirene/51/securite-privee-surveillance.json,5999,48
sirene/51/services-a-l-elevage-marechalerie.json,912,7
sirene/51/services-informatiques-reseaux.json,8070,76
sirene/51/spectacle-musees-bibliotheques.json,13963,116
sirene/51/superettes-alimentation-generale.json,6809,60
sirene/51/supermarches-grandes-surfaces.json,28750,252
sirene/51/tapisserie-decoration-textile.json,856,7
sirene/51/telecommunications.json,3675,30
sirene/51/traitement-des-dechets-dangereux.json,600,4
sirene/51/traiteurs.json,4304,38
sirene/51/transformation-de-poissons-crustaces-mollusques.json,117,1
sirene/51/transformation-de-viandes.json,1789,16
sirene/51/transport-de-marchandises-livraison.json,37701,331
sirene/51/transport-de-voyageurs.json,10372,86
sirene/51/travaux-agricoles-services-aux-cultures.json,32100,295
sirene/51/travaux-publics-routes-reseaux.json,11503,99
sirene/51/usinage-mecanique-outillage.json,6775,54
sirene/51/vetements-chaussures-accessoires.json,28169,250
sirene/51/veterinaires-soins-aux-animaux.json,9383,80
sirene/51/viticulture-vinification.json,238229,2110
sirene/52/activites-sportives-dont-ecuries-de-course.json,675,5
sirene/52/aeronautique.json,3,0
sirene/52/agences-immobilieres-gestion-de-logements.json,6381,55
sirene/52/aide-a-domicile.json,7578,57
sirene/52/ambulances.json,2321,18
sirene/52/aquaculture-pisciculture-conchyliculture.json,3,0
sirene/52/architectes.json,862,7
sirene/52/armurerie-fabrication-d-armes.json,3,0
sirene/52/associations-animation-solidarite.json,11154,85
sirene/52/audiovisuel-cinema-son.json,376,3
sirene/52/autres-elevages-dont-animaux-de-compagnie-apiculture.json,220,2
sirene/52/banques-assurances.json,12442,95
sirene/52/bateaux-nautisme.json,3,0
sirene/52/bijouterie-horlogerie.json,3,0
sirene/52/boucherie-charcuterie-poissonnerie.json,3625,29
sirene/52/boulangerie-patisserie.json,6990,58
sirene/52/bureaux-d-etudes-economistes-de-la-construction.json,4115,35
sirene/52/cafes-bars.json,2253,20
sirene/52/ceramique-verre-d-art-instruments-de-musique.json,114,1
sirene/52/chaudronnerie-soudure-structures-metalliques.json,2179,19
sirene/52/chimie-pharmacie-cosmetiques-papier.json,334,3
sirene/52/chocolaterie-confiserie-glaces.json,247,2
sirene/52/clubs-et-salles-de-sport.json,11125,87
sirene/52/coiffure.json,7343,65
sirene/52/commerce-de-gros-entre-entreprises.json,7181,61
sirene/52/comptabilite-conseil-gestion.json,12371,101
sirene/52/concessionnaires-vente-de-vehicules-et-pieces.json,11297,91
sirene/52/construction-de-navires.json,3,0
sirene/52/construction-maconnerie-gros-uvre.json,15005,132
sirene/52/couture-confection.json,120,1
sirene/52/creches-petite-enfance.json,2492,18
sirene/52/cuir-maroquinerie-cordonnerie.json,344,3
sirene/52/cultures-specialisees-vergers-cultures-tropicales.json,127,1
sirene/52/dechets-recyclage-assainissement.json,11259,83
sirene/52/demenagement.json,253,2
sirene/52/eau-potable-captage-traitement-distribution.json,14777,103
sirene/52/ebenisterie-meubles-restauration-de-meubles.json,1150,11
sirene/52/ecoles-de-sport-equitation.json,926,7
sirene/52/ecoles-maternelles-et-elementaires.json,26915,186
sirene/52/electricite-du-batiment.json,5542,47
sirene/52/electronique-materiel-electrique.json,216,2
sirene/52/elements-prefabriques-en-beton.json,451,4
sirene/52/elevage-bovin-ovin-caprin-porcin-volailles.json,7013,58
sirene/52/elevage-de-chevaux-haras.json,102,1
sirene/52/enseignement-culturel-conservatoires.json,605,5
sirene/52/enseignes-signaletique-marquage.json,254,2
sirene/52/entrepots-logistique.json,2936,24
sirene/52/esthetique-soins-de-beaute.json,2257,18
sirene/52/fabrication-de-monnaies-medailles.json,3,0
sirene/52/fleuristes-jardineries.json,3408,29
sirene/52/fleurs-artificielles-parures-de-mode.json,138,1
sirene/52/fonderies.json,1197,10
sirene/52/forets-travaux-forestiers.json,5468,43
sirene/52/froid-industriel-installation-de-machines.json,361,3
sirene/52/garages-carrosseries-voitures.json,10610,91
sirene/52/geometres-experts-topographie.json,1116,9
sirene/52/grossistes-en-fruits-et-legumes.json,364,3
sirene/52/grossistes-en-poissons-crustaces-mollusques.json,3,0
sirene/52/grossistes-en-viandes.json,230,2
sirene/52/guides-offices-de-tourisme.json,1990,12
sirene/52/handicap-foyers-esat-ime.json,4965,35
sirene/52/hopitaux-cliniques-laboratoires.json,7952,56
sirene/52/horticulture-maraichage-agriculture.json,29072,255
sirene/52/hotels.json,5502,47
sirene/52/imprimerie-prepresse-reliure.json,1318,11
sirene/52/industrie-agroalimentaire.json,1094,9
sirene/52/interim-recrutement.json,5691,46
sirene/52/laboratoires-d-analyses-et-d-essais.json,393,3
sirene/52/laboratoires-de-recherche-scientifique.json,3,0
sirene/52/loisirs-animation.json,10844,79
sirene/52/magasins-specialises-bricolage-maison-sport-high-tech.json,15482,134
sirene/52/maintenance-d-equipements-ascenseurs.json,774,6
sirene/52/mairies-administrations.json,72141,529
sirene/52/materiels-agricoles-engins-de-chantier.json,4465,38
sirene/52/menuiserie-agencement-serrurerie.json,7000,62
sirene/52/motos-scooters.json,943,8
sirene/52/navigation-fluviale.json,3,0
sirene/52/navigation-maritime-plaisance-professionnelle.json,3,0
sirene/52/nettoyage-proprete.json,1352,11
sirene/52/objets-en-bois-liege-vannerie.json,115,1
sirene/52/optique-photonique-instruments-de-mesure.json,148,1
sirene/52/parcs-naturels-jardins-botaniques-et-zoologiques.json,425,3
sirene/52/parfumerie-cosmetiques.json,933,9
sirene/52/paysagistes-espaces-verts.json,2250,19
sirene/52/peche-professionnelle.json,3,0
sirene/52/peinture-platre-carrelage-sols-isolation.json,5936,52
sirene/52/personnes-agees-ehpad-residences.json,5196,38
sirene/52/pharmacie-optique-protheses.json,12268,101
sirene/52/photographie.json,3,0
sirene/52/plastique-verre-materiaux.json,1270,10
sirene/52/plomberie-chauffage-climatisation-froid.json,6000,52
sirene/52/poids-lourds-utilitaires.json,835,7
sirene/52/poste-courrier.json,98,1
sirene/52/pressing-blanchisserie-retouches.json,702,6
sirene/52/primeur-fromagerie-epicerie-fine-cave.json,2507,21
sirene/52/production-et-distribution-d-energie.json,2110,18
sirene/52/publicite-design-graphique.json,902,8
sirene/52/remontees-mecaniques-telepheriques.json,3,0
sirene/52/reparation-d-ordinateurs-et-de-telephones.json,1345,11
sirene/52/reparation-de-machines-et-d-electronique.json,1770,16
sirene/52/restaurants.json,11121,96
sirene/52/restauration-collective-cantines-entreprises.json,2356,17
sirene/52/restauration-rapide.json,8900,77
sirene/52/scieries-preparation-du-bois.json,1651,15
sirene/52/secretariat-accueil-centres-d-appels.json,2460,20
sirene/52/securite-privee-surveillance.json,1153,9
sirene/52/services-a-l-elevage-marechalerie.json,268,2
sirene/52/services-informatiques-reseaux.json,733,7
sirene/52/spectacle-musees-bibliotheques.json,3504,27
sirene/52/superettes-alimentation-generale.json,1908,16
sirene/52/supermarches-grandes-surfaces.json,7160,64
sirene/52/tapisserie-decoration-textile.json,226,2
sirene/52/telecommunications.json,984,9
sirene/52/traitement-des-dechets-dangereux.json,3,0
sirene/52/traiteurs.json,1159,11
sirene/52/transformation-de-poissons-crustaces-mollusques.json,3,0
sirene/52/transformation-de-viandes.json,124,1
sirene/52/transport-de-marchandises-livraison.json,8585,74
sirene/52/transport-de-voyageurs.json,6453,54
sirene/52/travaux-agricoles-services-aux-cultures.json,3670,33
sirene/52/travaux-publics-routes-reseaux.json,5481,44
sirene/52/usinage-mecanique-outillage.json,5009,42
sirene/52/vetements-chaussures-accessoires.json,7446,69
sirene/52/veterinaires-soins-aux-animaux.json,1835,14
sirene/52/viticulture-vinification.json,907,7
sirene/53/activites-sportives-dont-ecuries-de-course.json,5445,44
sirene/53/aeronautique.json,99,1
sirene/53/agences-immobilieres-gestion-de-logements.json,10920,87
sirene/53/aide-a-domicile.json,13583,101
sirene/53/ambulances.json,3979,30
sirene/53/aquaculture-pisciculture-conchyliculture.json,507,4
sirene/53/architectes.json,3777,31
sirene/53/armurerie-fabrication-d-armes.json,3,0
sirene/53/associations-animation-solidarite.json,17597,131
sirene/53/audiovisuel-cinema-son.json,335,3
sirene/53/autres-elevages-dont-animaux-de-compagnie-apiculture.json,594,5
sirene/53/banques-assurances.json,22344,160
sirene/53/bateaux-nautisme.json,160,1
sirene/53/bijouterie-horlogerie.json,306,3
sirene/53/boucherie-charcuterie-poissonnerie.json,6169,53
sirene/53/boulangerie-patisserie.json,13267,115
sirene/53/bureaux-d-etudes-economistes-de-la-construction.json,9615,83
sirene/53/cafes-bars.json,6761,61
sirene/53/ceramique-verre-d-art-instruments-de-musique.json,94,1
sirene/53/chaudronnerie-soudure-structures-metalliques.json,4021,32
sirene/53/chimie-pharmacie-cosmetiques-papier.json,1717,14
sirene/53/chocolaterie-confiserie-glaces.json,766,6
sirene/53/clubs-et-salles-de-sport.json,25055,190
sirene/53/coiffure.json,12685,111
sirene/53/commerce-de-gros-entre-entreprises.json,14307,117
sirene/53/comptabilite-conseil-gestion.json,39037,318
sirene/53/concessionnaires-vente-de-vehicules-et-pieces.json,16473,136
sirene/53/construction-de-navires.json,3,0
sirene/53/construction-maconnerie-gros-uvre.json,32639,282
sirene/53/couture-confection.json,1971,16
sirene/53/creches-petite-enfance.json,5687,44
sirene/53/cuir-maroquinerie-cordonnerie.json,1395,10
sirene/53/cultures-specialisees-vergers-cultures-tropicales.json,999,8
sirene/53/dechets-recyclage-assainissement.json,17076,121
sirene/53/demenagement.json,571,4
sirene/53/eau-potable-captage-traitement-distribution.json,4694,33
sirene/53/ebenisterie-meubles-restauration-de-meubles.json,2225,19
sirene/53/ecoles-de-sport-equitation.json,2113,16
sirene/53/ecoles-maternelles-et-elementaires.json,33111,225
sirene/53/electricite-du-batiment.json,11876,101
sirene/53/electronique-materiel-electrique.json,1633,13
sirene/53/elements-prefabriques-en-beton.json,677,6
sirene/53/elevage-bovin-ovin-caprin-porcin-volailles.json,76967,584
sirene/53/elevage-de-chevaux-haras.json,3100,26
sirene/53/enseignement-culturel-conservatoires.json,342,3
sirene/53/enseignes-signaletique-marquage.json,117,1
sirene/53/entrepots-logistique.json,4258,34
sirene/53/esthetique-soins-de-beaute.json,4087,37
sirene/53/fabrication-de-monnaies-medailles.json,3,0
sirene/53/fleuristes-jardineries.json,4422,37
sirene/53/fleurs-artificielles-parures-de-mode.json,3,0
sirene/53/fonderies.json,346,3
sirene/53/forets-travaux-forestiers.json,1012,9
sirene/53/froid-industriel-installation-de-machines.json,1519,13
sirene/53/garages-carrosseries-voitures.json,22858,192
sirene/53/geometres-experts-topographie.json,858,7
sirene/53/grossistes-en-fruits-et-legumes.json,379,3
sirene/53/grossistes-en-poissons-crustaces-mollusques.json,134,1
sirene/53/grossistes-en-viandes.json,160,1
sirene/53/guides-offices-de-tourisme.json,582,4
sirene/53/handicap-foyers-esat-ime.json,7972,57
sirene/53/hopitaux-cliniques-laboratoires.json,9576,68
sirene/53/horticulture-maraichage-agriculture.json,36225,283
sirene/53/hotels.json,6327,54
sirene/53/imprimerie-prepresse-reliure.json,3648,30
sirene/53/industrie-agroalimentaire.json,3323,28
sirene/53/interim-recrutement.json,32095,280
sirene/53/laboratoires-d-analyses-et-d-essais.json,448,3
sirene/53/laboratoires-de-recherche-scientifique.json,1665,12
sirene/53/loisirs-animation.json,14826,109
sirene/53/magasins-specialises-bricolage-maison-sport-high-tech.json,26952,230
sirene/53/maintenance-d-equipements-ascenseurs.json,1214,11
sirene/53/mairies-administrations.json,71065,498
sirene/53/materiels-agricoles-engins-de-chantier.json,14701,129
sirene/53/menuiserie-agencement-serrurerie.json,19370,164
sirene/53/motos-scooters.json,1398,11
sirene/53/navigation-fluviale.json,3,0
sirene/53/navigation-maritime-plaisance-professionnelle.json,3,0
sirene/53/nettoyage-proprete.json,8942,74
sirene/53/objets-en-bois-liege-vannerie.json,141,1
sirene/53/optique-photonique-instruments-de-mesure.json,3,0
sirene/53/parcs-naturels-jardins-botaniques-et-zoologiques.json,3,0
sirene/53/parfumerie-cosmetiques.json,1369,12
sirene/53/paysagistes-espaces-verts.json,9546,82
sirene/53/peche-professionnelle.json,3,0
sirene/53/peinture-platre-carrelage-sols-isolation.json,17623,150
sirene/53/personnes-agees-ehpad-residences.json,12964,98
sirene/53/pharmacie-optique-protheses.json,21795,178
sirene/53/photographie.json,1044,9
sirene/53/plastique-verre-materiaux.json,2991,25
sirene/53/plomberie-chauffage-climatisation-froid.json,12656,107
sirene/53/poids-lourds-utilitaires.json,1854,15
sirene/53/poste-courrier.json,201,2
sirene/53/pressing-blanchisserie-retouches.json,2317,20
sirene/53/primeur-fromagerie-epicerie-fine-cave.json,2730,24
sirene/53/production-et-distribution-d-energie.json,5789,45
sirene/53/publicite-design-graphique.json,3692,31
sirene/53/remontees-mecaniques-telepheriques.json,3,0
sirene/53/reparation-d-ordinateurs-et-de-telephones.json,769,7
sirene/53/reparation-de-machines-et-d-electronique.json,4598,38
sirene/53/reseaux-electriques-et-telecoms.json,1344,10
sirene/53/restaurants.json,17408,153
sirene/53/restauration-collective-cantines-entreprises.json,3563,27
sirene/53/restauration-rapide.json,11133,97
sirene/53/scieries-preparation-du-bois.json,428,4
sirene/53/secretariat-accueil-centres-d-appels.json,26864,248
sirene/53/securite-privee-surveillance.json,1195,10
sirene/53/services-a-l-elevage-marechalerie.json,2466,21
sirene/53/services-informatiques-reseaux.json,5604,48
sirene/53/spectacle-musees-bibliotheques.json,6098,50
sirene/53/superettes-alimentation-generale.json,2888,25
sirene/53/supermarches-grandes-surfaces.json,11326,99
sirene/53/tapisserie-decoration-textile.json,1152,10
sirene/53/telecommunications.json,839,8
sirene/53/traitement-des-dechets-dangereux.json,115,1
sirene/53/traiteurs.json,1525,12
sirene/53/transformation-de-poissons-crustaces-mollusques.json,131,1
sirene/53/transformation-de-viandes.json,2869,25
sirene/53/transport-de-marchandises-livraison.json,16304,141
sirene/53/transport-de-voyageurs.json,6009,49
sirene/53/travaux-agricoles-services-aux-cultures.json,7397,67
sirene/53/travaux-publics-routes-reseaux.json,8904,75
sirene/53/usinage-mecanique-outillage.json,6273,51
sirene/53/vetements-chaussures-accessoires.json,14532,127
sirene/53/veterinaires-soins-aux-animaux.json,7230,59
sirene/53/viticulture-vinification.json,3,0
sirene/54/activites-sportives-dont-ecuries-de-course.json,3280,24
sirene/54/aeronautique.json,212,2
sirene/54/agences-immobilieres-gestion-de-logements.json,34610,297
sirene/54/aide-a-domicile.json,14313,117
sirene/54/ambulances.json,8771,73
sirene/54/aquaculture-pisciculture-conchyliculture.json,229,2
sirene/54/architectes.json,9987,86
sirene/54/armurerie-fabrication-d-armes.json,3,0
sirene/54/associations-animation-solidarite.json,62474,450
sirene/54/audiovisuel-cinema-son.json,2629,24
sirene/54/autres-elevages-dont-animaux-de-compagnie-apiculture.json,233,2
sirene/54/banques-assurances.json,27735,222
sirene/54/bateaux-nautisme.json,123,1
sirene/54/bijouterie-horlogerie.json,987,8
sirene/54/boucherie-charcuterie-poissonnerie.json,8688,76
sirene/54/boulangerie-patisserie.json,35934,317
sirene/54/bureaux-d-etudes-economistes-de-la-construction.json,31800,274
sirene/54/cafes-bars.json,15992,154
sirene/54/ceramique-verre-d-art-instruments-de-musique.json,817,7
sirene/54/chaudronnerie-soudure-structures-metalliques.json,2961,25
sirene/54/chimie-pharmacie-cosmetiques-papier.json,2994,25
sirene/54/chocolaterie-confiserie-glaces.json,2760,23
sirene/54/clubs-et-salles-de-sport.json,44118,340
sirene/54/coiffure.json,32283,295
sirene/54/commerce-de-gros-entre-entreprises.json,33757,288
sirene/54/comptabilite-conseil-gestion.json,57348,484
sirene/54/concessionnaires-vente-de-vehicules-et-pieces.json,30817,273
sirene/54/construction-de-navires.json,3,0
sirene/54/construction-maconnerie-gros-uvre.json,49125,439
sirene/54/couture-confection.json,997,9
sirene/54/creches-petite-enfance.json,19153,149
sirene/54/cuir-maroquinerie-cordonnerie.json,1995,17
sirene/54/cultures-specialisees-vergers-cultures-tropicales.json,1285,11
sirene/54/dechets-recyclage-assainissement.json,33745,259
sirene/54/demenagement.json,1447,11
sirene/54/eau-potable-captage-traitement-distribution.json,13476,101
sirene/54/ebenisterie-meubles-restauration-de-meubles.json,1748,15
sirene/54/ecoles-de-sport-equitation.json,3656,31
sirene/54/ecoles-maternelles-et-elementaires.json,94018,671
sirene/54/electricite-du-batiment.json,22159,196
sirene/54/electronique-materiel-electrique.json,3410,27
sirene/54/elements-prefabriques-en-beton.json,757,6
sirene/54/elevage-bovin-ovin-caprin-porcin-volailles.json,9687,86
sirene/54/elevage-de-chevaux-haras.json,1135,10
sirene/54/enseignement-culturel-conservatoires.json,3310,27
sirene/54/enseignes-signaletique-marquage.json,728,5
sirene/54/entrepots-logistique.json,14175,118
sirene/54/esthetique-soins-de-beaute.json,9682,87
sirene/54/fabrication-de-monnaies-medailles.json,3,0
sirene/54/fleuristes-jardineries.json,6065,54
sirene/54/fleurs-artificielles-parures-de-mode.json,101,1
sirene/54/fonderies.json,1523,12
sirene/54/forets-travaux-forestiers.json,18249,142
sirene/54/froid-industriel-installation-de-machines.json,3355,28
sirene/54/garages-carrosseries-voitures.json,44775,391
sirene/54/geometres-experts-topographie.json,1633,15
sirene/54/grossistes-en-fruits-et-legumes.json,891,8
sirene/54/grossistes-en-poissons-crustaces-mollusques.json,106,1
sirene/54/grossistes-en-viandes.json,335,3
sirene/54/guides-offices-de-tourisme.json,1372,10
sirene/54/handicap-foyers-esat-ime.json,18362,120
sirene/54/hopitaux-cliniques-laboratoires.json,26148,182
sirene/54/horticulture-maraichage-agriculture.json,36852,322
sirene/54/hotels.json,12917,113
sirene/54/imprimerie-prepresse-reliure.json,5334,44
sirene/54/industrie-agroalimentaire.json,2736,23
sirene/54/interim-recrutement.json,15441,126
sirene/54/laboratoires-d-analyses-et-d-essais.json,2239,15
sirene/54/laboratoires-de-recherche-scientifique.json,8205,64
sirene/54/loisirs-animation.json,47750,359
sirene/54/magasins-specialises-bricolage-maison-sport-high-tech.json,49754,426
sirene/54/maintenance-d-equipements-ascenseurs.json,6040,52
sirene/54/mairies-administrations.json,129550,957
sirene/54/materiels-agricoles-engins-de-chantier.json,9062,81
sirene/54/menuiserie-agencement-serrurerie.json,26893,235
sirene/54/motos-scooters.json,2644,23
sirene/54/navigation-fluviale.json,3,0
sirene/54/navigation-maritime-plaisance-professionnelle.json,3,0
sirene/54/nettoyage-proprete.json,16519,145
sirene/54/objets-en-bois-liege-vannerie.json,328,3
sirene/54/optique-photonique-instruments-de-mesure.json,655,5
sirene/54/parcs-naturels-jardins-botaniques-et-zoologiques.json,327,2
sirene/54/parfumerie-cosmetiques.json,3679,32
sirene/54/paysagistes-espaces-verts.json,11815,105
sirene/54/peche-professionnelle.json,3,0
sirene/54/peinture-platre-carrelage-sols-isolation.json,28964,262
sirene/54/personnes-agees-ehpad-residences.json,18172,131
sirene/54/pharmacie-optique-protheses.json,56999,480
sirene/54/photographie.json,1472,13
sirene/54/plastique-verre-materiaux.json,3435,27
sirene/54/plomberie-chauffage-climatisation-froid.json,32773,290
sirene/54/poids-lourds-utilitaires.json,2188,20
sirene/54/poste-courrier.json,526,5
sirene/54/pressing-blanchisserie-retouches.json,3716,32
sirene/54/primeur-fromagerie-epicerie-fine-cave.json,5797,49
sirene/54/production-et-distribution-d-energie.json,5382,46
sirene/54/publicite-design-graphique.json,9430,87
sirene/54/remontees-mecaniques-telepheriques.json,3,0
sirene/54/reparation-d-ordinateurs-et-de-telephones.json,1945,17
sirene/54/reparation-de-machines-et-d-electronique.json,8270,72
sirene/54/reseaux-electriques-et-telecoms.json,2899,24
sirene/54/restaurants.json,57380,529
sirene/54/restauration-collective-cantines-entreprises.json,10679,79
sirene/54/restauration-rapide.json,48272,451
sirene/54/scieries-preparation-du-bois.json,2181,17
sirene/54/secretariat-accueil-centres-d-appels.json,14825,126
sirene/54/securite-privee-surveillance.json,6259,53
sirene/54/services-a-l-elevage-marechalerie.json,672,6
sirene/54/services-informatiques-reseaux.json,14596,131
sirene/54/spectacle-musees-bibliotheques.json,16025,134
sirene/54/superettes-alimentation-generale.json,8521,73
sirene/54/supermarches-grandes-surfaces.json,22182,195
sirene/54/tapisserie-decoration-textile.json,1012,9
sirene/54/telecommunications.json,4112,36
sirene/54/traitement-des-dechets-dangereux.json,348,3
sirene/54/traiteurs.json,4907,45
sirene/54/transformation-de-poissons-crustaces-mollusques.json,3,0
sirene/54/transformation-de-viandes.json,924,8
sirene/54/transport-de-marchandises-livraison.json,31164,269
sirene/54/transport-de-voyageurs.json,10742,90
sirene/54/travaux-agricoles-services-aux-cultures.json,3041,29
sirene/54/travaux-publics-routes-reseaux.json,12798,112
sirene/54/usinage-mecanique-outillage.json,7420,63
sirene/54/vetements-chaussures-accessoires.json,28617,258
sirene/54/veterinaires-soins-aux-animaux.json,10334,90
sirene/54/viticulture-vinification.json,808,7
sirene/55/activites-sportives-dont-ecuries-de-course.json,371,3
sirene/55/aeronautique.json,328,3
sirene/55/agences-immobilieres-gestion-de-logements.json,8615,70
sirene/55/aide-a-domicile.json,7981,60
sirene/55/ambulances.json,3529,29
sirene/55/aquaculture-pisciculture-conchyliculture.json,512,4
sirene/55/architectes.json,1355,12
sirene/55/armurerie-fabrication-d-armes.json,3,0
sirene/55/associations-animation-solidarite.json,8992,67
sirene/55/audiovisuel-cinema-son.json,249,2
sirene/55/autres-elevages-dont-animaux-de-compagnie-apiculture.json,418,4
sirene/55/banques-assurances.json,12490,92
sirene/55/bateaux-nautisme.json,3,0
sirene/55/bijouterie-horlogerie.json,3,0
sirene/55/boucherie-charcuterie-poissonnerie.json,2878,25
sirene/55/boulangerie-patisserie.json,8358,75
sirene/55/bureaux-d-etudes-economistes-de-la-construction.json,4126,34
sirene/55/cafes-bars.json,3021,28
sirene/55/ceramique-verre-d-art-instruments-de-musique.json,3,0
sirene/55/chaudronnerie-soudure-structures-metalliques.json,984,8
sirene/55/chimie-pharmacie-cosmetiques-papier.json,1280,11
sirene/55/chocolaterie-confiserie-glaces.json,236,2
sirene/55/clubs-et-salles-de-sport.json,8402,65
sirene/55/coiffure.json,4294,39
sirene/55/commerce-de-gros-entre-entreprises.json,6653,59
sirene/55/comptabilite-conseil-gestion.json,9084,73
sirene/55/concessionnaires-vente-de-vehicules-et-pieces.json,8228,70
sirene/55/construction-de-navires.json,3,0
sirene/55/construction-maconnerie-gros-uvre.json,13569,125
sirene/55/couture-confection.json,278,2
sirene/55/creches-petite-enfance.json,1987,18
sirene/55/cuir-maroquinerie-cordonnerie.json,365,3
sirene/55/cultures-specialisees-vergers-cultures-tropicales.json,943,6
sirene/55/dechets-recyclage-assainissement.json,15444,111
sirene/55/demenagement.json,246,2
sirene/55/eau-potable-captage-traitement-distribution.json,21015,166
sirene/55/ebenisterie-meubles-restauration-de-meubles.json,899,8
sirene/55/ecoles-de-sport-equitation.json,337,3
sirene/55/ecoles-maternelles-et-elementaires.json,29274,201
sirene/55/electricite-du-batiment.json,5420,46
sirene/55/electronique-materiel-electrique.json,746,6
sirene/55/elements-prefabriques-en-beton.json,96,1
sirene/55/elevage-bovin-ovin-caprin-porcin-volailles.json,6507,57
sirene/55/elevage-de-chevaux-haras.json,474,4
sirene/55/enseignement-culturel-conservatoires.json,589,5
sirene/55/enseignes-signaletique-marquage.json,432,3
sirene/55/entrepots-logistique.json,1700,14
sirene/55/esthetique-soins-de-beaute.json,1181,11
sirene/55/fabrication-de-monnaies-medailles.json,3,0
sirene/55/fleuristes-jardineries.json,3442,31
sirene/55/fleurs-artificielles-parures-de-mode.json,3,0
sirene/55/fonderies.json,260,2
sirene/55/forets-travaux-forestiers.json,16520,127
sirene/55/froid-industriel-installation-de-machines.json,460,4
sirene/55/garages-carrosseries-voitures.json,7787,70
sirene/55/geometres-experts-topographie.json,877,8
sirene/55/grossistes-en-fruits-et-legumes.json,162,1
sirene/55/grossistes-en-poissons-crustaces-mollusques.json,3,0
sirene/55/grossistes-en-viandes.json,332,3
sirene/55/guides-offices-de-tourisme.json,1292,9
sirene/55/handicap-foyers-esat-ime.json,10820,64
sirene/55/hopitaux-cliniques-laboratoires.json,5746,40
sirene/55/horticulture-maraichage-agriculture.json,33962,287
sirene/55/hotels.json,5805,49
sirene/55/imprimerie-prepresse-reliure.json,809,6
sirene/55/industrie-agroalimentaire.json,1262,10
sirene/55/interim-recrutement.json,4325,34
sirene/55/laboratoires-d-analyses-et-d-essais.json,435,3
sirene/55/laboratoires-de-recherche-scientifique.json,397,3
sirene/55/loisirs-animation.json,15733,114
sirene/55/magasins-specialises-bricolage-maison-sport-high-tech.json,9965,86
sirene/55/maintenance-d-equipements-ascenseurs.json,574,5
sirene/55/mairies-administrations.json,87633,639
sirene/55/materiels-agricoles-engins-de-chantier.json,5851,53
sirene/55/menuiserie-agencement-serrurerie.json,8041,69
sirene/55/motos-scooters.json,699,6
sirene/55/navigation-fluviale.json,3,0
sirene/55/navigation-maritime-plaisance-professionnelle.json,3,0
sirene/55/nettoyage-proprete.json,2378,20
sirene/55/objets-en-bois-liege-vannerie.json,3,0
sirene/55/optique-photonique-instruments-de-mesure.json,3,0
sirene/55/parcs-naturels-jardins-botaniques-et-zoologiques.json,212,1
sirene/55/parfumerie-cosmetiques.json,901,8
sirene/55/paysagistes-espaces-verts.json,3531,32
sirene/55/peche-professionnelle.json,3,0
sirene/55/peinture-platre-carrelage-sols-isolation.json,7253,64
sirene/55/personnes-agees-ehpad-residences.json,6019,44
sirene/55/pharmacie-optique-protheses.json,12453,105
sirene/55/photographie.json,123,1
sirene/55/plastique-verre-materiaux.json,215,2
sirene/55/plomberie-chauffage-climatisation-froid.json,7339,62
sirene/55/poids-lourds-utilitaires.json,531,4
sirene/55/poste-courrier.json,99,1
sirene/55/pressing-blanchisserie-retouches.json,847,7
sirene/55/primeur-fromagerie-epicerie-fine-cave.json,1148,10
sirene/55/production-et-distribution-d-energie.json,4645,41
sirene/55/publicite-design-graphique.json,675,6
sirene/55/remontees-mecaniques-telepheriques.json,3,0
sirene/55/reparation-d-ordinateurs-et-de-telephones.json,546,5
sirene/55/reparation-de-machines-et-d-electronique.json,1908,17
sirene/55/reseaux-electriques-et-telecoms.json,263,2
sirene/55/restaurants.json,11477,104
sirene/55/restauration-collective-cantines-entreprises.json,1342,9
sirene/55/restauration-rapide.json,5656,54
sirene/55/scieries-preparation-du-bois.json,1449,13
sirene/55/secretariat-accueil-centres-d-appels.json,3270,26
sirene/55/securite-privee-surveillance.json,822,7
sirene/55/services-a-l-elevage-marechalerie.json,527,5
sirene/55/services-informatiques-reseaux.json,942,9
sirene/55/spectacle-musees-bibliotheques.json,3300,27
sirene/55/superettes-alimentation-generale.json,1596,13
sirene/55/supermarches-grandes-surfaces.json,8849,78
sirene/55/tapisserie-decoration-textile.json,126,1
sirene/55/telecommunications.json,872,6
sirene/55/traitement-des-dechets-dangereux.json,229,2
sirene/55/traiteurs.json,792,7
sirene/55/transformation-de-poissons-crustaces-mollusques.json,3,0
sirene/55/transformation-de-viandes.json,785,7
sirene/55/transport-de-marchandises-livraison.json,8753,75
sirene/55/transport-de-voyageurs.json,4937,40
sirene/55/travaux-agricoles-services-aux-cultures.json,5262,48
sirene/55/travaux-publics-routes-reseaux.json,6975,61
sirene/55/usinage-mecanique-outillage.json,3682,29
sirene/55/vetements-chaussures-accessoires.json,4369,40
sirene/55/veterinaires-soins-aux-animaux.json,3919,33
sirene/55/viticulture-vinification.json,3,0
sirene/56/activites-sportives-dont-ecuries-de-course.json,7469,62
sirene/56/aeronautique.json,354,3
sirene/56/agences-immobilieres-gestion-de-logements.json,52985,433
sirene/56/aide-a-domicile.json,24674,186
sirene/56/ambulances.json,10864,87
sirene/56/aquaculture-pisciculture-conchyliculture.json,15935,150
sirene/56/architectes.json,17214,151
sirene/56/armurerie-fabrication-d-armes.json,3,0
sirene/56/associations-animation-solidarite.json,63483,446
sirene/56/audiovisuel-cinema-son.json,4046,35
sirene/56/autres-elevages-dont-animaux-de-compagnie-apiculture.json,725,7
sirene/56/banques-assurances.json,34084,271
sirene/56/bateaux-nautisme.json,11382,96
sirene/56/bijouterie-horlogerie.json,1767,16
sirene/56/boucherie-charcuterie-poissonnerie.json,16632,144
sirene/56/boulangerie-patisserie.json,47809,419
sirene/56/bureaux-d-etudes-economistes-de-la-construction.json,40541,348
sirene/56/cafes-bars.json,39962,369
sirene/56/ceramique-verre-d-art-instruments-de-musique.json,850,7
sirene/56/chaudronnerie-soudure-structures-metalliques.json,5070,40
sirene/56/chimie-pharmacie-cosmetiques-papier.json,5656,48
sirene/56/chocolaterie-confiserie-glaces.json,3543,30
sirene/56/clubs-et-salles-de-sport.json,55995,456
sirene/56/coiffure.json,33320,301
sirene/56/commerce-de-gros-entre-entreprises.json,44018,370
sirene/56/comptabilite-conseil-gestion.json,76944,651
sirene/56/concessionnaires-vente-de-vehicules-et-pieces.json,38322,309
sirene/56/construction-de-navires.json,1527,14
sirene/56/construction-maconnerie-gros-uvre.json,93260,821
sirene/56/couture-confection.json,2016,17
sirene/56/creches-petite-enfance.json,17797,137
sirene/56/cuir-maroquinerie-cordonnerie.json,1343,11
sirene/56/cultures-specialisees-vergers-cultures-tropicales.json,1082,11
sirene/56/dechets-recyclage-assainissement.json,22285,171
sirene/56/demenagement.json,1246,10
sirene/56/eau-potable-captage-traitement-distribution.json,2204,18
sirene/56/ebenisterie-meubles-restauration-de-meubles.json,4278,36
sirene/56/ecoles-de-sport-equitation.json,10592,83
sirene/56/ecoles-maternelles-et-elementaires.json,48524,343
sirene/56/electricite-du-batiment.json,28267,245
sirene/56/electronique-materiel-electrique.json,1945,15
sirene/56/elements-prefabriques-en-beton.json,1670,14
sirene/56/elevage-bovin-ovin-caprin-porcin-volailles.json,74253,767
sirene/56/elevage-de-chevaux-haras.json,1524,15
sirene/56/enseignement-culturel-conservatoires.json,7403,64
sirene/56/enseignes-signaletique-marquage.json,1234,10
sirene/56/entrepots-logistique.json,10514,89
sirene/56/esthetique-soins-de-beaute.json,8514,75
sirene/56/fabrication-de-monnaies-medailles.json,3,0
sirene/56/fleuristes-jardineries.json,13578,120
sirene/56/fleurs-artificielles-parures-de-mode.json,222,2
sirene/56/fonderies.json,650,5
sirene/56/forets-travaux-forestiers.json,2081,18
sirene/56/froid-industriel-installation-de-machines.json,3137,27
sirene/56/garages-carrosseries-voitures.json,46369,391
sirene/56/geometres-experts-topographie.json,3380,31
sirene/56/grossistes-en-fruits-et-legumes.json,1020,9
sirene/56/grossistes-en-poissons-crustaces-mollusques.json,4108,35
sirene/56/grossistes-en-viandes.json,314,3
sirene/56/guides-offices-de-tourisme.json,2617,21
sirene/56/handicap-foyers-esat-ime.json,16336,113
sirene/56/hopitaux-cliniques-laboratoires.json,23465,167
sirene/56/horticulture-maraichage-agriculture.json,25269,253
sirene/56/hotels.json,34183,293
sirene/56/imprimerie-prepresse-reliure.json,5979,49
sirene/56/industrie-agroalimentaire.json,12311,105
sirene/56/interim-recrutement.json,31758,266
sirene/56/laboratoires-d-analyses-et-d-essais.json,743,5
sirene/56/laboratoires-de-recherche-scientifique.json,2481,21
sirene/56/loisirs-animation.json,41686,320
sirene/56/magasins-specialises-bricolage-maison-sport-high-tech.json,88973,780
sirene/56/maintenance-d-equipements-ascenseurs.json,4174,36
sirene/56/mairies-administrations.json,90844,663
sirene/56/materiels-agricoles-engins-de-chantier.json,15431,135
sirene/56/menuiserie-agencement-serrurerie.json,53581,457
sirene/56/motos-scooters.json,4368,36
sirene/56/navigation-fluviale.json,3,0
sirene/56/navigation-maritime-plaisance-professionnelle.json,3780,34
sirene/56/nettoyage-proprete.json,19476,167
sirene/56/objets-en-bois-liege-vannerie.json,594,5
sirene/56/optique-photonique-instruments-de-mesure.json,1276,11
sirene/56/parcs-naturels-jardins-botaniques-et-zoologiques.json,688,6
sirene/56/parfumerie-cosmetiques.json,3687,33
sirene/56/paysagistes-espaces-verts.json,36327,319
sirene/56/peche-professionnelle.json,1696,15
sirene/56/peinture-platre-carrelage-sols-isolation.json,59306,526
sirene/56/personnes-agees-ehpad-residences.json,23990,179
sirene/56/pharmacie-optique-protheses.json,62047,516
sirene/56/photographie.json,2772,23
sirene/56/plastique-verre-materiaux.json,5244,43
sirene/56/plomberie-chauffage-climatisation-froid.json,37802,326
sirene/56/poids-lourds-utilitaires.json,3301,27
sirene/56/poste-courrier.json,1396,14
sirene/56/pressing-blanchisserie-retouches.json,8105,69
sirene/56/primeur-fromagerie-epicerie-fine-cave.json,8632,76
sirene/56/production-et-distribution-d-energie.json,6203,55
sirene/56/publicite-design-graphique.json,10484,91
sirene/56/remontees-mecaniques-telepheriques.json,3,0
sirene/56/reparation-d-ordinateurs-et-de-telephones.json,2254,19
sirene/56/reparation-de-machines-et-d-electronique.json,10215,86
sirene/56/reseaux-electriques-et-telecoms.json,2045,17
sirene/56/restaurants.json,88009,804
sirene/56/restauration-collective-cantines-entreprises.json,11868,93
sirene/56/restauration-rapide.json,44886,410
sirene/56/scieries-preparation-du-bois.json,1644,15
sirene/56/secretariat-accueil-centres-d-appels.json,21411,193
sirene/56/securite-privee-surveillance.json,3245,27
sirene/56/services-a-l-elevage-marechalerie.json,2258,22
sirene/56/services-informatiques-reseaux.json,13236,120
sirene/56/spectacle-musees-bibliotheques.json,18696,154
sirene/56/superettes-alimentation-generale.json,16826,146
sirene/56/supermarches-grandes-surfaces.json,37286,336
sirene/56/tapisserie-decoration-textile.json,4007,33
sirene/56/telecommunications.json,2733,23
sirene/56/traitement-des-dechets-dangereux.json,519,5
sirene/56/traiteurs.json,3526,29
sirene/56/transformation-de-poissons-crustaces-mollusques.json,2511,20
sirene/56/transformation-de-viandes.json,4611,38
sirene/56/transport-de-marchandises-livraison.json,30379,264
sirene/56/transport-de-voyageurs.json,16521,134
sirene/56/travaux-agricoles-services-aux-cultures.json,9749,98
sirene/56/travaux-publics-routes-reseaux.json,22189,196
sirene/56/usinage-mecanique-outillage.json,8260,66
sirene/56/vetements-chaussures-accessoires.json,59446,541
sirene/56/veterinaires-soins-aux-animaux.json,16258,129
sirene/56/viticulture-vinification.json,519,5
sirene/57/activites-sportives-dont-ecuries-de-course.json,2425,20
sirene/57/aeronautique.json,201,2
sirene/57/agences-immobilieres-gestion-de-logements.json,45149,396
sirene/57/aide-a-domicile.json,14586,120
sirene/57/ambulances.json,11809,93
sirene/57/aquaculture-pisciculture-conchyliculture.json,408,4
sirene/57/architectes.json,6822,59
sirene/57/armurerie-fabrication-d-armes.json,3,0
sirene/57/associations-animation-solidarite.json,58573,457
sirene/57/audiovisuel-cinema-son.json,3859,35
sirene/57/autres-elevages-dont-animaux-de-compagnie-apiculture.json,1063,9
sirene/57/banques-assurances.json,41759,340
sirene/57/bateaux-nautisme.json,119,1
sirene/57/bijouterie-horlogerie.json,980,10
sirene/57/boucherie-charcuterie-poissonnerie.json,15091,132
sirene/57/boulangerie-patisserie.json,50136,437
sirene/57/bureaux-d-etudes-economistes-de-la-construction.json,34394,309
sirene/57/cafes-bars.json,24444,234
sirene/57/ceramique-verre-d-art-instruments-de-musique.json,799,7
sirene/57/chaudronnerie-soudure-structures-metalliques.json,8422,75
sirene/57/chimie-pharmacie-cosmetiques-papier.json,6294,54
sirene/57/chocolaterie-confiserie-glaces.json,942,8
sirene/57/clubs-et-salles-de-sport.json,36212,293
sirene/57/coiffure.json,56345,512
sirene/57/commerce-de-gros-entre-entreprises.json,47042,418
sirene/57/comptabilite-conseil-gestion.json,65443,575
sirene/57/concessionnaires-vente-de-vehicules-et-pieces.json,52320,468
sirene/57/construction-de-navires.json,93,1
sirene/57/construction-maconnerie-gros-uvre.json,80587,746
sirene/57/couture-confection.json,1071,9
sirene/57/creches-petite-enfance.json,36872,296
sirene/57/cuir-maroquinerie-cordonnerie.json,1644,14
sirene/57/cultures-specialisees-vergers-cultures-tropicales.json,788,6
sirene/57/dechets-recyclage-assainissement.json,56502,434
sirene/57/demenagement.json,1911,15
sirene/57/eau-potable-captage-traitement-distribution.json,17863,141
sirene/57/ebenisterie-meubles-restauration-de-meubles.json,3630,34
sirene/57/ecoles-de-sport-equitation.json,16330,130
sirene/57/ecoles-maternelles-et-elementaires.json,139971,1011
sirene/57/electricite-du-batiment.json,30811,280
sirene/57/electronique-materiel-electrique.json,3486,30
sirene/57/elements-prefabriques-en-beton.json,989,9
sirene/57/elevage-bovin-ovin-caprin-porcin-volailles.json,20957,159
sirene/57/elevage-de-chevaux-haras.json,1026,8
sirene/57/enseignement-culturel-conservatoires.json,5997,50
sirene/57/enseignes-signaletique-marquage.json,1513,12
sirene/57/entrepots-logistique.json,16841,144
sirene/57/esthetique-soins-de-beaute.json,17873,162
sirene/57/fabrication-de-monnaies-medailles.json,3,0
sirene/57/fleuristes-jardineries.json,15038,135
sirene/57/fleurs-artificielles-parures-de-mode.json,3,0
sirene/57/fonderies.json,353,3
sirene/57/forets-travaux-forestiers.json,7966,65
sirene/57/froid-industriel-installation-de-machines.json,1989,17
sirene/57/garages-carrosseries-voitures.json,53938,486
sirene/57/geometres-experts-topographie.json,2252,18
sirene/57/grossistes-en-fruits-et-legumes.json,945,9
sirene/57/grossistes-en-poissons-crustaces-mollusques.json,3,0
sirene/57/grossistes-en-viandes.json,1911,17
sirene/57/guides-offices-de-tourisme.json,2578,19
sirene/57/handicap-foyers-esat-ime.json,18220,135
sirene/57/hopitaux-cliniques-laboratoires.json,34389,250
sirene/57/horticulture-maraichage-agriculture.json,44802,336
sirene/57/hotels.json,21328,182
sirene/57/imprimerie-prepresse-reliure.json,5566,48
sirene/57/industrie-agroalimentaire.json,3587,32
sirene/57/interim-recrutement.json,26012,231
sirene/57/laboratoires-d-analyses-et-d-essais.json,3209,24
sirene/57/laboratoires-de-recherche-scientifique.json,1667,14
sirene/57/loisirs-animation.json,38505,311
sirene/57/magasins-specialises-bricolage-maison-sport-high-tech.json,81469,704
sirene/57/maintenance-d-equipements-ascenseurs.json,5876,53
sirene/57/mairies-administrations.json,149981,1143
sirene/57/materiels-agricoles-engins-de-chantier.json,12937,115
sirene/57/menuiserie-agencement-serrurerie.json,40056,356
sirene/57/motos-scooters.json,3836,34
sirene/57/navigation-fluviale.json,339,3
sirene/57/navigation-maritime-plaisance-professionnelle.json,220,2
sirene/57/nettoyage-proprete.json,23361,213
sirene/57/objets-en-bois-liege-vannerie.json,903,8
sirene/57/optique-photonique-instruments-de-mesure.json,1118,10
sirene/57/parcs-naturels-jardins-botaniques-et-zoologiques.json,696,5
sirene/57/parfumerie-cosmetiques.json,6499,54
sirene/57/paysagistes-espaces-verts.json,14898,136
sirene/57/peche-professionnelle.json,3,0
sirene/57/peinture-platre-carrelage-sols-isolation.json,53066,494
sirene/57/personnes-agees-ehpad-residences.json,21338,157
sirene/57/pharmacie-optique-protheses.json,73942,652
sirene/57/photographie.json,2052,19
sirene/57/plastique-verre-materiaux.json,5556,49
sirene/57/plomberie-chauffage-climatisation-froid.json,46198,412
sirene/57/poids-lourds-utilitaires.json,2621,22
sirene/57/poste-courrier.json,1113,11
sirene/57/pressing-blanchisserie-retouches.json,7476,66
sirene/57/primeur-fromagerie-epicerie-fine-cave.json,10952,89
sirene/57/production-et-distribution-d-energie.json,10306,89
sirene/57/publicite-design-graphique.json,7675,70
sirene/57/remontees-mecaniques-telepheriques.json,3,0
sirene/57/reparation-d-ordinateurs-et-de-telephones.json,3927,36
sirene/57/reparation-de-machines-et-d-electronique.json,8712,75
sirene/57/reseaux-electriques-et-telecoms.json,2572,24
sirene/57/restaurants.json,83656,777
sirene/57/restauration-collective-cantines-entreprises.json,19170,139
sirene/57/restauration-rapide.json,77620,717
sirene/57/scieries-preparation-du-bois.json,2370,22
sirene/57/secretariat-accueil-centres-d-appels.json,18601,163
sirene/57/securite-privee-surveillance.json,8978,77
sirene/57/services-a-l-elevage-marechalerie.json,1332,11
sirene/57/services-informatiques-reseaux.json,11113,106
sirene/57/spectacle-musees-bibliotheques.json,14642,123
sirene/57/superettes-alimentation-generale.json,13017,117
sirene/57/supermarches-grandes-surfaces.json,31129,284
sirene/57/tapisserie-decoration-textile.json,3035,27
sirene/57/telecommunications.json,5182,43
sirene/57/traitement-des-dechets-dangereux.json,1184,9
sirene/57/traiteurs.json,6178,55
sirene/57/transformation-de-poissons-crustaces-mollusques.json,3,0
sirene/57/transformation-de-viandes.json,2215,19
sirene/57/transport-de-marchandises-livraison.json,37206,330
sirene/57/transport-de-voyageurs.json,17319,148
sirene/57/travaux-agricoles-services-aux-cultures.json,3149,31
sirene/57/travaux-publics-routes-reseaux.json,22628,203
sirene/57/usinage-mecanique-outillage.json,14561,126
sirene/57/vetements-chaussures-accessoires.json,59663,512
sirene/57/veterinaires-soins-aux-animaux.json,13355,117
sirene/57/viticulture-vinification.json,814,6
sirene/58/activites-sportives-dont-ecuries-de-course.json,1196,10
sirene/58/aeronautique.json,219,2
sirene/58/agences-immobilieres-gestion-de-logements.json,10940,87
sirene/58/aide-a-domicile.json,7392,52
sirene/58/ambulances.json,2826,22
sirene/58/aquaculture-pisciculture-conchyliculture.json,3,0
sirene/58/architectes.json,1203,10
sirene/58/armurerie-fabrication-d-armes.json,3,0
sirene/58/associations-animation-solidarite.json,28557,201
sirene/58/audiovisuel-cinema-son.json,331,3
sirene/58/autres-elevages-dont-animaux-de-compagnie-apiculture.json,123,1
sirene/58/banques-assurances.json,11678,82
sirene/58/bateaux-nautisme.json,228,2
sirene/58/bijouterie-horlogerie.json,103,1
sirene/58/boucherie-charcuterie-poissonnerie.json,4783,39
sirene/58/boulangerie-patisserie.json,9223,80
sirene/58/bureaux-d-etudes-economistes-de-la-construction.json,5308,45
sirene/58/cafes-bars.json,6293,56
sirene/58/ceramique-verre-d-art-instruments-de-musique.json,1029,9
sirene/58/chaudronnerie-soudure-structures-metalliques.json,759,7
sirene/58/chimie-pharmacie-cosmetiques-papier.json,801,7
sirene/58/chocolaterie-confiserie-glaces.json,542,4
sirene/58/clubs-et-salles-de-sport.json,11313,85
sirene/58/coiffure.json,7027,61
sirene/58/commerce-de-gros-entre-entreprises.json,9468,80
sirene/58/comptabilite-conseil-gestion.json,14330,120
sirene/58/concessionnaires-vente-de-vehicules-et-pieces.json,11145,92
sirene/58/construction-de-navires.json,3,0
sirene/58/construction-maconnerie-gros-uvre.json,17625,156
sirene/58/couture-confection.json,338,3
sirene/58/creches-petite-enfance.json,2333,17
sirene/58/cuir-maroquinerie-cordonnerie.json,984,6
sirene/58/cultures-specialisees-vergers-cultures-tropicales.json,122,1
sirene/58/dechets-recyclage-assainissement.json,14037,101
sirene/58/demenagement.json,487,4
sirene/58/eau-potable-captage-traitement-distribution.json,5177,40
sirene/58/ebenisterie-meubles-restauration-de-meubles.json,1576,13
sirene/58/ecoles-de-sport-equitation.json,937,7
sirene/58/ecoles-maternelles-et-elementaires.json,23568,174
sirene/58/electricite-du-batiment.json,5148,45
sirene/58/electronique-materiel-electrique.json,385,3
sirene/58/elements-prefabriques-en-beton.json,241,2
sirene/58/elevage-bovin-ovin-caprin-porcin-volailles.json,14689,142
sirene/58/elevage-de-chevaux-haras.json,534,5
sirene/58/enseignement-culturel-conservatoires.json,623,6
sirene/58/enseignes-signaletique-marquage.json,264,2
sirene/58/entrepots-logistique.json,2034,18
sirene/58/esthetique-soins-de-beaute.json,1950,18
sirene/58/fabrication-de-monnaies-medailles.json,3,0
sirene/58/fleuristes-jardineries.json,5617,48
sirene/58/fleurs-artificielles-parures-de-mode.json,3,0
sirene/58/fonderies.json,92,1
sirene/58/forets-travaux-forestiers.json,4824,41
sirene/58/froid-industriel-installation-de-machines.json,111,1
sirene/58/garages-carrosseries-voitures.json,12240,104
sirene/58/geometres-experts-topographie.json,451,4
sirene/58/grossistes-en-fruits-et-legumes.json,101,1
sirene/58/grossistes-en-poissons-crustaces-mollusques.json,3,0
sirene/58/grossistes-en-viandes.json,210,2
sirene/58/guides-offices-de-tourisme.json,1185,8
sirene/58/handicap-foyers-esat-ime.json,7866,52
sirene/58/hopitaux-cliniques-laboratoires.json,8657,64
sirene/58/horticulture-maraichage-agriculture.json,15171,146
sirene/58/hotels.json,8143,68
sirene/58/imprimerie-prepresse-reliure.json,1903,15
sirene/58/industrie-agroalimentaire.json,1177,10
sirene/58/interim-recrutement.json,6515,52
sirene/58/laboratoires-d-analyses-et-d-essais.json,93,1
sirene/58/laboratoires-de-recherche-scientifique.json,697,5
sirene/58/loisirs-animation.json,15140,114
sirene/58/magasins-specialises-bricolage-maison-sport-high-tech.json,16862,138
sirene/58/maintenance-d-equipements-ascenseurs.json,723,6
sirene/58/mairies-administrations.json,57662,433
sirene/58/materiels-agricoles-engins-de-chantier.json,5686,49
sirene/58/menuiserie-agencement-serrurerie.json,9573,82
sirene/58/motos-scooters.json,851,7
sirene/58/navigation-fluviale.json,3,0
sirene/58/navigation-maritime-plaisance-professionnelle.json,3,0
sirene/58/nettoyage-proprete.json,2348,20
sirene/58/objets-en-bois-liege-vannerie.json,381,3
sirene/58/optique-photonique-instruments-de-mesure.json,116,1
sirene/58/parcs-naturels-jardins-botaniques-et-zoologiques.json,319,2
sirene/58/parfumerie-cosmetiques.json,1514,13
sirene/58/paysagistes-espaces-verts.json,4653,41
sirene/58/peche-professionnelle.json,3,0
sirene/58/peinture-platre-carrelage-sols-isolation.json,7531,66
sirene/58/personnes-agees-ehpad-residences.json,5779,44
sirene/58/pharmacie-optique-protheses.json,14165,119
sirene/58/photographie.json,136,1
sirene/58/plastique-verre-materiaux.json,342,3
sirene/58/plomberie-chauffage-climatisation-froid.json,10768,92
sirene/58/poids-lourds-utilitaires.json,1161,10
sirene/58/poste-courrier.json,1252,12
sirene/58/pressing-blanchisserie-retouches.json,1085,9
sirene/58/primeur-fromagerie-epicerie-fine-cave.json,1409,11
sirene/58/production-et-distribution-d-energie.json,1848,17
sirene/58/publicite-design-graphique.json,1701,15
sirene/58/remontees-mecaniques-telepheriques.json,3,0
sirene/58/reparation-d-ordinateurs-et-de-telephones.json,96,1
sirene/58/reparation-de-machines-et-d-electronique.json,2193,19
sirene/58/reseaux-electriques-et-telecoms.json,618,5
sirene/58/restaurants.json,15188,130
sirene/58/restauration-collective-cantines-entreprises.json,3156,25
sirene/58/restauration-rapide.json,7517,66
sirene/58/scieries-preparation-du-bois.json,2083,18
sirene/58/secretariat-accueil-centres-d-appels.json,4553,40
sirene/58/securite-privee-surveillance.json,764,6
sirene/58/services-a-l-elevage-marechalerie.json,944,7
sirene/58/services-informatiques-reseaux.json,1486,13
sirene/58/spectacle-musees-bibliotheques.json,4806,37
sirene/58/superettes-alimentation-generale.json,2828,23
sirene/58/supermarches-grandes-surfaces.json,9803,85
sirene/58/tapisserie-decoration-textile.json,332,3
sirene/58/telecommunications.json,675,6
sirene/58/traitement-des-dechets-dangereux.json,3,0
sirene/58/traiteurs.json,630,5
sirene/58/transformation-de-poissons-crustaces-mollusques.json,152,1
sirene/58/transformation-de-viandes.json,1141,10
sirene/58/transport-de-marchandises-livraison.json,6021,51
sirene/58/transport-de-voyageurs.json,6648,56
sirene/58/travaux-agricoles-services-aux-cultures.json,2424,22
sirene/58/travaux-publics-routes-reseaux.json,5031,40
sirene/58/usinage-mecanique-outillage.json,2123,17
sirene/58/vetements-chaussures-accessoires.json,8891,75
sirene/58/veterinaires-soins-aux-animaux.json,5963,46
sirene/58/viticulture-vinification.json,6429,54
sirene/59/activites-sportives-dont-ecuries-de-course.json,6204,49
sirene/59/aeronautique.json,770,6
sirene/59/agences-immobilieres-gestion-de-logements.json,106730,912
sirene/59/aide-a-domicile.json,57475,445
sirene/59/ambulances.json,21407,178
sirene/59/aquaculture-pisciculture-conchyliculture.json,819,7
sirene/59/architectes.json,33112,291
sirene/59/armurerie-fabrication-d-armes.json,3,0
sirene/59/associations-animation-solidarite.json,145613,1119
sirene/59/audiovisuel-cinema-son.json,17073,157
sirene/59/autres-elevages-dont-animaux-de-compagnie-apiculture.json,2098,18
sirene/59/banques-assurances.json,98107,758
sirene/59/bateaux-nautisme.json,1297,11
sirene/59/bijouterie-horlogerie.json,1982,17
sirene/59/boucherie-charcuterie-poissonnerie.json,51473,453
sirene/59/boulangerie-patisserie.json,88271,774
sirene/59/bureaux-d-etudes-economistes-de-la-construction.json,108129,950
sirene/59/cafes-bars.json,64921,616
sirene/59/ceramique-verre-d-art-instruments-de-musique.json,1402,12
sirene/59/chaudronnerie-soudure-structures-metalliques.json,19051,161
sirene/59/chimie-pharmacie-cosmetiques-papier.json,15988,139
sirene/59/chocolaterie-confiserie-glaces.json,4816,40
sirene/59/clubs-et-salles-de-sport.json,162837,1281
sirene/59/coiffure.json,103027,939
sirene/59/commerce-de-gros-entre-entreprises.json,139166,1206
sirene/59/comptabilite-conseil-gestion.json,278998,2382
sirene/59/concessionnaires-vente-de-vehicules-et-pieces.json,111495,968
sirene/59/construction-de-navires.json,226,2
sirene/59/construction-maconnerie-gros-uvre.json,177658,1599
sirene/59/couture-confection.json,7385,67
sirene/59/creches-petite-enfance.json,92478,746
sirene/59/cuir-maroquinerie-cordonnerie.json,2647,22
sirene/59/cultures-specialisees-vergers-cultures-tropicales.json,2248,20
sirene/59/dechets-recyclage-assainissement.json,51865,416
sirene/59/demenagement.json,5061,39
sirene/59/eau-potable-captage-traitement-distribution.json,6721,48
sirene/59/ebenisterie-meubles-restauration-de-meubles.json,9241,80
sirene/59/ecoles-de-sport-equitation.json,10158,84
sirene/59/ecoles-maternelles-et-elementaires.json,249116,1781
sirene/59/electricite-du-batiment.json,72916,651
sirene/59/electronique-materiel-electrique.json,4600,39
sirene/59/elements-prefabriques-en-beton.json,1735,16
sirene/59/elevage-bovin-ovin-caprin-porcin-volailles.json,28103,250
sirene/59/elevage-de-chevaux-haras.json,3124,27
sirene/59/enseignement-culturel-conservatoires.json,15112,125
sirene/59/enseignes-signaletique-marquage.json,2678,22
sirene/59/entrepots-logistique.json,64551,528
sirene/59/esthetique-soins-de-beaute.json,32187,292
sirene/59/fabrication-de-monnaies-medailles.json,3,0
sirene/59/fleuristes-jardineries.json,32104,283
sirene/59/fleurs-artificielles-parures-de-mode.json,223,2
sirene/59/fonderies.json,743,6
sirene/59/forets-travaux-forestiers.json,3547,32
sirene/59/froid-industriel-installation-de-machines.json,6037,52
sirene/59/garages-carrosseries-voitures.json,93149,831
sirene/59/geometres-experts-topographie.json,5708,48
sirene/59/grossistes-en-fruits-et-legumes.json,10466,91
sirene/59/grossistes-en-poissons-crustaces-mollusques.json,1473,12
sirene/59/grossistes-en-viandes.json,1999,17
sirene/59/guides-offices-de-tourisme.json,5581,42
sirene/59/handicap-foyers-esat-ime.json,60811,405
sirene/59/hopitaux-cliniques-laboratoires.json,85278,612
sirene/59/horticulture-maraichage-agriculture.json,106235,949
sirene/59/hotels.json,40887,347
sirene/59/imprimerie-prepresse-reliure.json,13838,122
sirene/59/industrie-agroalimentaire.json,12074,101
sirene/59/interim-recrutement.json,48673,414
sirene/59/laboratoires-d-analyses-et-d-essais.json,4887,34
sirene/59/laboratoires-de-recherche-scientifique.json,12047,97
sirene/59/loisirs-animation.json,166940,1258
sirene/59/magasins-specialises-bricolage-maison-sport-high-tech.json,174969,1534
sirene/59/maintenance-d-equipements-ascenseurs.json,13290,116
sirene/59/mairies-administrations.json,168444,1221
sirene/59/materiels-agricoles-engins-de-chantier.json,27152,234
sirene/59/menuiserie-agencement-serrurerie.json,90302,796
sirene/59/motos-scooters.json,8597,76
sirene/59/navigation-fluviale.json,7982,81
sirene/59/navigation-maritime-plaisance-professionnelle.json,355,3
sirene/59/nettoyage-proprete.json,57419,496
sirene/59/objets-en-bois-liege-vannerie.json,552,5
sirene/59/optique-photonique-instruments-de-mesure.json,1439,12
sirene/59/parcs-naturels-jardins-botaniques-et-zoologiques.json,735,5
sirene/59/parfumerie-cosmetiques.json,11662,100
sirene/59/paysagistes-espaces-verts.json,43193,381
sirene/59/peche-professionnelle.json,499,5
sirene/59/peinture-platre-carrelage-sols-isolation.json,87612,800
sirene/59/personnes-agees-ehpad-residences.json,57553,410
sirene/59/pharmacie-optique-protheses.json,183389,1560
sirene/59/photographie.json,5792,52
sirene/59/plastique-verre-materiaux.json,9522,84
sirene/59/plomberie-chauffage-climatisation-froid.json,85562,758
sirene/59/poids-lourds-utilitaires.json,5195,43
sirene/59/poste-courrier.json,2604,26
sirene/59/pressing-blanchisserie-retouches.json,17048,148
sirene/59/primeur-fromagerie-epicerie-fine-cave.json,21010,184
sirene/59/production-et-distribution-d-energie.json,7681,69
sirene/59/publicite-design-graphique.json,42536,376
sirene/59/remontees-mecaniques-telepheriques.json,3,0
sirene/59/reparation-d-ordinateurs-et-de-telephones.json,4874,45
sirene/59/reparation-de-machines-et-d-electronique.json,23840,197
sirene/59/reseaux-electriques-et-telecoms.json,3425,28
sirene/59/restaurants.json,196988,1801
sirene/59/restauration-collective-cantines-entreprises.json,23960,173
sirene/59/restauration-rapide.json,226976,2079
sirene/59/scieries-preparation-du-bois.json,1104,10
sirene/59/secretariat-accueil-centres-d-appels.json,73380,642
sirene/59/securite-privee-surveillance.json,21017,177
sirene/59/services-a-l-elevage-marechalerie.json,2561,23
sirene/59/services-informatiques-reseaux.json,53618,491
sirene/59/spectacle-musees-bibliotheques.json,60624,513
sirene/59/superettes-alimentation-generale.json,25356,223
sirene/59/supermarches-grandes-surfaces.json,89348,803
sirene/59/tapisserie-decoration-textile.json,6675,60
sirene/59/telecommunications.json,10309,89
sirene/59/traitement-des-dechets-dangereux.json,1577,13
sirene/59/traiteurs.json,12720,113
sirene/59/transformation-de-poissons-crustaces-mollusques.json,792,6
sirene/59/transformation-de-viandes.json,5504,47
sirene/59/transport-de-marchandises-livraison.json,100866,892
sirene/59/transport-de-voyageurs.json,29210,243
sirene/59/travaux-agricoles-services-aux-cultures.json,9815,90
sirene/59/travaux-publics-routes-reseaux.json,37228,319
sirene/59/usinage-mecanique-outillage.json,27055,230
sirene/59/vetements-chaussures-accessoires.json,118628,1044
sirene/59/veterinaires-soins-aux-animaux.json,31652,276
sirene/59/viticulture-vinification.json,880,8
sirene/60/activites-sportives-dont-ecuries-de-course.json,7410,57
sirene/60/aeronautique.json,612,5
sirene/60/agences-immobilieres-gestion-de-logements.json,33099,282
sirene/60/aide-a-domicile.json,11878,94
sirene/60/ambulances.json,5199,41
sirene/60/aquaculture-pisciculture-conchyliculture.json,118,1
sirene/60/architectes.json,4958,43
sirene/60/armurerie-fabrication-d-armes.json,247,2
sirene/60/associations-animation-solidarite.json,29901,230
sirene/60/audiovisuel-cinema-son.json,2157,19
sirene/60/autres-elevages-dont-animaux-de-compagnie-apiculture.json,1416,12
sirene/60/banques-assurances.json,24430,184
sirene/60/bateaux-nautisme.json,556,5
sirene/60/bijouterie-horlogerie.json,997,9
sirene/60/boucherie-charcuterie-poissonnerie.json,12027,104
sirene/60/boulangerie-patisserie.json,34343,300
sirene/60/bureaux-d-etudes-economistes-de-la-construction.json,21929,194
sirene/60/cafes-bars.json,16938,155
sirene/60/ceramique-verre-d-art-instruments-de-musique.json,551,5
sirene/60/chaudronnerie-soudure-structures-metalliques.json,4410,39
sirene/60/chimie-pharmacie-cosmetiques-papier.json,10687,91
sirene/60/chocolaterie-confiserie-glaces.json,487,4
sirene/60/clubs-et-salles-de-sport.json,51811,407
sirene/60/coiffure.json,36022,326
sirene/60/commerce-de-gros-entre-entreprises.json,42497,366
sirene/60/comptabilite-conseil-gestion.json,70120,585
sirene/60/concessionnaires-vente-de-vehicules-et-pieces.json,42446,364
sirene/60/construction-de-navires.json,3,0
sirene/60/construction-maconnerie-gros-uvre.json,85749,774
sirene/60/couture-confection.json,961,8
sirene/60/creches-petite-enfance.json,20056,159
sirene/60/cuir-maroquinerie-cordonnerie.json,1486,12
sirene/60/cultures-specialisees-vergers-cultures-tropicales.json,799,7
sirene/60/dechets-recyclage-assainissement.json,32734,246
sirene/60/demenagement.json,2972,25
sirene/60/eau-potable-captage-traitement-distribution.json,17706,129
sirene/60/ebenisterie-meubles-restauration-de-meubles.json,1030,9
sirene/60/ecoles-de-sport-equitation.json,5207,41
sirene/60/ecoles-maternelles-et-elementaires.json,126926,905
sirene/60/electricite-du-batiment.json,30380,265
sirene/60/electronique-materiel-electrique.json,2395,20
sirene/60/elements-prefabriques-en-beton.json,1296,11
sirene/60/elevage-bovin-ovin-caprin-porcin-volailles.json,4130,37
sirene/60/elevage-de-chevaux-haras.json,2751,23
sirene/60/enseignement-culturel-conservatoires.json,6102,48
sirene/60/enseignes-signaletique-marquage.json,874,7
sirene/60/entrepots-logistique.json,19802,164
sirene/60/esthetique-soins-de-beaute.json,11333,101
sirene/60/fabrication-de-monnaies-medailles.json,3,0
sirene/60/fleuristes-jardineries.json,11428,102
sirene/60/fleurs-artificielles-parures-de-mode.json,3,0
sirene/60/fonderies.json,357,3
sirene/60/forets-travaux-forestiers.json,4710,41
sirene/60/froid-industriel-installation-de-machines.json,2924,26
sirene/60/garages-carrosseries-voitures.json,48407,425
sirene/60/geometres-experts-topographie.json,3148,26
sirene/60/grossistes-en-fruits-et-legumes.json,1241,11
sirene/60/grossistes-en-poissons-crustaces-mollusques.json,114,1
sirene/60/grossistes-en-viandes.json,3,0
sirene/60/guides-offices-de-tourisme.json,2320,17
sirene/60/handicap-foyers-esat-ime.json,14700,108
sirene/60/hopitaux-cliniques-laboratoires.json,26175,185
sirene/60/horticulture-maraichage-agriculture.json,67861,620
sirene/60/hotels.json,16115,139
sirene/60/imprimerie-prepresse-reliure.json,4358,36
sirene/60/industrie-agroalimentaire.json,3476,28
sirene/60/interim-recrutement.json,19378,158
sirene/60/laboratoires-d-analyses-et-d-essais.json,1026,7
sirene/60/laboratoires-de-recherche-scientifique.json,3179,26
sirene/60/loisirs-animation.json,39004,308
sirene/60/magasins-specialises-bricolage-maison-sport-high-tech.json,47881,416
sirene/60/maintenance-d-equipements-ascenseurs.json,6915,58
sirene/60/mairies-administrations.json,145260,1089
sirene/60/materiels-agricoles-engins-de-chantier.json,10546,91
sirene/60/menuiserie-agencement-serrurerie.json,36776,322
sirene/60/motos-scooters.json,3621,30
sirene/60/navigation-fluviale.json,4250,35
sirene/60/navigation-maritime-plaisance-professionnelle.json,3,0
sirene/60/nettoyage-proprete.json,21783,189
sirene/60/objets-en-bois-liege-vannerie.json,670,6
sirene/60/optique-photonique-instruments-de-mesure.json,680,6
sirene/60/parcs-naturels-jardins-botaniques-et-zoologiques.json,117,1
sirene/60/parfumerie-cosmetiques.json,4590,38
sirene/60/paysagistes-espaces-verts.json,18252,159
sirene/60/peche-professionnelle.json,3,0
sirene/60/peinture-platre-carrelage-sols-isolation.json,30172,278
sirene/60/personnes-agees-ehpad-residences.json,15293,122
sirene/60/pharmacie-optique-protheses.json,55636,463
sirene/60/photographie.json,1249,11
sirene/60/plastique-verre-materiaux.json,6033,51
sirene/60/plomberie-chauffage-climatisation-froid.json,34652,313
sirene/60/poids-lourds-utilitaires.json,2605,23
sirene/60/poste-courrier.json,293,3
sirene/60/pressing-blanchisserie-retouches.json,4868,41
sirene/60/primeur-fromagerie-epicerie-fine-cave.json,6037,54
sirene/60/production-et-distribution-d-energie.json,3483,28
sirene/60/publicite-design-graphique.json,7957,72
sirene/60/remontees-mecaniques-telepheriques.json,3,0
sirene/60/reparation-d-ordinateurs-et-de-telephones.json,2571,23
sirene/60/reparation-de-machines-et-d-electronique.json,7552,65
sirene/60/reseaux-electriques-et-telecoms.json,1333,11
sirene/60/restaurants.json,46454,418
sirene/60/restauration-collective-cantines-entreprises.json,6405,46
sirene/60/restauration-rapide.json,51253,469
sirene/60/scieries-preparation-du-bois.json,1451,12
sirene/60/secretariat-accueil-centres-d-appels.json,18970,161
sirene/60/securite-privee-surveillance.json,10362,89
sirene/60/services-a-l-elevage-marechalerie.json,2812,24
sirene/60/services-informatiques-reseaux.json,6362,57
sirene/60/spectacle-musees-bibliotheques.json,15843,131
sirene/60/superettes-alimentation-generale.json,7083,63
sirene/60/supermarches-grandes-surfaces.json,32474,287
sirene/60/tapisserie-decoration-textile.json,1115,9
sirene/60/telecommunications.json,2851,24
sirene/60/traitement-des-dechets-dangereux.json,623,5
sirene/60/traiteurs.json,5703,49
sirene/60/transformation-de-poissons-crustaces-mollusques.json,3,0
sirene/60/transformation-de-viandes.json,1106,10
sirene/60/transport-de-marchandises-livraison.json,40056,345
sirene/60/transport-de-voyageurs.json,19406,168
sirene/60/travaux-agricoles-services-aux-cultures.json,7571,69
sirene/60/travaux-publics-routes-reseaux.json,14364,126
sirene/60/usinage-mecanique-outillage.json,10788,92
sirene/60/vetements-chaussures-accessoires.json,27593,237
sirene/60/veterinaires-soins-aux-animaux.json,12936,109
sirene/60/viticulture-vinification.json,359,3
sirene/61/activites-sportives-dont-ecuries-de-course.json,3663,32
sirene/61/aeronautique.json,3,0
sirene/61/agences-immobilieres-gestion-de-logements.json,11918,95
sirene/61/aide-a-domicile.json,7921,63
sirene/61/ambulances.json,4530,35
sirene/61/aquaculture-pisciculture-conchyliculture.json,106,1
sirene/61/architectes.json,2039,17
sirene/61/armurerie-fabrication-d-armes.json,90,1
sirene/61/associations-animation-solidarite.json,14371,112
sirene/61/audiovisuel-cinema-son.json,1847,16
sirene/61/autres-elevages-dont-animaux-de-compagnie-apiculture.json,614,5
sirene/61/banques-assurances.json,16753,122
sirene/61/bateaux-nautisme.json,127,1
sirene/61/bijouterie-horlogerie.json,211,2
sirene/61/boucherie-charcuterie-poissonnerie.json,7470,62
sirene/61/boulangerie-patisserie.json,13789,115
sirene/61/bureaux-d-etudes-economistes-de-la-construction.json,5299,46
sirene/61/cafes-bars.json,7415,63
sirene/61/ceramique-verre-d-art-instruments-de-musique.json,126,1
sirene/61/chaudronnerie-soudure-structures-metalliques.json,2830,22
sirene/61/chimie-pharmacie-cosmetiques-papier.json,2598,22
sirene/61/chocolaterie-confiserie-glaces.json,1401,12
sirene/61/clubs-et-salles-de-sport.json,16109,127
sirene/61/coiffure.json,8692,76
sirene/61/commerce-de-gros-entre-entreprises.json,16421,129
sirene/61/comptabilite-conseil-gestion.json,22455,171
sirene/61/concessionnaires-vente-de-vehicules-et-pieces.json,17570,151
sirene/61/construction-de-navires.json,3,0
sirene/61/construction-maconnerie-gros-uvre.json,32814,288
sirene/61/couture-confection.json,115,1
sirene/61/creches-petite-enfance.json,4355,30
sirene/61/cuir-maroquinerie-cordonnerie.json,919,8
sirene/61/cultures-specialisees-vergers-cultures-tropicales.json,784,7
sirene/61/dechets-recyclage-assainissement.json,17358,126
sirene/61/demenagement.json,622,4
sirene/61/eau-potable-captage-traitement-distribution.json,5706,42
sirene/61/ebenisterie-meubles-restauration-de-meubles.json,1753,15
sirene/61/ecoles-de-sport-equitation.json,1140,10
sirene/61/ecoles-maternelles-et-elementaires.json,32850,232
sirene/61/electricite-du-batiment.json,7162,65
sirene/61/electronique-materiel-electrique.json,899,7
sirene/61/elements-prefabriques-en-beton.json,421,4
sirene/61/elevage-bovin-ovin-caprin-porcin-volailles.json,49884,452
sirene/61/elevage-de-chevaux-haras.json,10052,90
sirene/61/enseignement-culturel-conservatoires.json,979,8
sirene/61/enseignes-signaletique-marquage.json,771,5
sirene/61/entrepots-logistique.json,2206,18
sirene/61/esthetique-soins-de-beaute.json,1932,16
sirene/61/fabrication-de-monnaies-medailles.json,3,0
sirene/61/fleuristes-jardineries.json,3497,30
sirene/61/fleurs-artificielles-parures-de-mode.json,3,0
sirene/61/fonderies.json,105,1
sirene/61/forets-travaux-forestiers.json,5758,49
sirene/61/froid-industriel-installation-de-machines.json,651,6
sirene/61/garages-carrosseries-voitures.json,18114,154
sirene/61/geometres-experts-topographie.json,890,8
sirene/61/grossistes-en-fruits-et-legumes.json,418,3
sirene/61/grossistes-en-poissons-crustaces-mollusques.json,104,1
sirene/61/grossistes-en-viandes.json,3,0
sirene/61/guides-offices-de-tourisme.json,938,6
sirene/61/handicap-foyers-esat-ime.json,5021,36
sirene/61/hopitaux-cliniques-laboratoires.json,17612,121
sirene/61/horticulture-maraichage-agriculture.json,35139,318
sirene/61/hotels.json,8256,67
sirene/61/imprimerie-prepresse-reliure.json,2528,20
sirene/61/industrie-agroalimentaire.json,2113,18
sirene/61/interim-recrutement.json,10280,83
sirene/61/laboratoires-d-analyses-et-d-essais.json,388,3
sirene/61/laboratoires-de-recherche-scientifique.json,772,5
sirene/61/loisirs-animation.json,18803,141
sirene/61/magasins-specialises-bricolage-maison-sport-high-tech.json,21985,190
sirene/61/maintenance-d-equipements-ascenseurs.json,1442,12
sirene/61/mairies-administrations.json,107636,784
sirene/61/materiels-agricoles-engins-de-chantier.json,7777,67
sirene/61/menuiserie-agencement-serrurerie.json,18097,149
sirene/61/motos-scooters.json,1436,12
sirene/61/navigation-fluviale.json,96,1
sirene/61/navigation-maritime-plaisance-professionnelle.json,3,0
sirene/61/nettoyage-proprete.json,3551,31
sirene/61/objets-en-bois-liege-vannerie.json,866,7
sirene/61/optique-photonique-instruments-de-mesure.json,116,1
sirene/61/parcs-naturels-jardins-botaniques-et-zoologiques.json,3,0
sirene/61/parfumerie-cosmetiques.json,1704,15
sirene/61/paysagistes-espaces-verts.json,7466,66
sirene/61/peche-professionnelle.json,3,0
sirene/61/peinture-platre-carrelage-sols-isolation.json,9815,84
sirene/61/personnes-agees-ehpad-residences.json,10556,80
sirene/61/pharmacie-optique-protheses.json,17760,150
sirene/61/photographie.json,612,5
sirene/61/plastique-verre-materiaux.json,2315,19
sirene/61/plomberie-chauffage-climatisation-froid.json,12300,104
sirene/61/poids-lourds-utilitaires.json,1308,10
sirene/61/poste-courrier.json,1309,13
sirene/61/pressing-blanchisserie-retouches.json,1176,9
sirene/61/primeur-fromagerie-epicerie-fine-cave.json,2494,21
sirene/61/production-et-distribution-d-energie.json,3389,29
sirene/61/publicite-design-graphique.json,2867,25
sirene/61/remontees-mecaniques-telepheriques.json,3,0
sirene/61/reparation-d-ordinateurs-et-de-telephones.json,294,3
sirene/61/reparation-de-machines-et-d-electronique.json,4352,36
sirene/61/reseaux-electriques-et-telecoms.json,734,6
sirene/61/restaurants.json,18969,166
sirene/61/restauration-collective-cantines-entreprises.json,3526,27
sirene/61/restauration-rapide.json,12997,116
sirene/61/scieries-preparation-du-bois.json,3129,27
sirene/61/secretariat-accueil-centres-d-appels.json,3311,26
sirene/61/securite-privee-surveillance.json,1594,13
sirene/61/services-a-l-elevage-marechalerie.json,2557,24
sirene/61/services-informatiques-reseaux.json,1291,12
sirene/61/spectacle-musees-bibliotheques.json,5138,44
sirene/61/superettes-alimentation-generale.json,3004,26
sirene/61/supermarches-grandes-surfaces.json,13656,116
sirene/61/tapisserie-decoration-textile.json,521,5
sirene/61/telecommunications.json,1021,9
sirene/61/traitement-des-dechets-dangereux.json,93,1
sirene/61/traiteurs.json,370,3
sirene/61/transformation-de-poissons-crustaces-mollusques.json,3,0
sirene/61/transformation-de-viandes.json,1737,14
sirene/61/transport-de-marchandises-livraison.json,10105,86
sirene/61/transport-de-voyageurs.json,6690,55
sirene/61/travaux-agricoles-services-aux-cultures.json,6976,61
sirene/61/travaux-publics-routes-reseaux.json,7765,65
sirene/61/usinage-mecanique-outillage.json,5133,41
sirene/61/vetements-chaussures-accessoires.json,11898,111
sirene/61/veterinaires-soins-aux-animaux.json,5437,46
sirene/61/viticulture-vinification.json,3,0
sirene/62/activites-sportives-dont-ecuries-de-course.json,4494,35
sirene/62/aeronautique.json,480,4
sirene/62/agences-immobilieres-gestion-de-logements.json,49119,404
sirene/62/aide-a-domicile.json,31541,235
sirene/62/ambulances.json,16008,126
sirene/62/aquaculture-pisciculture-conchyliculture.json,1618,14
sirene/62/architectes.json,10840,90
sirene/62/armurerie-fabrication-d-armes.json,97,1
sirene/62/associations-animation-solidarite.json,51459,394
sirene/62/audiovisuel-cinema-son.json,1651,15
sirene/62/autres-elevages-dont-animaux-de-compagnie-apiculture.json,1861,17
sirene/62/banques-assurances.json,43806,337
sirene/62/bateaux-nautisme.json,256,2
sirene/62/bijouterie-horlogerie.json,490,4
sirene/62/boucherie-charcuterie-poissonnerie.json,33649,292
sirene/62/boulangerie-patisserie.json,55251,482
sirene/62/bureaux-d-etudes-economistes-de-la-construction.json,41573,359
sirene/62/cafes-bars.json,37888,350
sirene/62/ceramique-verre-d-art-instruments-de-musique.json,1539,13
sirene/62/chaudronnerie-soudure-structures-metalliques.json,9317,79
sirene/62/chimie-pharmacie-cosmetiques-papier.json,6241,55
sirene/62/chocolaterie-confiserie-glaces.json,2747,23
sirene/62/clubs-et-salles-de-sport.json,80017,633
sirene/62/coiffure.json,53830,484
sirene/62/commerce-de-gros-entre-entreprises.json,51724,434
sirene/62/comptabilite-conseil-gestion.json,97131,801
sirene/62/concessionnaires-vente-de-vehicules-et-pieces.json,68820,587
sirene/62/construction-de-navires.json,396,3
sirene/62/construction-maconnerie-gros-uvre.json,106043,948
sirene/62/couture-confection.json,1373,13
sirene/62/creches-petite-enfance.json,35453,293
sirene/62/cuir-maroquinerie-cordonnerie.json,1777,15
sirene/62/cultures-specialisees-vergers-cultures-tropicales.json,955,9
sirene/62/dechets-recyclage-assainissement.json,36419,288
sirene/62/demenagement.json,2350,18
sirene/62/eau-potable-captage-traitement-distribution.json,16140,117
sirene/62/ebenisterie-meubles-restauration-de-meubles.json,3615,32
sirene/62/ecoles-de-sport-equitation.json,6461,53
sirene/62/ecoles-maternelles-et-elementaires.json,191129,1375
sirene/62/electricite-du-batiment.json,48314,425
sirene/62/electronique-materiel-electrique.json,2753,20
sirene/62/elements-prefabriques-en-beton.json,2569,21
sirene/62/elevage-bovin-ovin-caprin-porcin-volailles.json,20548,187
sirene/62/elevage-de-chevaux-haras.json,1987,17
sirene/62/enseignement-culturel-conservatoires.json,5453,44
sirene/62/enseignes-signaletique-marquage.json,1344,11
sirene/62/entrepots-logistique.json,29053,233
sirene/62/esthetique-soins-de-beaute.json,15347,139
sirene/62/fabrication-de-monnaies-medailles.json,3,0
sirene/62/fleuristes-jardineries.json,22956,203
sirene/62/fleurs-artificielles-parures-de-mode.json,3,0
sirene/62/fonderies.json,123,1
sirene/62/forets-travaux-forestiers.json,2594,23
sirene/62/froid-industriel-installation-de-machines.json,3435,30
sirene/62/garages-carrosseries-voitures.json,56453,494
sirene/62/geometres-experts-topographie.json,3442,31
sirene/62/grossistes-en-fruits-et-legumes.json,6814,62
sirene/62/grossistes-en-poissons-crustaces-mollusques.json,6972,61
sirene/62/grossistes-en-viandes.json,2154,18
sirene/62/guides-offices-de-tourisme.json,5087,35
sirene/62/handicap-foyers-esat-ime.json,39188,249
sirene/62/hopitaux-cliniques-laboratoires.json,42694,304
sirene/62/horticulture-maraichage-agriculture.json,119573,1071
sirene/62/hotels.json,33666,287
sirene/62/imprimerie-prepresse-reliure.json,6980,59
sirene/62/industrie-agroalimentaire.json,5871,49
sirene/62/interim-recrutement.json,28704,243
sirene/62/laboratoires-d-analyses-et-d-essais.json,1713,12
sirene/62/laboratoires-de-recherche-scientifique.json,3527,27
sirene/62/loisirs-animation.json,77574,588
sirene/62/magasins-specialises-bricolage-maison-sport-high-tech.json,99677,843
sirene/62/maintenance-d-equipements-ascenseurs.json,6507,54
sirene/62/mairies-administrations.json,173475,1324
sirene/62/materiels-agricoles-engins-de-chantier.json,20409,174
sirene/62/menuiserie-agencement-serrurerie.json,63525,553
sirene/62/motos-scooters.json,6096,53
sirene/62/navigation-fluviale.json,1557,16
sirene/62/navigation-maritime-plaisance-professionnelle.json,561,5
sirene/62/nettoyage-proprete.json,24694,213
sirene/62/objets-en-bois-liege-vannerie.json,361,3
sirene/62/optique-photonique-instruments-de-mesure.json,660,6
sirene/62/parcs-naturels-jardins-botaniques-et-zoologiques.json,327,2
sirene/62/parfumerie-cosmetiques.json,7450,61
sirene/62/paysagistes-espaces-verts.json,24752,217
sirene/62/peche-professionnelle.json,4454,37
sirene/62/peinture-platre-carrelage-sols-isolation.json,51010,459
sirene/62/personnes-agees-ehpad-residences.json,29759,210
sirene/62/pharmacie-optique-protheses.json,101782,868
sirene/62/photographie.json,2336,21
sirene/62/plastique-verre-materiaux.json,6740,59
sirene/62/plomberie-chauffage-climatisation-froid.json,49639,441
sirene/62/poids-lourds-utilitaires.json,5202,43
sirene/62/poste-courrier.json,1429,14
sirene/62/pressing-blanchisserie-retouches.json,7946,68
sirene/62/primeur-fromagerie-epicerie-fine-cave.json,11130,96
sirene/62/production-et-distribution-d-energie.json,4141,39
sirene/62/publicite-design-graphique.json,14806,131
sirene/62/remontees-mecaniques-telepheriques.json,3,0
sirene/62/reparation-d-ordinateurs-et-de-telephones.json,1699,15
sirene/62/reparation-de-machines-et-d-electronique.json,12712,111
sirene/62/reseaux-electriques-et-telecoms.json,2352,19
sirene/62/restaurants.json,87950,785
sirene/62/restauration-collective-cantines-entreprises.json,8416,60
sirene/62/restauration-rapide.json,93899,844
sirene/62/scieries-preparation-du-bois.json,1108,9
sirene/62/secretariat-accueil-centres-d-appels.json,34661,296
sirene/62/securite-privee-surveillance.json,8554,69
sirene/62/services-a-l-elevage-marechalerie.json,1048,9
sirene/62/services-informatiques-reseaux.json,8784,80
sirene/62/spectacle-musees-bibliotheques.json,26332,216
sirene/62/superettes-alimentation-generale.json,15476,133
sirene/62/supermarches-grandes-surfaces.json,49866,443
sirene/62/tapisserie-decoration-textile.json,2837,22
sirene/62/telecommunications.json,3484,28
sirene/62/traitement-des-dechets-dangereux.json,711,6
sirene/62/traiteurs.json,6235,55
sirene/62/transformation-de-poissons-crustaces-mollusques.json,6027,53
sirene/62/transformation-de-viandes.json,4430,38
sirene/62/transport-de-marchandises-livraison.json,74091,646
sirene/62/transport-de-voyageurs.json,16769,141
sirene/62/travaux-agricoles-services-aux-cultures.json,10043,93
sirene/62/travaux-publics-routes-reseaux.json,32329,281
sirene/62/usinage-mecanique-outillage.json,13150,106
sirene/62/vetements-chaussures-accessoires.json,77275,660
sirene/62/veterinaires-soins-aux-animaux.json,18938,155
sirene/62/viticulture-vinification.json,125,1
sirene/63/activites-sportives-dont-ecuries-de-course.json,2869,23
sirene/63/aeronautique.json,918,8
sirene/63/agences-immobilieres-gestion-de-logements.json,33940,280
sirene/63/aide-a-domicile.json,17978,132
sirene/63/ambulances.json,6424,53
sirene/63/aquaculture-pisciculture-conchyliculture.json,488,4
sirene/63/architectes.json,11514,100
sirene/63/armurerie-fabrication-d-armes.json,3,0
sirene/63/associations-animation-solidarite.json,48981,360
sirene/63/audiovisuel-cinema-son.json,3100,26
sirene/63/autres-elevages-dont-animaux-de-compagnie-apiculture.json,924,7
sirene/63/banques-assurances.json,38294,279
sirene/63/bateaux-nautisme.json,3,0
sirene/63/bijouterie-horlogerie.json,1586,14
sirene/63/boucherie-charcuterie-poissonnerie.json,13369,115
sirene/63/boulangerie-patisserie.json,34700,297
sirene/63/bureaux-d-etudes-economistes-de-la-construction.json,36785,309
sirene/63/cafes-bars.json,23288,205
sirene/63/ceramique-verre-d-art-instruments-de-musique.json,333,3
sirene/63/chaudronnerie-soudure-structures-metalliques.json,5350,44
sirene/63/chimie-pharmacie-cosmetiques-papier.json,4623,39
sirene/63/chocolaterie-confiserie-glaces.json,1982,16
sirene/63/clubs-et-salles-de-sport.json,41620,331
sirene/63/coiffure.json,28601,250
sirene/63/commerce-de-gros-entre-entreprises.json,32644,275
sirene/63/comptabilite-conseil-gestion.json,69102,569
sirene/63/concessionnaires-vente-de-vehicules-et-pieces.json,28626,248
sirene/63/construction-de-navires.json,3,0
sirene/63/construction-maconnerie-gros-uvre.json,63558,562
sirene/63/couture-confection.json,1383,11
sirene/63/creches-petite-enfance.json,17123,132
sirene/63/cuir-maroquinerie-cordonnerie.json,1981,14
sirene/63/cultures-specialisees-vergers-cultures-tropicales.json,316,3
sirene/63/dechets-recyclage-assainissement.json,26805,186
sirene/63/demenagement.json,2307,16
sirene/63/eau-potable-captage-traitement-distribution.json,8047,55
sirene/63/ebenisterie-meubles-restauration-de-meubles.json,2816,24
sirene/63/ecoles-de-sport-equitation.json,4306,37
sirene/63/ecoles-maternelles-et-elementaires.json,67925,496
sirene/63/electricite-du-batiment.json,27998,246
sirene/63/electronique-materiel-electrique.json,2842,23
sirene/63/elements-prefabriques-en-beton.json,419,4
sirene/63/elevage-bovin-ovin-caprin-porcin-volailles.json,33103,304
sirene/63/elevage-de-chevaux-haras.json,1279,11
sirene/63/enseignement-culturel-conservatoires.json,4328,35
sirene/63/enseignes-signaletique-marquage.json,834,6
sirene/63/entrepots-logistique.json,12098,101
sirene/63/esthetique-soins-de-beaute.json,11300,97
sirene/63/fabrication-de-monnaies-medailles.json,3,0
sirene/63/fleuristes-jardineries.json,10313,90
sirene/63/fleurs-artificielles-parures-de-mode.json,3,0
sirene/63/fonderies.json,538,4
sirene/63/forets-travaux-forestiers.json,6741,58
sirene/63/froid-industriel-installation-de-machines.json,1717,14
sirene/63/garages-carrosseries-voitures.json,47974,417
sirene/63/geometres-experts-topographie.json,2190,19
sirene/63/grossistes-en-fruits-et-legumes.json,1601,14
sirene/63/grossistes-en-poissons-crustaces-mollusques.json,3,0
sirene/63/grossistes-en-viandes.json,309,3
sirene/63/guides-offices-de-tourisme.json,3370,24
sirene/63/handicap-foyers-esat-ime.json,19153,138
sirene/63/hopitaux-cliniques-laboratoires.json,15694,116
sirene/63/horticulture-maraichage-agriculture.json,17057,155
sirene/63/hotels.json,33299,283
sirene/63/imprimerie-prepresse-reliure.json,4217,35
sirene/63/industrie-agroalimentaire.json,6614,51
sirene/63/interim-recrutement.json,13948,110
sirene/63/laboratoires-d-analyses-et-d-essais.json,1224,9
sirene/63/laboratoires-de-recherche-scientifique.json,7378,55
sirene/63/loisirs-animation.json,45916,349
sirene/63/magasins-specialises-bricolage-maison-sport-high-tech.json,57610,495
sirene/63/maintenance-d-equipements-ascenseurs.json,4750,41
sirene/63/mairies-administrations.json,116853,828
sirene/63/materiels-agricoles-engins-de-chantier.json,10612,90
sirene/63/menuiserie-agencement-serrurerie.json,33562,285
sirene/63/motos-scooters.json,3586,31
sirene/63/navigation-fluviale.json,3,0
sirene/63/navigation-maritime-plaisance-professionnelle.json,3,0
sirene/63/nettoyage-proprete.json,13973,123
sirene/63/objets-en-bois-liege-vannerie.json,1162,11
sirene/63/optique-photonique-instruments-de-mesure.json,1139,9
sirene/63/parcs-naturels-jardins-botaniques-et-zoologiques.json,1266,8
sirene/63/parfumerie-cosmetiques.json,5016,40
sirene/63/paysagistes-espaces-verts.json,14814,127
sirene/63/peche-professionnelle.json,3,0
sirene/63/peinture-platre-carrelage-sols-isolation.json,39015,349
sirene/63/personnes-agees-ehpad-residences.json,17829,127
sirene/63/pharmacie-optique-protheses.json,51892,428
sirene/63/photographie.json,1358,12
sirene/63/plastique-verre-materiaux.json,5906,47
sirene/63/plomberie-chauffage-climatisation-froid.json,34150,300
sirene/63/poids-lourds-utilitaires.json,3038,24
sirene/63/poste-courrier.json,954,10
sirene/63/pressing-blanchisserie-retouches.json,5132,43
sirene/63/primeur-fromagerie-epicerie-fine-cave.json,9481,81
sirene/63/production-et-distribution-d-energie.json,13174,119
sirene/63/publicite-design-graphique.json,8607,75
sirene/63/remontees-mecaniques-telepheriques.json,914,7
sirene/63/reparation-d-ordinateurs-et-de-telephones.json,2165,18
sirene/63/reparation-de-machines-et-d-electronique.json,8254,67
sirene/63/reseaux-electriques-et-telecoms.json,2227,19
sirene/63/restaurants.json,66229,584
sirene/63/restauration-collective-cantines-entreprises.json,7891,56
sirene/63/restauration-rapide.json,47382,410
sirene/63/scieries-preparation-du-bois.json,4106,37
sirene/63/secretariat-accueil-centres-d-appels.json,20005,174
sirene/63/securite-privee-surveillance.json,4040,32
sirene/63/services-a-l-elevage-marechalerie.json,1220,10
sirene/63/services-informatiques-reseaux.json,12816,115
sirene/63/spectacle-musees-bibliotheques.json,20412,167
sirene/63/superettes-alimentation-generale.json,12554,106
sirene/63/supermarches-grandes-surfaces.json,25032,220
sirene/63/tapisserie-decoration-textile.json,1129,10
sirene/63/telecommunications.json,3419,30
sirene/63/traitement-des-dechets-dangereux.json,1107,8
sirene/63/traiteurs.json,3310,30
sirene/63/transformation-de-poissons-crustaces-mollusques.json,3,0
sirene/63/transformation-de-viandes.json,2863,23
sirene/63/transport-de-marchandises-livraison.json,29733,252
sirene/63/transport-de-voyageurs.json,13831,119
sirene/63/travaux-agricoles-services-aux-cultures.json,3556,33
sirene/63/travaux-publics-routes-reseaux.json,17042,148
sirene/63/usinage-mecanique-outillage.json,11187,93
sirene/63/vetements-chaussures-accessoires.json,39517,334
sirene/63/veterinaires-soins-aux-animaux.json,10731,87
sirene/63/viticulture-vinification.json,1062,9
sirene/64/activites-sportives-dont-ecuries-de-course.json,3167,25
sirene/64/aeronautique.json,2363,19
sirene/64/agences-immobilieres-gestion-de-logements.json,73881,620
sirene/64/aide-a-domicile.json,21040,165
sirene/64/ambulances.json,7675,60
sirene/64/aquaculture-pisciculture-conchyliculture.json,1878,15
sirene/64/architectes.json,16514,138
sirene/64/armurerie-fabrication-d-armes.json,126,1
sirene/64/associations-animation-solidarite.json,56611,416
sirene/64/audiovisuel-cinema-son.json,6488,60
sirene/64/autres-elevages-dont-animaux-de-compagnie-apiculture.json,626,6
sirene/64/banques-assurances.json,40493,313
sirene/64/bateaux-nautisme.json,358,3
sirene/64/bijouterie-horlogerie.json,2874,26
sirene/64/boucherie-charcuterie-poissonnerie.json,23113,196
sirene/64/boulangerie-patisserie.json,48672,413
sirene/64/bureaux-d-etudes-economistes-de-la-construction.json,49696,427
sirene/64/cafes-bars.json,29599,267
sirene/64/ceramique-verre-d-art-instruments-de-musique.json,361,3
sirene/64/chaudronnerie-soudure-structures-metalliques.json,7078,56
sirene/64/chimie-pharmacie-cosmetiques-papier.json,5182,46
sirene/64/chocolaterie-confiserie-glaces.json,5946,52
sirene/64/clubs-et-salles-de-sport.json,58462,463
sirene/64/coiffure.json,33729,298
sirene/64/commerce-de-gros-entre-entreprises.json,43069,364
sirene/64/comptabilite-conseil-gestion.json,116791,982
sirene/64/concessionnaires-vente-de-vehicules-et-pieces.json,30634,259
sirene/64/construction-de-navires.json,131,1
sirene/64/construction-maconnerie-gros-uvre.json,77446,681
sirene/64/couture-confection.json,3052,27
sirene/64/creches-petite-enfance.json,18287,152
sirene/64/cuir-maroquinerie-cordonnerie.json,4224,37
sirene/64/cultures-specialisees-vergers-cultures-tropicales.json,1379,12
sirene/64/dechets-recyclage-assainissement.json,18449,141
sirene/64/demenagement.json,2414,20
sirene/64/eau-potable-captage-traitement-distribution.json,4681,34
sirene/64/ebenisterie-meubles-restauration-de-meubles.json,4493,40
sirene/64/ecoles-de-sport-equitation.json,10184,85
sirene/64/ecoles-maternelles-et-elementaires.json,62992,470
sirene/64/electricite-du-batiment.json,26732,237
sirene/64/electronique-materiel-electrique.json,1938,16
sirene/64/elements-prefabriques-en-beton.json,652,6
sirene/64/elevage-bovin-ovin-caprin-porcin-volailles.json,26838,250
sirene/64/elevage-de-chevaux-haras.json,659,6
sirene/64/enseignement-culturel-conservatoires.json,7094,56
sirene/64/enseignes-signaletique-marquage.json,751,6
sirene/64/entrepots-logistique.json,13543,115
sirene/64/esthetique-soins-de-beaute.json,12504,111
sirene/64/fabrication-de-monnaies-medailles.json,3,0
sirene/64/fleuristes-jardineries.json,9805,81
sirene/64/fleurs-artificielles-parures-de-mode.json,311,3
sirene/64/fonderies.json,373,3
sirene/64/forets-travaux-forestiers.json,2224,19
sirene/64/froid-industriel-installation-de-machines.json,3380,29
sirene/64/garages-carrosseries-voitures.json,46278,400
sirene/64/geometres-experts-topographie.json,4276,35
sirene/64/grossistes-en-fruits-et-legumes.json,1282,11
sirene/64/grossistes-en-poissons-crustaces-mollusques.json,1445,12
sirene/64/grossistes-en-viandes.json,1403,12
sirene/64/guides-offices-de-tourisme.json,3300,25
sirene/64/handicap-foyers-esat-ime.json,14764,112
sirene/64/hopitaux-cliniques-laboratoires.json,24471,171
sirene/64/horticulture-maraichage-agriculture.json,15997,149
sirene/64/hotels.json,47232,398
sirene/64/imprimerie-prepresse-reliure.json,6261,52
sirene/64/industrie-agroalimentaire.json,13534,115
sirene/64/interim-recrutement.json,25434,214
sirene/64/laboratoires-d-analyses-et-d-essais.json,2062,16
sirene/64/laboratoires-de-recherche-scientifique.json,4344,32
sirene/64/loisirs-animation.json,50459,389
sirene/64/magasins-specialises-bricolage-maison-sport-high-tech.json,93753,803
sirene/64/maintenance-d-equipements-ascenseurs.json,5154,44
sirene/64/mairies-administrations.json,113692,830
sirene/64/materiels-agricoles-engins-de-chantier.json,14889,124
sirene/64/menuiserie-agencement-serrurerie.json,39358,337
sirene/64/motos-scooters.json,5473,49
sirene/64/navigation-fluviale.json,3,0
sirene/64/navigation-maritime-plaisance-professionnelle.json,800,7
sirene/64/nettoyage-proprete.json,20983,177
sirene/64/objets-en-bois-liege-vannerie.json,648,5
sirene/64/optique-photonique-instruments-de-mesure.json,1136,10
sirene/64/parcs-naturels-jardins-botaniques-et-zoologiques.json,1952,15
sirene/64/parfumerie-cosmetiques.json,6278,52
sirene/64/paysagistes-espaces-verts.json,17134,154
sirene/64/peche-professionnelle.json,4271,41
sirene/64/peinture-platre-carrelage-sols-isolation.json,45960,410
sirene/64/personnes-agees-ehpad-residences.json,17337,134
sirene/64/pharmacie-optique-protheses.json,62527,509
sirene/64/photographie.json,2390,20
sirene/64/plastique-verre-materiaux.json,2493,21
sirene/64/plomberie-chauffage-climatisation-froid.json,35024,301
sirene/64/poids-lourds-utilitaires.json,3115,25
sirene/64/poste-courrier.json,95,1
sirene/64/pressing-blanchisserie-retouches.json,9097,79
sirene/64/primeur-fromagerie-epicerie-fine-cave.json,10019,86
sirene/64/production-et-distribution-d-energie.json,12958,112
sirene/64/publicite-design-graphique.json,13105,117
sirene/64/remontees-mecaniques-telepheriques.json,831,6
sirene/64/reparation-d-ordinateurs-et-de-telephones.json,2495,22
sirene/64/reparation-de-machines-et-d-electronique.json,8498,70
sirene/64/reseaux-electriques-et-telecoms.json,2303,19
sirene/64/restaurants.json,96635,866
sirene/64/restauration-collective-cantines-entreprises.json,5724,43
sirene/64/restauration-rapide.json,61198,545
sirene/64/scieries-preparation-du-bois.json,2832,23
sirene/64/secretariat-accueil-centres-d-appels.json,25888,223
sirene/64/securite-privee-surveillance.json,7014,58
sirene/64/services-a-l-elevage-marechalerie.json,1745,15
sirene/64/services-informatiques-reseaux.json,14166,125
sirene/64/spectacle-musees-bibliotheques.json,19903,165
sirene/64/superettes-alimentation-generale.json,14432,129
sirene/64/supermarches-grandes-surfaces.json,33344,292
sirene/64/tapisserie-decoration-textile.json,2092,17
sirene/64/telecommunications.json,3435,30
sirene/64/traitement-des-dechets-dangereux.json,362,3
sirene/64/traiteurs.json,6129,51
sirene/64/transformation-de-poissons-crustaces-mollusques.json,932,8
sirene/64/transformation-de-viandes.json,4500,38
sirene/64/transport-de-marchandises-livraison.json,29201,245
sirene/64/transport-de-voyageurs.json,15632,130
sirene/64/travaux-agricoles-services-aux-cultures.json,6317,59
sirene/64/travaux-publics-routes-reseaux.json,21364,185
sirene/64/usinage-mecanique-outillage.json,11903,101
sirene/64/vetements-chaussures-accessoires.json,68316,600
sirene/64/veterinaires-soins-aux-animaux.json,14990,125
sirene/64/viticulture-vinification.json,6688,57
sirene/65/activites-sportives-dont-ecuries-de-course.json,1715,14
sirene/65/aeronautique.json,1067,10
sirene/65/agences-immobilieres-gestion-de-logements.json,16948,146
sirene/65/aide-a-domicile.json,7774,59
sirene/65/ambulances.json,3357,27
sirene/65/aquaculture-pisciculture-conchyliculture.json,202,2
sirene/65/architectes.json,3264,28
sirene/65/armurerie-fabrication-d-armes.json,113,1
sirene/65/associations-animation-solidarite.json,17396,136
sirene/65/audiovisuel-cinema-son.json,464,4
sirene/65/autres-elevages-dont-animaux-de-compagnie-apiculture.json,124,1
sirene/65/banques-assurances.json,13206,105
sirene/65/bateaux-nautisme.json,3,0
sirene/65/bijouterie-horlogerie.json,243,2
sirene/65/boucherie-charcuterie-poissonnerie.json,8435,74
sirene/65/boulangerie-patisserie.json,15258,131
sirene/65/bureaux-d-etudes-economistes-de-la-construction.json,9367,82
sirene/65/cafes-bars.json,9142,84
sirene/65/ceramique-verre-d-art-instruments-de-musique.json,106,1
sirene/65/chaudronnerie-soudure-structures-metalliques.json,2343,20
sirene/65/chimie-pharmacie-cosmetiques-papier.json,728,7
sirene/65/chocolaterie-confiserie-glaces.json,2525,22
sirene/65/clubs-et-salles-de-sport.json,13557,109
sirene/65/coiffure.json,8987,79
sirene/65/commerce-de-gros-entre-entreprises.json,9108,79
sirene/65/comptabilite-conseil-gestion.json,19088,159
sirene/65/concessionnaires-vente-de-vehicules-et-pieces.json,9742,82
sirene/65/construction-de-navires.json,3,0
sirene/65/construction-maconnerie-gros-uvre.json,19166,168
sirene/65/couture-confection.json,364,3
sirene/65/creches-petite-enfance.json,6917,54
sirene/65/cuir-maroquinerie-cordonnerie.json,462,4
sirene/65/cultures-specialisees-vergers-cultures-tropicales.json,332,3
sirene/65/dechets-recyclage-assainissement.json,6786,50
sirene/65/demenagement.json,406,4
sirene/65/eau-potable-captage-traitement-distribution.json,5288,43
sirene/65/ebenisterie-meubles-restauration-de-meubles.json,1134,10
sirene/65/ecoles-de-sport-equitation.json,2115,19
sirene/65/ecoles-maternelles-et-elementaires.json,29773,223
sirene/65/electricite-du-batiment.json,7155,62
sirene/65/electronique-materiel-electrique.json,1314,11
sirene/65/elements-prefabriques-en-beton.json,193,2
sirene/65/elevage-bovin-ovin-caprin-porcin-volailles.json,10530,98
sirene/65/elevage-de-chevaux-haras.json,336,3
sirene/65/enseignement-culturel-conservatoires.json,1813,15
sirene/65/enseignes-signaletique-marquage.json,496,4
sirene/65/entrepots-logistique.json,3083,26
sirene/65/esthetique-soins-de-beaute.json,2759,23
sirene/65/fabrication-de-monnaies-medailles.json,3,0
sirene/65/fleuristes-jardineries.json,3493,31
sirene/65/fleurs-artificielles-parures-de-mode.json,3,0
sirene/65/fonderies.json,3,0
sirene/65/forets-travaux-forestiers.json,1847,15
sirene/65/froid-industriel-installation-de-machines.json,843,7
sirene/65/garages-carrosseries-voitures.json,14366,124
sirene/65/geometres-experts-topographie.json,1522,12
sirene/65/grossistes-en-fruits-et-legumes.json,392,3
sirene/65/grossistes-en-poissons-crustaces-mollusques.json,3,0
sirene/65/grossistes-en-viandes.json,836,7
sirene/65/guides-offices-de-tourisme.json,2407,18
sirene/65/handicap-foyers-esat-ime.json,8168,49
sirene/65/hopitaux-cliniques-laboratoires.json,10438,75
sirene/65/horticulture-maraichage-agriculture.json,6869,67
sirene/65/hotels.json,30151,253
sirene/65/imprimerie-prepresse-reliure.json,1428,12
sirene/65/industrie-agroalimentaire.json,3960,33
sirene/65/interim-recrutement.json,10048,85
sirene/65/laboratoires-d-analyses-et-d-essais.json,374,3
sirene/65/laboratoires-de-recherche-scientifique.json,222,2
sirene/65/loisirs-animation.json,13138,99
sirene/65/magasins-specialises-bricolage-maison-sport-high-tech.json,32531,279
sirene/65/maintenance-d-equipements-ascenseurs.json,1628,13
sirene/65/mairies-administrations.json,60994,462
sirene/65/materiels-agricoles-engins-de-chantier.json,3582,32
sirene/65/menuiserie-agencement-serrurerie.json,9649,85
sirene/65/motos-scooters.json,1088,9
sirene/65/navigation-fluviale.json,3,0
sirene/65/navigation-maritime-plaisance-professionnelle.json,3,0
sirene/65/nettoyage-proprete.json,4472,40
sirene/65/objets-en-bois-liege-vannerie.json,122,1
sirene/65/optique-photonique-instruments-de-mesure.json,450,4
sirene/65/parcs-naturels-jardins-botaniques-et-zoologiques.json,898,7
sirene/65/parfumerie-cosmetiques.json,1785,15
sirene/65/paysagistes-espaces-verts.json,3833,34
sirene/65/peche-professionnelle.json,3,0
sirene/65/peinture-platre-carrelage-sols-isolation.json,9661,90
sirene/65/personnes-agees-ehpad-residences.json,5937,44
sirene/65/pharmacie-optique-protheses.json,18907,159
sirene/65/photographie.json,360,3
sirene/65/plastique-verre-materiaux.json,963,9
sirene/65/plomberie-chauffage-climatisation-froid.json,10052,86
sirene/65/poids-lourds-utilitaires.json,229,2
sirene/65/poste-courrier.json,1119,11
sirene/65/pressing-blanchisserie-retouches.json,1454,12
sirene/65/primeur-fromagerie-epicerie-fine-cave.json,2768,23
sirene/65/production-et-distribution-d-energie.json,5772,49
sirene/65/publicite-design-graphique.json,1196,10
sirene/65/remontees-mecaniques-telepheriques.json,1949,14
sirene/65/reparation-d-ordinateurs-et-de-telephones.json,406,3
sirene/65/reparation-de-machines-et-d-electronique.json,2555,22
sirene/65/reseaux-electriques-et-telecoms.json,547,4
sirene/65/restaurants.json,29551,263
sirene/65/restauration-collective-cantines-entreprises.json,2529,18
sirene/65/restauration-rapide.json,15937,142
sirene/65/scieries-preparation-du-bois.json,530,5
sirene/65/secretariat-accueil-centres-d-appels.json,6225,52
sirene/65/securite-privee-surveillance.json,1053,9
sirene/65/services-a-l-elevage-marechalerie.json,467,4
sirene/65/services-informatiques-reseaux.json,1565,15
sirene/65/spectacle-musees-bibliotheques.json,5431,44
sirene/65/superettes-alimentation-generale.json,5458,49
sirene/65/supermarches-grandes-surfaces.json,13069,114
sirene/65/tapisserie-decoration-textile.json,763,6
sirene/65/telecommunications.json,1064,10
sirene/65/traitement-des-dechets-dangereux.json,120,1
sirene/65/traiteurs.json,1365,11
sirene/65/transformation-de-poissons-crustaces-mollusques.json,373,3
sirene/65/transformation-de-viandes.json,2823,24
sirene/65/transport-de-marchandises-livraison.json,6335,56
sirene/65/transport-de-voyageurs.json,8288,69
sirene/65/travaux-agricoles-services-aux-cultures.json,1051,10
sirene/65/travaux-publics-routes-reseaux.json,6327,55
sirene/65/usinage-mecanique-outillage.json,2558,22
sirene/65/vetements-chaussures-accessoires.json,13579,122
sirene/65/veterinaires-soins-aux-animaux.json,4280,35
sirene/65/viticulture-vinification.json,444,4
sirene/66/activites-sportives-dont-ecuries-de-course.json,2297,19
sirene/66/aeronautique.json,920,7
sirene/66/agences-immobilieres-gestion-de-logements.json,53652,439
sirene/66/aide-a-domicile.json,16171,122
sirene/66/ambulances.json,7837,64
sirene/66/aquaculture-pisciculture-conchyliculture.json,356,3
sirene/66/architectes.json,4381,37
sirene/66/armurerie-fabrication-d-armes.json,3,0
sirene/66/associations-animation-solidarite.json,35357,260
sirene/66/audiovisuel-cinema-son.json,1585,15
sirene/66/autres-elevages-dont-animaux-de-compagnie-apiculture.json,456,4
sirene/66/banques-assurances.json,29687,222
sirene/66/bateaux-nautisme.json,3359,28
sirene/66/bijouterie-horlogerie.json,1235,11
sirene/66/boucherie-charcuterie-poissonnerie.json,12680,111
sirene/66/boulangerie-patisserie.json,21054,177
sirene/66/bureaux-d-etudes-economistes-de-la-construction.json,17193,145
sirene/66/cafes-bars.json,18146,158
sirene/66/ceramique-verre-d-art-instruments-de-musique.json,236,2
sirene/66/chaudronnerie-soudure-structures-metalliques.json,1640,15
sirene/66/chimie-pharmacie-cosmetiques-papier.json,1493,13
sirene/66/chocolaterie-confiserie-glaces.json,772,6
sirene/66/clubs-et-salles-de-sport.json,39903,311
sirene/66/coiffure.json,23204,199
sirene/66/commerce-de-gros-entre-entreprises.json,29185,248
sirene/66/comptabilite-conseil-gestion.json,49876,401
sirene/66/concessionnaires-vente-de-vehicules-et-pieces.json,24518,205
sirene/66/construction-de-navires.json,279,2
sirene/66/construction-maconnerie-gros-uvre.json,49073,426
sirene/66/couture-confection.json,734,6
sirene/66/creches-petite-enfance.json,12368,96
sirene/66/cuir-maroquinerie-cordonnerie.json,1810,14
sirene/66/cultures-specialisees-vergers-cultures-tropicales.json,10285,94
sirene/66/dechets-recyclage-assainissement.json,9309,68
sirene/66/demenagement.json,1761,15
sirene/66/eau-potable-captage-traitement-distribution.json,7256,54
sirene/66/ebenisterie-meubles-restauration-de-meubles.json,1065,9
sirene/66/ecoles-de-sport-equitation.json,3890,32
sirene/66/ecoles-maternelles-et-elementaires.json,33237,236
sirene/66/electricite-du-batiment.json,22539,194
sirene/66/electronique-materiel-electrique.json,1128,9
sirene/66/elements-prefabriques-en-beton.json,264,2
sirene/66/elevage-bovin-ovin-caprin-porcin-volailles.json,2919,26
sirene/66/elevage-de-chevaux-haras.json,474,4
sirene/66/enseignement-culturel-conservatoires.json,2770,23
sirene/66/enseignes-signaletique-marquage.json,670,5
sirene/66/entrepots-logistique.json,10916,87
sirene/66/esthetique-soins-de-beaute.json,9315,81
sirene/66/fabrication-de-monnaies-medailles.json,3,0
sirene/66/fleuristes-jardineries.json,7605,64
sirene/66/fleurs-artificielles-parures-de-mode.json,3,0
sirene/66/fonderies.json,3,0
sirene/66/forets-travaux-forestiers.json,609,5
sirene/66/froid-industriel-installation-de-machines.json,1715,15
sirene/66/garages-carrosseries-voitures.json,39022,331
sirene/66/geometres-experts-topographie.json,2623,20
sirene/66/grossistes-en-fruits-et-legumes.json,22463,183
sirene/66/grossistes-en-poissons-crustaces-mollusques.json,435,3
sirene/66/grossistes-en-viandes.json,606,5
sirene/66/guides-offices-de-tourisme.json,4918,33
sirene/66/handicap-foyers-esat-ime.json,8461,57
sirene/66/hopitaux-cliniques-laboratoires.json,18166,123
sirene/66/horticulture-maraichage-agriculture.json,11809,105
sirene/66/hotels.json,31924,260
sirene/66/imprimerie-prepresse-reliure.json,3162,27
sirene/66/industrie-agroalimentaire.json,2660,22
sirene/66/interim-recrutement.json,17759,138
sirene/66/laboratoires-d-analyses-et-d-essais.json,695,5
sirene/66/laboratoires-de-recherche-scientifique.json,2052,17
sirene/66/loisirs-animation.json,37337,279
sirene/66/magasins-specialises-bricolage-maison-sport-high-tech.json,56855,475
sirene/66/maintenance-d-equipements-ascenseurs.json,2048,18
sirene/66/mairies-administrations.json,61590,422
sirene/66/materiels-agricoles-engins-de-chantier.json,4193,37
sirene/66/menuiserie-agencement-serrurerie.json,27512,240
sirene/66/motos-scooters.json,2178,19
sirene/66/navigation-fluviale.json,3,0
sirene/66/navigation-maritime-plaisance-professionnelle.json,552,4
sirene/66/nettoyage-proprete.json,13834,119
sirene/66/objets-en-bois-liege-vannerie.json,852,8
sirene/66/optique-photonique-instruments-de-mesure.json,209,2
sirene/66/parcs-naturels-jardins-botaniques-et-zoologiques.json,659,5
sirene/66/parfumerie-cosmetiques.json,2478,20
sirene/66/paysagistes-espaces-verts.json,7150,60
sirene/66/peche-professionnelle.json,319,3
sirene/66/peinture-platre-carrelage-sols-isolation.json,23838,212
sirene/66/personnes-agees-ehpad-residences.json,9622,71
sirene/66/pharmacie-optique-protheses.json,43274,352
sirene/66/photographie.json,1014,9
sirene/66/plastique-verre-materiaux.json,1327,12
sirene/66/plomberie-chauffage-climatisation-froid.json,28168,245
sirene/66/poids-lourds-utilitaires.json,2029,16
sirene/66/poste-courrier.json,99,1
sirene/66/pressing-blanchisserie-retouches.json,5017,43
sirene/66/primeur-fromagerie-epicerie-fine-cave.json,11246,97
sirene/66/production-et-distribution-d-energie.json,7366,64
sirene/66/publicite-design-graphique.json,7998,68
sirene/66/remontees-mecaniques-telepheriques.json,823,6
sirene/66/reparation-d-ordinateurs-et-de-telephones.json,2166,18
sirene/66/reparation-de-machines-et-d-electronique.json,3977,34
sirene/66/reseaux-electriques-et-telecoms.json,1819,14
sirene/66/restaurants.json,77749,669
sirene/66/restauration-collective-cantines-entreprises.json,9684,69
sirene/66/restauration-rapide.json,49891,439
sirene/66/scieries-preparation-du-bois.json,825,7
sirene/66/secretariat-accueil-centres-d-appels.json,15821,132
sirene/66/securite-privee-surveillance.json,3826,31
sirene/66/services-a-l-elevage-marechalerie.json,123,1
sirene/66/services-informatiques-reseaux.json,7156,65
sirene/66/spectacle-musees-bibliotheques.json,11051,94
sirene/66/superettes-alimentation-generale.json,6750,59
sirene/66/supermarches-grandes-surfaces.json,30608,269
sirene/66/tapisserie-decoration-textile.json,1455,12
sirene/66/telecommunications.json,2760,24
sirene/66/traitement-des-dechets-dangereux.json,126,1
sirene/66/traiteurs.json,4388,37
sirene/66/transformation-de-poissons-crustaces-mollusques.json,676,5
sirene/66/transformation-de-viandes.json,1431,12
sirene/66/transport-de-marchandises-livraison.json,21407,181
sirene/66/transport-de-voyageurs.json,9480,78
sirene/66/travaux-agricoles-services-aux-cultures.json,2115,19
sirene/66/travaux-publics-routes-reseaux.json,11448,98
sirene/66/usinage-mecanique-outillage.json,1781,16
sirene/66/vetements-chaussures-accessoires.json,29045,245
sirene/66/veterinaires-soins-aux-animaux.json,7219,59
sirene/66/viticulture-vinification.json,26060,229
sirene/67/activites-sportives-dont-ecuries-de-course.json,5238,42
sirene/67/aeronautique.json,492,4
sirene/67/agences-immobilieres-gestion-de-logements.json,73565,619
sirene/67/aide-a-domicile.json,18464,153
sirene/67/ambulances.json,9143,74
sirene/67/aquaculture-pisciculture-conchyliculture.json,366,3
sirene/67/architectes.json,23245,203
sirene/67/armurerie-fabrication-d-armes.json,3,0
sirene/67/associations-animation-solidarite.json,91272,704
sirene/67/audiovisuel-cinema-son.json,8277,74
sirene/67/autres-elevages-dont-animaux-de-compagnie-apiculture.json,692,6
sirene/67/banques-assurances.json,63582,501
sirene/67/bateaux-nautisme.json,209,2
sirene/67/bijouterie-horlogerie.json,1941,17
sirene/67/boucherie-charcuterie-poissonnerie.json,18911,163
sirene/67/boulangerie-patisserie.json,77571,676
sirene/67/bureaux-d-etudes-economistes-de-la-construction.json,62715,565
sirene/67/cafes-bars.json,21552,197
sirene/67/ceramique-verre-d-art-instruments-de-musique.json,2321,20
sirene/67/chaudronnerie-soudure-structures-metalliques.json,7422,65
sirene/67/chimie-pharmacie-cosmetiques-papier.json,10112,85
sirene/67/chocolaterie-confiserie-glaces.json,4667,40
sirene/67/clubs-et-salles-de-sport.json,31638,264
sirene/67/coiffure.json,70131,636
sirene/67/commerce-de-gros-entre-entreprises.json,98725,883
sirene/67/comptabilite-conseil-gestion.json,149530,1299
sirene/67/concessionnaires-vente-de-vehicules-et-pieces.json,60052,533
sirene/67/construction-de-navires.json,3,0
sirene/67/construction-maconnerie-gros-uvre.json,89187,810
sirene/67/couture-confection.json,2140,19
sirene/67/creches-petite-enfance.json,74222,602
sirene/67/cuir-maroquinerie-cordonnerie.json,3143,27
sirene/67/cultures-specialisees-vergers-cultures-tropicales.json,2748,25
sirene/67/dechets-recyclage-assainissement.json,30067,233
sirene/67/demenagement.json,1813,16
sirene/67/eau-potable-captage-traitement-distribution.json,5365,38
sirene/67/ebenisterie-meubles-restauration-de-meubles.json,8428,76
sirene/67/ecoles-de-sport-equitation.json,34169,271
sirene/67/ecoles-maternelles-et-elementaires.json,115300,842
sirene/67/electricite-du-batiment.json,50661,464
sirene/67/electronique-materiel-electrique.json,6520,58
sirene/67/elements-prefabriques-en-beton.json,3204,27
sirene/67/elevage-bovin-ovin-caprin-porcin-volailles.json,19360,181
sirene/67/elevage-de-chevaux-haras.json,1206,11
sirene/67/enseignement-culturel-conservatoires.json,6470,52
sirene/67/enseignes-signaletique-marquage.json,2262,19
sirene/67/entrepots-logistique.json,23581,207
sirene/67/esthetique-soins-de-beaute.json,25234,227
sirene/67/fabrication-de-monnaies-medailles.json,3,0
sirene/67/fleuristes-jardineries.json,14952,135
sirene/67/fleurs-artificielles-parures-de-mode.json,99,1
sirene/67/fonderies.json,485,4
sirene/67/forets-travaux-forestiers.json,13509,109
sirene/67/froid-industriel-installation-de-machines.json,3613,33
sirene/67/garages-carrosseries-voitures.json,62560,560
sirene/67/geometres-experts-topographie.json,3295,26
sirene/67/grossistes-en-fruits-et-legumes.json,3517,30
sirene/67/grossistes-en-poissons-crustaces-mollusques.json,209,2
sirene/67/grossistes-en-viandes.json,1248,11
sirene/67/guides-offices-de-tourisme.json,4245,29
sirene/67/handicap-foyers-esat-ime.json,19929,141
sirene/67/hopitaux-cliniques-laboratoires.json,42939,305
sirene/67/horticulture-maraichage-agriculture.json,49094,463
sirene/67/hotels.json,48488,418
sirene/67/imprimerie-prepresse-reliure.json,9879,88
sirene/67/industrie-agroalimentaire.json,10687,92
sirene/67/interim-recrutement.json,28609,257
sirene/67/laboratoires-d-analyses-et-d-essais.json,4212,33
sirene/67/laboratoires-de-recherche-scientifique.json,14101,116
sirene/67/loisirs-animation.json,56026,447
sirene/67/magasins-specialises-bricolage-maison-sport-high-tech.json,99681,870
sirene/67/maintenance-d-equipements-ascenseurs.json,9174,80
sirene/67/mairies-administrations.json,132286,968
sirene/67/materiels-agricoles-engins-de-chantier.json,16352,146
sirene/67/menuiserie-agencement-serrurerie.json,68111,611
sirene/67/motos-scooters.json,4681,42
sirene/67/navigation-fluviale.json,754,7
sirene/67/navigation-maritime-plaisance-professionnelle.json,326,3
sirene/67/nettoyage-proprete.json,42164,383
sirene/67/objets-en-bois-liege-vannerie.json,1068,8
sirene/67/optique-photonique-instruments-de-mesure.json,2833,26
sirene/67/parcs-naturels-jardins-botaniques-et-zoologiques.json,1175,8
sirene/67/parfumerie-cosmetiques.json,8392,70
sirene/67/paysagistes-espaces-verts.json,27551,246
sirene/67/peche-professionnelle.json,3,0
sirene/67/peinture-platre-carrelage-sols-isolation.json,96777,906
sirene/67/personnes-agees-ehpad-residences.json,22059,155
sirene/67/pharmacie-optique-protheses.json,85326,729
sirene/67/photographie.json,3422,30
sirene/67/plastique-verre-materiaux.json,5995,53
sirene/67/plomberie-chauffage-climatisation-froid.json,62352,561
sirene/67/poids-lourds-utilitaires.json,1591,14
sirene/67/poste-courrier.json,402,4
sirene/67/pressing-blanchisserie-retouches.json,10809,97
sirene/67/primeur-fromagerie-epicerie-fine-cave.json,12254,109
sirene/67/production-et-distribution-d-energie.json,9218,80
sirene/67/publicite-design-graphique.json,19824,184
sirene/67/remontees-mecaniques-telepheriques.json,148,1
sirene/67/reparation-d-ordinateurs-et-de-telephones.json,4769,44
sirene/67/reparation-de-machines-et-d-electronique.json,12795,114
sirene/67/reseaux-electriques-et-telecoms.json,1887,16
sirene/67/restaurants.json,171533,1559
sirene/67/restauration-collective-cantines-entreprises.json,11343,82
sirene/67/restauration-rapide.json,94038,863
sirene/67/scieries-preparation-du-bois.json,2991,26
sirene/67/secretariat-accueil-centres-d-appels.json,35626,303
sirene/67/securite-privee-surveillance.json,10659,92
sirene/67/services-a-l-elevage-marechalerie.json,1077,9
sirene/67/services-informatiques-reseaux.json,35721,320
sirene/67/spectacle-musees-bibliotheques.json,30811,258
sirene/67/superettes-alimentation-generale.json,16027,137
sirene/67/supermarches-grandes-surfaces.json,42792,386
sirene/67/tapisserie-decoration-textile.json,3680,30
sirene/67/telecommunications.json,8322,73
sirene/67/traitement-des-dechets-dangereux.json,460,4
sirene/67/traiteurs.json,7972,73
sirene/67/transformation-de-poissons-crustaces-mollusques.json,525,5
sirene/67/transformation-de-viandes.json,3022,27
sirene/67/transport-de-marchandises-livraison.json,56826,515
sirene/67/transport-de-voyageurs.json,21888,190
sirene/67/travaux-agricoles-services-aux-cultures.json,6397,59
sirene/67/travaux-publics-routes-reseaux.json,19621,178
sirene/67/usinage-mecanique-outillage.json,13767,122
sirene/67/vetements-chaussures-accessoires.json,70749,619
sirene/67/veterinaires-soins-aux-animaux.json,18664,156
sirene/67/viticulture-vinification.json,34924,317
sirene/68/activites-sportives-dont-ecuries-de-course.json,1750,15
sirene/68/aeronautique.json,107,1
sirene/68/agences-immobilieres-gestion-de-logements.json,35386,318
sirene/68/aide-a-domicile.json,10458,84
sirene/68/ambulances.json,2840,21
sirene/68/aquaculture-pisciculture-conchyliculture.json,438,4
sirene/68/architectes.json,9451,81
sirene/68/armurerie-fabrication-d-armes.json,3,0
sirene/68/associations-animation-solidarite.json,54781,431
sirene/68/audiovisuel-cinema-son.json,1641,15
sirene/68/autres-elevages-dont-animaux-de-compagnie-apiculture.json,343,3
sirene/68/banques-assurances.json,42544,335
sirene/68/bateaux-nautisme.json,3,0
sirene/68/bijouterie-horlogerie.json,483,4
sirene/68/boucherie-charcuterie-poissonnerie.json,15759,136
sirene/68/boulangerie-patisserie.json,43169,376
sirene/68/bureaux-d-etudes-economistes-de-la-construction.json,36209,323
sirene/68/cafes-bars.json,15869,152
sirene/68/ceramique-verre-d-art-instruments-de-musique.json,860,7
sirene/68/chaudronnerie-soudure-structures-metalliques.json,4275,38
sirene/68/chimie-pharmacie-cosmetiques-papier.json,6009,54
sirene/68/chocolaterie-confiserie-glaces.json,2449,21
sirene/68/clubs-et-salles-de-sport.json,24270,199
sirene/68/coiffure.json,45236,406
sirene/68/commerce-de-gros-entre-entreprises.json,51621,470
sirene/68/comptabilite-conseil-gestion.json,68870,606
sirene/68/concessionnaires-vente-de-vehicules-et-pieces.json,33742,302
sirene/68/construction-de-navires.json,3,0
sirene/68/construction-maconnerie-gros-uvre.json,59069,541
sirene/68/couture-confection.json,925,9
sirene/68/creches-petite-enfance.json,29801,227
sirene/68/cuir-maroquinerie-cordonnerie.json,571,5
sirene/68/cultures-specialisees-vergers-cultures-tropicales.json,709,6
sirene/68/dechets-recyclage-assainissement.json,21388,166
sirene/68/demenagement.json,1174,10
sirene/68/eau-potable-captage-traitement-distribution.json,14056,102
sirene/68/ebenisterie-meubles-restauration-de-meubles.json,3964,35
sirene/68/ecoles-de-sport-equitation.json,22406,182
sirene/68/ecoles-maternelles-et-elementaires.json,87280,621
sirene/68/electricite-du-batiment.json,27896,251
sirene/68/electronique-materiel-electrique.json,4226,35
sirene/68/elements-prefabriques-en-beton.json,1200,11
sirene/68/elevage-bovin-ovin-caprin-porcin-volailles.json,12788,119
sirene/68/elevage-de-chevaux-haras.json,1570,14
sirene/68/enseignement-culturel-conservatoires.json,5625,44
sirene/68/enseignes-signaletique-marquage.json,1436,12
sirene/68/entrepots-logistique.json,17526,151
sirene/68/esthetique-soins-de-beaute.json,17401,161
sirene/68/fabrication-de-monnaies-medailles.json,3,0
sirene/68/fleuristes-jardineries.json,12459,113
sirene/68/fleurs-artificielles-parures-de-mode.json,107,1
sirene/68/fonderies.json,113,1
sirene/68/forets-travaux-forestiers.json,19587,155
sirene/68/froid-industriel-installation-de-machines.json,2129,19
sirene/68/garages-carrosseries-voitures.json,47202,425
sirene/68/geometres-experts-topographie.json,2815,24
sirene/68/grossistes-en-fruits-et-legumes.json,670,6
sirene/68/grossistes-en-poissons-crustaces-mollusques.json,223,2
sirene/68/grossistes-en-viandes.json,1019,9
sirene/68/guides-offices-de-tourisme.json,2463,18
sirene/68/handicap-foyers-esat-ime.json,14523,106
sirene/68/hopitaux-cliniques-laboratoires.json,22307,156
sirene/68/horticulture-maraichage-agriculture.json,34787,327
sirene/68/hotels.json,38479,338
sirene/68/imprimerie-prepresse-reliure.json,5798,52
sirene/68/industrie-agroalimentaire.json,7027,57
sirene/68/interim-recrutement.json,17583,154
sirene/68/laboratoires-d-analyses-et-d-essais.json,1573,12
sirene/68/laboratoires-de-recherche-scientifique.json,3359,28
sirene/68/loisirs-animation.json,33562,269
sirene/68/magasins-specialises-bricolage-maison-sport-high-tech.json,66751,593
sirene/68/maintenance-d-equipements-ascenseurs.json,4695,40
sirene/68/mairies-administrations.json,102607,742
sirene/68/materiels-agricoles-engins-de-chantier.json,10324,92
sirene/68/menuiserie-agencement-serrurerie.json,38378,339
sirene/68/motos-scooters.json,4206,38
sirene/68/navigation-fluviale.json,197,2
sirene/68/navigation-maritime-plaisance-professionnelle.json,3,0
sirene/68/nettoyage-proprete.json,21408,194
sirene/68/objets-en-bois-liege-vannerie.json,328,3
sirene/68/optique-photonique-instruments-de-mesure.json,421,4
sirene/68/parcs-naturels-jardins-botaniques-et-zoologiques.json,506,4
sirene/68/parfumerie-cosmetiques.json,4488,38
sirene/68/paysagistes-espaces-verts.json,21251,193
sirene/68/peche-professionnelle.json,3,0
sirene/68/peinture-platre-carrelage-sols-isolation.json,43619,402
sirene/68/personnes-agees-ehpad-residences.json,15491,115
sirene/68/pharmacie-optique-protheses.json,49487,436
sirene/68/photographie.json,1663,15
sirene/68/plastique-verre-materiaux.json,4465,39
sirene/68/plomberie-chauffage-climatisation-froid.json,38153,342
sirene/68/poids-lourds-utilitaires.json,1769,15
sirene/68/poste-courrier.json,478,5
sirene/68/pressing-blanchisserie-retouches.json,4417,40
sirene/68/primeur-fromagerie-epicerie-fine-cave.json,9886,87
sirene/68/production-et-distribution-d-energie.json,4762,42
sirene/68/publicite-design-graphique.json,8006,74
sirene/68/remontees-mecaniques-telepheriques.json,632,5
sirene/68/reparation-d-ordinateurs-et-de-telephones.json,2095,19
sirene/68/reparation-de-machines-et-d-electronique.json,9815,87
sirene/68/reseaux-electriques-et-telecoms.json,864,8
sirene/68/restaurants.json,100659,916
sirene/68/restauration-collective-cantines-entreprises.json,6247,49
sirene/68/restauration-rapide.json,51195,479
sirene/68/scieries-preparation-du-bois.json,1369,12
sirene/68/secretariat-accueil-centres-d-appels.json,18160,158
sirene/68/securite-privee-surveillance.json,4050,35
sirene/68/services-a-l-elevage-marechalerie.json,432,4
sirene/68/services-informatiques-reseaux.json,8652,82
sirene/68/spectacle-musees-bibliotheques.json,11875,97
sirene/68/superettes-alimentation-generale.json,13998,125
sirene/68/supermarches-grandes-surfaces.json,30667,280
sirene/68/tapisserie-decoration-textile.json,2266,20
sirene/68/telecommunications.json,4017,34
sirene/68/traitement-des-dechets-dangereux.json,419,4
sirene/68/traiteurs.json,6433,58
sirene/68/transformation-de-poissons-crustaces-mollusques.json,3,0
sirene/68/transformation-de-viandes.json,1475,13
sirene/68/transport-de-marchandises-livraison.json,22041,193
sirene/68/transport-de-voyageurs.json,11887,103
sirene/68/travaux-agricoles-services-aux-cultures.json,2623,23
sirene/68/travaux-publics-routes-reseaux.json,23167,213
sirene/68/usinage-mecanique-outillage.json,10676,92
sirene/68/vetements-chaussures-accessoires.json,47421,427
sirene/68/veterinaires-soins-aux-animaux.json,11982,104
sirene/68/viticulture-vinification.json,41490,364
sirene/69/activites-sportives-dont-ecuries-de-course.json,8673,72
sirene/69/aeronautique.json,1881,15
sirene/69/agences-immobilieres-gestion-de-logements.json,146376,1243
sirene/69/aide-a-domicile.json,43351,351
sirene/69/ambulances.json,18062,154
sirene/69/aquaculture-pisciculture-conchyliculture.json,331,3
sirene/69/architectes.json,49445,441
sirene/69/armurerie-fabrication-d-armes.json,3,0
sirene/69/associations-animation-solidarite.json,138159,1103
sirene/69/audiovisuel-cinema-son.json,27718,261
sirene/69/autres-elevages-dont-animaux-de-compagnie-apiculture.json,1511,12
sirene/69/banques-assurances.json,89070,741
sirene/69/bateaux-nautisme.json,613,5
sirene/69/bijouterie-horlogerie.json,13563,125
sirene/69/boucherie-charcuterie-poissonnerie.json,38912,334
sirene/69/boulangerie-patisserie.json,100807,883
sirene/69/bureaux-d-etudes-economistes-de-la-construction.json,221452,1965
sirene/69/cafes-bars.json,61402,569
sirene/69/ceramique-verre-d-art-instruments-de-musique.json,1810,16
sirene/69/chaudronnerie-soudure-structures-metalliques.json,22216,190
sirene/69/chimie-pharmacie-cosmetiques-papier.json,22175,191
sirene/69/chocolaterie-confiserie-glaces.json,5667,50
sirene/69/clubs-et-salles-de-sport.json,123434,976
sirene/69/coiffure.json,101550,932
sirene/69/commerce-de-gros-entre-entreprises.json,196232,1686
sirene/69/comptabilite-conseil-gestion.json,460738,4153
sirene/69/concessionnaires-vente-de-vehicules-et-pieces.json,85018,732
sirene/69/construction-de-navires.json,113,1
sirene/69/construction-maconnerie-gros-uvre.json,138127,1223
sirene/69/couture-confection.json,9057,82
sirene/69/creches-petite-enfance.json,94846,734
sirene/69/cuir-maroquinerie-cordonnerie.json,5036,43
sirene/69/cultures-specialisees-vergers-cultures-tropicales.json,4668,41
sirene/69/dechets-recyclage-assainissement.json,43014,350
sirene/69/demenagement.json,7123,58
sirene/69/eau-potable-captage-traitement-distribution.json,6686,48
sirene/69/ebenisterie-meubles-restauration-de-meubles.json,11681,102
sirene/69/ecoles-de-sport-equitation.json,11712,103
sirene/69/ecoles-maternelles-et-elementaires.json,123163,848
sirene/69/electricite-du-batiment.json,100107,887
sirene/69/electronique-materiel-electrique.json,14669,121
sirene/69/elements-prefabriques-en-beton.json,1420,12
sirene/69/elevage-bovin-ovin-caprin-porcin-volailles.json,16667,145
sirene/69/elevage-de-chevaux-haras.json,1406,12
sirene/69/enseignement-culturel-conservatoires.json,15905,135
sirene/69/enseignes-signaletique-marquage.json,2535,22
sirene/69/entrepots-logistique.json,66833,551
sirene/69/esthetique-soins-de-beaute.json,45494,418
sirene/69/fabrication-de-monnaies-medailles.json,3,0
sirene/69/fleuristes-jardineries.json,24727,217
sirene/69/fleurs-artificielles-parures-de-mode.json,105,1
sirene/69/fonderies.json,1553,13
sirene/69/forets-travaux-forestiers.json,3875,33
sirene/69/froid-industriel-installation-de-machines.json,10079,83
sirene/69/garages-carrosseries-voitures.json,112136,975
sirene/69/geometres-experts-topographie.json,6621,55
sirene/69/grossistes-en-fruits-et-legumes.json,9529,80
sirene/69/grossistes-en-poissons-crustaces-mollusques.json,725,7
sirene/69/grossistes-en-viandes.json,3143,28
sirene/69/guides-offices-de-tourisme.json,3816,32
sirene/69/handicap-foyers-esat-ime.json,38207,260
sirene/69/hopitaux-cliniques-laboratoires.json,49746,365
sirene/69/horticulture-maraichage-agriculture.json,19459,169
sirene/69/hotels.json,59522,505
sirene/69/imprimerie-prepresse-reliure.json,15543,135
sirene/69/industrie-agroalimentaire.json,9402,81
sirene/69/interim-recrutement.json,104342,937
sirene/69/laboratoires-d-analyses-et-d-essais.json,4793,33
sirene/69/laboratoires-de-recherche-scientifique.json,30908,256
sirene/69/loisirs-animation.json,98352,789
sirene/69/magasins-specialises-bricolage-maison-sport-high-tech.json,179851,1577
sirene/69/maintenance-d-equipements-ascenseurs.json,19385,163
sirene/69/mairies-administrations.json,101042,687
sirene/69/materiels-agricoles-engins-de-chantier.json,22383,193
sirene/69/menuiserie-agencement-serrurerie.json,104119,892
sirene/69/motos-scooters.json,8987,79
sirene/69/navigation-fluviale.json,2002,17
sirene/69/navigation-maritime-plaisance-professionnelle.json,452,4
sirene/69/nettoyage-proprete.json,93189,824
sirene/69/objets-en-bois-liege-vannerie.json,1455,13
sirene/69/optique-photonique-instruments-de-mesure.json,5446,45
sirene/69/parcs-naturels-jardins-botaniques-et-zoologiques.json,262,2
sirene/69/parfumerie-cosmetiques.json,17711,149
sirene/69/paysagistes-espaces-verts.json,46261,398
sirene/69/peche-professionnelle.json,3,0
sirene/69/peinture-platre-carrelage-sols-isolation.json,159276,1444
sirene/69/personnes-agees-ehpad-residences.json,40161,290
sirene/69/pharmacie-optique-protheses.json,147573,1241
sirene/69/photographie.json,5879,53
sirene/69/plastique-verre-materiaux.json,14386,119
sirene/69/plomberie-chauffage-climatisation-froid.json,116412,999
sirene/69/poids-lourds-utilitaires.json,3731,32
sirene/69/poste-courrier.json,799,8
sirene/69/pressing-blanchisserie-retouches.json,21817,199
sirene/69/primeur-fromagerie-epicerie-fine-cave.json,32535,285
sirene/69/production-et-distribution-d-energie.json,11294,98
sirene/69/publicite-design-graphique.json,57219,524
sirene/69/remontees-mecaniques-telepheriques.json,3,0
sirene/69/reparation-d-ordinateurs-et-de-telephones.json,8157,71
sirene/69/reparation-de-machines-et-d-electronique.json,28905,246
sirene/69/reseaux-electriques-et-telecoms.json,4870,42
sirene/69/restaurants.json,248386,2274
sirene/69/restauration-collective-cantines-entreprises.json,27275,216
sirene/69/restauration-rapide.json,184378,1699
sirene/69/scieries-preparation-du-bois.json,2775,24
sirene/69/secretariat-accueil-centres-d-appels.json,84575,747
sirene/69/securite-privee-surveillance.json,29321,243
sirene/69/services-a-l-elevage-marechalerie.json,1210,11
sirene/69/services-informatiques-reseaux.json,96097,895
sirene/69/spectacle-musees-bibliotheques.json,70689,627
sirene/69/superettes-alimentation-generale.json,33746,292
sirene/69/supermarches-grandes-surfaces.json,92369,835
sirene/69/tapisserie-decoration-textile.json,7975,68
sirene/69/telecommunications.json,12873,109
sirene/69/traitement-des-dechets-dangereux.json,2069,18
sirene/69/traiteurs.json,17506,156
sirene/69/transformation-de-poissons-crustaces-mollusques.json,756,6
sirene/69/transformation-de-viandes.json,3422,29
sirene/69/transport-de-marchandises-livraison.json,128003,1129
sirene/69/transport-de-voyageurs.json,28161,252
sirene/69/travaux-agricoles-services-aux-cultures.json,3724,33
sirene/69/travaux-publics-routes-reseaux.json,37149,313
sirene/69/usinage-mecanique-outillage.json,28927,246
sirene/69/vetements-chaussures-accessoires.json,115034,1027
sirene/69/veterinaires-soins-aux-animaux.json,31063,268
sirene/69/viticulture-vinification.json,29732,257
sirene/70/activites-sportives-dont-ecuries-de-course.json,1041,7
sirene/70/aeronautique.json,208,2
sirene/70/agences-immobilieres-gestion-de-logements.json,5794,48
sirene/70/aide-a-domicile.json,11930,93
sirene/70/ambulances.json,2398,20
sirene/70/aquaculture-pisciculture-conchyliculture.json,123,1
sirene/70/architectes.json,2691,22
sirene/70/armurerie-fabrication-d-armes.json,3,0
sirene/70/associations-animation-solidarite.json,23878,169
sirene/70/audiovisuel-cinema-son.json,570,5
sirene/70/autres-elevages-dont-animaux-de-compagnie-apiculture.json,390,3
sirene/70/banques-assurances.json,12011,96
sirene/70/bateaux-nautisme.json,3,0
sirene/70/bijouterie-horlogerie.json,242,2
sirene/70/boucherie-charcuterie-poissonnerie.json,3765,33
sirene/70/boulangerie-patisserie.json,15983,139
sirene/70/bureaux-d-etudes-economistes-de-la-construction.json,6959,61
sirene/70/cafes-bars.json,3163,28
sirene/70/ceramique-verre-d-art-instruments-de-musique.json,212,2
sirene/70/chaudronnerie-soudure-structures-metalliques.json,2262,20
sirene/70/chimie-pharmacie-cosmetiques-papier.json,1112,10
sirene/70/chocolaterie-confiserie-glaces.json,542,4
sirene/70/clubs-et-salles-de-sport.json,10409,82
sirene/70/coiffure.json,7812,70
sirene/70/commerce-de-gros-entre-entreprises.json,8357,74
sirene/70/comptabilite-conseil-gestion.json,16076,127
sirene/70/concessionnaires-vente-de-vehicules-et-pieces.json,11417,96
sirene/70/construction-de-navires.json,3,0
sirene/70/construction-maconnerie-gros-uvre.json,18963,174
sirene/70/couture-confection.json,250,2
sirene/70/creches-petite-enfance.json,3831,27
sirene/70/cuir-maroquinerie-cordonnerie.json,486,4
sirene/70/cultures-specialisees-vergers-cultures-tropicales.json,353,3
sirene/70/dechets-recyclage-assainissement.json,23198,167
sirene/70/demenagement.json,487,4
sirene/70/eau-potable-captage-traitement-distribution.json,14339,106
sirene/70/ebenisterie-meubles-restauration-de-meubles.json,1615,14
sirene/70/ecoles-de-sport-equitation.json,1167,9
sirene/70/ecoles-maternelles-et-elementaires.json,32418,238
sirene/70/electricite-du-batiment.json,6428,57
sirene/70/electronique-materiel-electrique.json,325,3
sirene/70/elements-prefabriques-en-beton.json,472,4
sirene/70/elevage-bovin-ovin-caprin-porcin-volailles.json,15744,143
sirene/70/elevage-de-chevaux-haras.json,643,6
sirene/70/enseignement-culturel-conservatoires.json,756,6
sirene/70/enseignes-signaletique-marquage.json,368,3
sirene/70/entrepots-logistique.json,1964,17
sirene/70/esthetique-soins-de-beaute.json,2587,23
sirene/70/fabrication-de-monnaies-medailles.json,3,0
sirene/70/fleuristes-jardineries.json,5613,49
sirene/70/fleurs-artificielles-parures-de-mode.json,3,0
sirene/70/fonderies.json,978,8
sirene/70/forets-travaux-forestiers.json,9703,82
sirene/70/froid-industriel-installation-de-machines.json,1334,11
sirene/70/garages-carrosseries-voitures.json,16590,144
sirene/70/geometres-experts-topographie.json,570,5
sirene/70/grossistes-en-fruits-et-legumes.json,116,1
sirene/70/grossistes-en-poissons-crustaces-mollusques.json,3,0
sirene/70/grossistes-en-viandes.json,322,3
sirene/70/guides-offices-de-tourisme.json,1688,12
sirene/70/handicap-foyers-esat-ime.json,6785,42
sirene/70/hopitaux-cliniques-laboratoires.json,6979,44
sirene/70/horticulture-maraichage-agriculture.json,23206,212
sirene/70/hotels.json,5586,48
sirene/70/imprimerie-prepresse-reliure.json,1619,15
sirene/70/industrie-agroalimentaire.json,1923,16
sirene/70/interim-recrutement.json,4660,38
sirene/70/laboratoires-d-analyses-et-d-essais.json,536,4
sirene/70/laboratoires-de-recherche-scientifique.json,440,4
sirene/70/loisirs-animation.json,15713,109
sirene/70/magasins-specialises-bricolage-maison-sport-high-tech.json,19568,170
sirene/70/maintenance-d-equipements-ascenseurs.json,735,6
sirene/70/mairies-administrations.json,84199,644
sirene/70/materiels-agricoles-engins-de-chantier.json,6504,55
sirene/70/menuiserie-agencement-serrurerie.json,12574,112
sirene/70/motos-scooters.json,1306,12
sirene/70/navigation-fluviale.json,3,0
sirene/70/navigation-maritime-plaisance-professionnelle.json,3,0
sirene/70/nettoyage-proprete.json,2116,19
sirene/70/objets-en-bois-liege-vannerie.json,109,1
sirene/70/optique-photonique-instruments-de-mesure.json,352,3
sirene/70/parcs-naturels-jardins-botaniques-et-zoologiques.json,3,0
sirene/70/parfumerie-cosmetiques.json,1465,13
sirene/70/paysagistes-espaces-verts.json,4606,41
sirene/70/peche-professionnelle.json,3,0
sirene/70/peinture-platre-carrelage-sols-isolation.json,8644,77
sirene/70/personnes-agees-ehpad-residences.json,5589,40
sirene/70/pharmacie-optique-protheses.json,17279,143
sirene/70/photographie.json,317,3
sirene/70/plastique-verre-materiaux.json,1331,12
sirene/70/plomberie-chauffage-climatisation-froid.json,11358,96
sirene/70/poids-lourds-utilitaires.json,1091,8
sirene/70/poste-courrier.json,687,7
sirene/70/pressing-blanchisserie-retouches.json,778,7
sirene/70/primeur-fromagerie-epicerie-fine-cave.json,1777,16
sirene/70/production-et-distribution-d-energie.json,2704,24
sirene/70/publicite-design-graphique.json,1384,12
sirene/70/remontees-mecaniques-telepheriques.json,3,0
sirene/70/reparation-d-ordinateurs-et-de-telephones.json,365,3
sirene/70/reparation-de-machines-et-d-electronique.json,3153,28
sirene/70/reseaux-electriques-et-telecoms.json,294,3
sirene/70/restaurants.json,11693,104
sirene/70/restauration-collective-cantines-entreprises.json,1098,9
sirene/70/restauration-rapide.json,7187,68
sirene/70/scieries-preparation-du-bois.json,3367,29
sirene/70/secretariat-accueil-centres-d-appels.json,2685,22
sirene/70/securite-privee-surveillance.json,338,3
sirene/70/services-a-l-elevage-marechalerie.json,204,2
sirene/70/services-informatiques-reseaux.json,569,5
sirene/70/spectacle-musees-bibliotheques.json,2224,18
sirene/70/superettes-alimentation-generale.json,2263,19
sirene/70/supermarches-grandes-surfaces.json,7477,68
sirene/70/tapisserie-decoration-textile.json,352,3
sirene/70/telecommunications.json,329,3
sirene/70/traitement-des-dechets-dangereux.json,112,1
sirene/70/traiteurs.json,985,8
sirene/70/transformation-de-poissons-crustaces-mollusques.json,101,1
sirene/70/transformation-de-viandes.json,1412,11
sirene/70/transport-de-marchandises-livraison.json,10583,90
sirene/70/transport-de-voyageurs.json,4091,36
sirene/70/travaux-agricoles-services-aux-cultures.json,2763,25
sirene/70/travaux-publics-routes-reseaux.json,8250,72
sirene/70/usinage-mecanique-outillage.json,5342,45
sirene/70/vetements-chaussures-accessoires.json,7555,67
sirene/70/veterinaires-soins-aux-animaux.json,3269,27
sirene/70/viticulture-vinification.json,225,2
sirene/71/activites-sportives-dont-ecuries-de-course.json,1929,16
sirene/71/aeronautique.json,130,1
sirene/71/agences-immobilieres-gestion-de-logements.json,22269,179
sirene/71/aide-a-domicile.json,21769,170
sirene/71/ambulances.json,6037,47
sirene/71/aquaculture-pisciculture-conchyliculture.json,153,1
sirene/71/architectes.json,6067,52
sirene/71/armurerie-fabrication-d-armes.json,3,0
sirene/71/associations-animation-solidarite.json,39941,286
sirene/71/audiovisuel-cinema-son.json,1393,13
sirene/71/autres-elevages-dont-animaux-de-compagnie-apiculture.json,862,7
sirene/71/banques-assurances.json,22190,166
sirene/71/bateaux-nautisme.json,469,4
sirene/71/bijouterie-horlogerie.json,910,7
sirene/71/boucherie-charcuterie-poissonnerie.json,10346,90
sirene/71/boulangerie-patisserie.json,27519,236
sirene/71/bureaux-d-etudes-economistes-de-la-construction.json,21802,182
sirene/71/cafes-bars.json,13527,121
sirene/71/ceramique-verre-d-art-instruments-de-musique.json,818,7
sirene/71/chaudronnerie-soudure-structures-metalliques.json,6599,54
sirene/71/chimie-pharmacie-cosmetiques-papier.json,3113,25
sirene/71/chocolaterie-confiserie-glaces.json,836,7
sirene/71/clubs-et-salles-de-sport.json,33612,267
sirene/71/coiffure.json,23605,208
sirene/71/commerce-de-gros-entre-entreprises.json,29285,248
sirene/71/comptabilite-conseil-gestion.json,49372,408
sirene/71/concessionnaires-vente-de-vehicules-et-pieces.json,31933,272
sirene/71/construction-de-navires.json,3,0
sirene/71/construction-maconnerie-gros-uvre.json,58092,510
sirene/71/couture-confection.json,429,4
sirene/71/creches-petite-enfance.json,13565,109
sirene/71/cuir-maroquinerie-cordonnerie.json,1076,9
sirene/71/cultures-specialisees-vergers-cultures-tropicales.json,729,7
sirene/71/dechets-recyclage-assainissement.json,20738,158
sirene/71/demenagement.json,1530,12
sirene/71/eau-potable-captage-traitement-distribution.json,4406,34
sirene/71/ebenisterie-meubles-restauration-de-meubles.json,2766,23
sirene/71/ecoles-de-sport-equitation.json,2202,19
sirene/71/ecoles-maternelles-et-elementaires.json,84049,596
sirene/71/electricite-du-batiment.json,19809,166
sirene/71/electronique-materiel-electrique.json,2375,20
sirene/71/elements-prefabriques-en-beton.json,1890,17
sirene/71/elevage-bovin-ovin-caprin-porcin-volailles.json,32123,284
sirene/71/elevage-de-chevaux-haras.json,2614,23
sirene/71/enseignement-culturel-conservatoires.json,2666,22
sirene/71/enseignes-signaletique-marquage.json,1285,9
sirene/71/entrepots-logistique.json,10425,88
sirene/71/esthetique-soins-de-beaute.json,7640,69
sirene/71/fabrication-de-monnaies-medailles.json,3,0
sirene/71/fleuristes-jardineries.json,11712,102
sirene/71/fleurs-artificielles-parures-de-mode.json,3,0
sirene/71/fonderies.json,802,7
sirene/71/forets-travaux-forestiers.json,5177,47
sirene/71/froid-industriel-installation-de-machines.json,3123,26
sirene/71/garages-carrosseries-voitures.json,39578,338
sirene/71/geometres-experts-topographie.json,2698,22
sirene/71/grossistes-en-fruits-et-legumes.json,1101,9
sirene/71/grossistes-en-poissons-crustaces-mollusques.json,3,0
sirene/71/grossistes-en-viandes.json,224,2
sirene/71/guides-offices-de-tourisme.json,3189,22
sirene/71/handicap-foyers-esat-ime.json,14841,107
sirene/71/hopitaux-cliniques-laboratoires.json,14855,109
sirene/71/horticulture-maraichage-agriculture.json,18758,167
sirene/71/hotels.json,26095,219
sirene/71/imprimerie-prepresse-reliure.json,4736,40
sirene/71/industrie-agroalimentaire.json,3817,31
sirene/71/interim-recrutement.json,23840,199
sirene/71/laboratoires-d-analyses-et-d-essais.json,534,4
sirene/71/laboratoires-de-recherche-scientifique.json,1074,9
sirene/71/loisirs-animation.json,25163,195
sirene/71/magasins-specialises-bricolage-maison-sport-high-tech.json,47781,409
sirene/71/maintenance-d-equipements-ascenseurs.json,3066,25
sirene/71/mairies-administrations.json,117184,870
sirene/71/materiels-agricoles-engins-de-chantier.json,11708,103
sirene/71/menuiserie-agencement-serrurerie.json,30323,254
sirene/71/motos-scooters.json,3625,31
sirene/71/navigation-fluviale.json,421,4
sirene/71/navigation-maritime-plaisance-professionnelle.json,3,0
sirene/71/nettoyage-proprete.json,9301,80
sirene/71/objets-en-bois-liege-vannerie.json,725,6
sirene/71/optique-photonique-instruments-de-mesure.json,92,1
sirene/71/parcs-naturels-jardins-botaniques-et-zoologiques.json,397,3
sirene/71/parfumerie-cosmetiques.json,3317,27
sirene/71/paysagistes-espaces-verts.json,15761,137
sirene/71/peche-professionnelle.json,3,0
sirene/71/peinture-platre-carrelage-sols-isolation.json,29546,261
sirene/71/personnes-agees-ehpad-residences.json,18488,141
sirene/71/pharmacie-optique-protheses.json,41641,339
sirene/71/photographie.json,1658,14
sirene/71/plastique-verre-materiaux.json,4660,38
sirene/71/plomberie-chauffage-climatisation-froid.json,32279,276
sirene/71/poids-lourds-utilitaires.json,2811,23
sirene/71/poste-courrier.json,1321,13
sirene/71/pressing-blanchisserie-retouches.json,3943,34
sirene/71/primeur-fromagerie-epicerie-fine-cave.json,9209,78
sirene/71/production-et-distribution-d-energie.json,3164,28
sirene/71/publicite-design-graphique.json,6067,53
sirene/71/remontees-mecaniques-telepheriques.json,3,0
sirene/71/reparation-d-ordinateurs-et-de-telephones.json,2137,17
sirene/71/reparation-de-machines-et-d-electronique.json,8952,76
sirene/71/reseaux-electriques-et-telecoms.json,1636,14
sirene/71/restaurants.json,45890,403
sirene/71/restauration-collective-cantines-entreprises.json,7761,59
sirene/71/restauration-rapide.json,25945,230
sirene/71/scieries-preparation-du-bois.json,2719,24
sirene/71/secretariat-accueil-centres-d-appels.json,13556,115
sirene/71/securite-privee-surveillance.json,1884,16
sirene/71/services-a-l-elevage-marechalerie.json,710,6
sirene/71/services-informatiques-reseaux.json,4612,42
sirene/71/spectacle-musees-bibliotheques.json,12557,104
sirene/71/superettes-alimentation-generale.json,7598,64
sirene/71/supermarches-grandes-surfaces.json,20982,189
sirene/71/tapisserie-decoration-textile.json,1223,10
sirene/71/telecommunications.json,1860,16
sirene/71/traitement-des-dechets-dangereux.json,3,0
sirene/71/traiteurs.json,3343,30
sirene/71/transformation-de-poissons-crustaces-mollusques.json,129,1
sirene/71/transformation-de-viandes.json,3169,27
sirene/71/transport-de-marchandises-livraison.json,22690,196
sirene/71/transport-de-voyageurs.json,10906,94
sirene/71/travaux-agricoles-services-aux-cultures.json,4076,36
sirene/71/travaux-publics-routes-reseaux.json,18266,150
sirene/71/usinage-mecanique-outillage.json,13509,112
sirene/71/vetements-chaussures-accessoires.json,31021,272
sirene/71/veterinaires-soins-aux-animaux.json,10060,84
sirene/71/viticulture-vinification.json,48908,426
sirene/72/activites-sportives-dont-ecuries-de-course.json,5196,42
sirene/72/aeronautique.json,481,4
sirene/72/agences-immobilieres-gestion-de-logements.json,19347,153
sirene/72/aide-a-domicile.json,11606,94
sirene/72/ambulances.json,6101,49
sirene/72/aquaculture-pisciculture-conchyliculture.json,3,0
sirene/72/architectes.json,4098,36
sirene/72/armurerie-fabrication-d-armes.json,287,3
sirene/72/associations-animation-solidarite.json,30791,245
sirene/72/audiovisuel-cinema-son.json,2778,24
sirene/72/autres-elevages-dont-animaux-de-compagnie-apiculture.json,1050,9
sirene/72/banques-assurances.json,33141,249
sirene/72/bateaux-nautisme.json,251,2
sirene/72/bijouterie-horlogerie.json,727,6
sirene/72/boucherie-charcuterie-poissonnerie.json,9141,78
sirene/72/boulangerie-patisserie.json,26049,226
sirene/72/bureaux-d-etudes-economistes-de-la-construction.json,17515,158
sirene/72/cafes-bars.json,13667,123
sirene/72/ceramique-verre-d-art-instruments-de-musique.json,237,2
sirene/72/chaudronnerie-soudure-structures-metalliques.json,3214,26
sirene/72/chimie-pharmacie-cosmetiques-papier.json,3833,33
sirene/72/chocolaterie-confiserie-glaces.json,466,4
sirene/72/clubs-et-salles-de-sport.json,40902,314
sirene/72/coiffure.json,22782,204
sirene/72/commerce-de-gros-entre-entreprises.json,26680,222
sirene/72/comptabilite-conseil-gestion.json,44163,373
sirene/72/concessionnaires-vente-de-vehicules-et-pieces.json,24468,200
sirene/72/construction-de-navires.json,151,1
sirene/72/construction-maconnerie-gros-uvre.json,43038,386
sirene/72/couture-confection.json,1109,10
sirene/72/creches-petite-enfance.json,9321,75
sirene/72/cuir-maroquinerie-cordonnerie.json,3112,26
sirene/72/cultures-specialisees-vergers-cultures-tropicales.json,3019,28
sirene/72/dechets-recyclage-assainissement.json,25739,188
sirene/72/demenagement.json,1115,10
sirene/72/eau-potable-captage-traitement-distribution.json,7317,52
sirene/72/ebenisterie-meubles-restauration-de-meubles.json,3209,27
sirene/72/ecoles-de-sport-equitation.json,3536,29
sirene/72/ecoles-maternelles-et-elementaires.json,63694,432
sirene/72/electricite-du-batiment.json,18181,161
sirene/72/electronique-materiel-electrique.json,3358,27
sirene/72/elements-prefabriques-en-beton.json,531,5
sirene/72/elevage-bovin-ovin-caprin-porcin-volailles.json,39414,364
sirene/72/elevage-de-chevaux-haras.json,2560,23
sirene/72/enseignement-culturel-conservatoires.json,2071,16
sirene/72/enseignes-signaletique-marquage.json,980,8
sirene/72/entrepots-logistique.json,9204,80
sirene/72/esthetique-soins-de-beaute.json,8715,78
sirene/72/fabrication-de-monnaies-medailles.json,3,0
sirene/72/fleuristes-jardineries.json,7051,61
sirene/72/fleurs-artificielles-parures-de-mode.json,3,0
sirene/72/fonderies.json,491,4
sirene/72/forets-travaux-forestiers.json,5725,48
sirene/72/froid-industriel-installation-de-machines.json,1853,16
sirene/72/garages-carrosseries-voitures.json,37138,318
sirene/72/geometres-experts-topographie.json,2272,19
sirene/72/grossistes-en-fruits-et-legumes.json,1097,10
sirene/72/grossistes-en-poissons-crustaces-mollusques.json,98,1
sirene/72/grossistes-en-viandes.json,388,3
sirene/72/guides-offices-de-tourisme.json,2844,17
sirene/72/handicap-foyers-esat-ime.json,15510,110
sirene/72/hopitaux-cliniques-laboratoires.json,15088,102
sirene/72/horticulture-maraichage-agriculture.json,33245,310
sirene/72/hotels.json,15425,128
sirene/72/imprimerie-prepresse-reliure.json,5008,44
sirene/72/industrie-agroalimentaire.json,4102,34
sirene/72/interim-recrutement.json,17642,146
sirene/72/laboratoires-d-analyses-et-d-essais.json,749,6
sirene/72/laboratoires-de-recherche-scientifique.json,1760,14
sirene/72/loisirs-animation.json,25355,197
sirene/72/magasins-specialises-bricolage-maison-sport-high-tech.json,41930,352
sirene/72/maintenance-d-equipements-ascenseurs.json,2939,24
sirene/72/mairies-administrations.json,107501,761
sirene/72/materiels-agricoles-engins-de-chantier.json,11091,93
sirene/72/menuiserie-agencement-serrurerie.json,24162,208
sirene/72/motos-scooters.json,2889,26
sirene/72/navigation-fluviale.json,245,2
sirene/72/navigation-maritime-plaisance-professionnelle.json,3,0
sirene/72/nettoyage-proprete.json,11895,104
sirene/72/objets-en-bois-liege-vannerie.json,123,1
sirene/72/optique-photonique-instruments-de-mesure.json,604,5
sirene/72/parcs-naturels-jardins-botaniques-et-zoologiques.json,238,2
sirene/72/parfumerie-cosmetiques.json,2655,23
sirene/72/paysagistes-espaces-verts.json,11303,99
sirene/72/peche-professionnelle.json,3,0
sirene/72/peinture-platre-carrelage-sols-isolation.json,25023,223
sirene/72/personnes-agees-ehpad-residences.json,17871,126
sirene/72/pharmacie-optique-protheses.json,40551,337
sirene/72/photographie.json,1468,13
sirene/72/plastique-verre-materiaux.json,4760,39
sirene/72/plomberie-chauffage-climatisation-froid.json,22038,195
sirene/72/poids-lourds-utilitaires.json,1355,11
sirene/72/poste-courrier.json,1105,11
sirene/72/pressing-blanchisserie-retouches.json,5613,46
sirene/72/primeur-fromagerie-epicerie-fine-cave.json,4636,39
sirene/72/production-et-distribution-d-energie.json,3094,26
sirene/72/publicite-design-graphique.json,5238,47
sirene/72/remontees-mecaniques-telepheriques.json,3,0
sirene/72/reparation-d-ordinateurs-et-de-telephones.json,1196,10
sirene/72/reparation-de-machines-et-d-electronique.json,6273,55
sirene/72/reseaux-electriques-et-telecoms.json,1708,13
sirene/72/restaurants.json,32201,285
sirene/72/restauration-collective-cantines-entreprises.json,7635,56
sirene/72/restauration-rapide.json,30249,273
sirene/72/scieries-preparation-du-bois.json,591,5
sirene/72/secretariat-accueil-centres-d-appels.json,13009,111
sirene/72/securite-privee-surveillance.json,3539,31
sirene/72/services-a-l-elevage-marechalerie.json,1069,10
sirene/72/services-informatiques-reseaux.json,4423,42
sirene/72/spectacle-musees-bibliotheques.json,12688,104
sirene/72/superettes-alimentation-generale.json,5697,49
sirene/72/supermarches-grandes-surfaces.json,18221,157
sirene/72/tapisserie-decoration-textile.json,1054,9
sirene/72/telecommunications.json,2767,24
sirene/72/traitement-des-dechets-dangereux.json,392,3
sirene/72/traiteurs.json,4189,36
sirene/72/transformation-de-poissons-crustaces-mollusques.json,3,0
sirene/72/transformation-de-viandes.json,2300,20
sirene/72/transport-de-marchandises-livraison.json,20920,178
sirene/72/transport-de-voyageurs.json,8715,65
sirene/72/travaux-agricoles-services-aux-cultures.json,6565,61
sirene/72/travaux-publics-routes-reseaux.json,12230,108
sirene/72/usinage-mecanique-outillage.json,9151,77
sirene/72/vetements-chaussures-accessoires.json,26165,224
sirene/72/veterinaires-soins-aux-animaux.json,8623,73
sirene/72/viticulture-vinification.json,1152,11
sirene/73/activites-sportives-dont-ecuries-de-course.json,5919,50
sirene/73/aeronautique.json,384,3
sirene/73/agences-immobilieres-gestion-de-logements.json,65893,524
sirene/73/aide-a-domicile.json,12527,86
sirene/73/ambulances.json,3897,31
sirene/73/aquaculture-pisciculture-conchyliculture.json,3,0
sirene/73/architectes.json,12571,103
sirene/73/armurerie-fabrication-d-armes.json,155,1
sirene/73/associations-animation-solidarite.json,29513,218
sirene/73/audiovisuel-cinema-son.json,2280,19
sirene/73/autres-elevages-dont-animaux-de-compagnie-apiculture.json,868,7
sirene/73/banques-assurances.json,28301,218
sirene/73/bateaux-nautisme.json,482,4
sirene/73/bijouterie-horlogerie.json,494,4
sirene/73/boucherie-charcuterie-poissonnerie.json,13066,110
sirene/73/boulangerie-patisserie.json,32641,271
sirene/73/bureaux-d-etudes-economistes-de-la-construction.json,46078,379
sirene/73/cafes-bars.json,34930,296
sirene/73/ceramique-verre-d-art-instruments-de-musique.json,115,1
sirene/73/chaudronnerie-soudure-structures-metalliques.json,5683,45
sirene/73/chimie-pharmacie-cosmetiques-papier.json,3105,27
sirene/73/chocolaterie-confiserie-glaces.json,2789,22
sirene/73/clubs-et-salles-de-sport.json,42171,320
sirene/73/coiffure.json,19492,169
sirene/73/commerce-de-gros-entre-entreprises.json,33815,279
sirene/73/comptabilite-conseil-gestion.json,68668,554
sirene/73/concessionnaires-vente-de-vehicules-et-pieces.json,23655,194
sirene/73/construction-de-navires.json,255,2
sirene/73/construction-maconnerie-gros-uvre.json,66138,562
sirene/73/couture-confection.json,1035,9
sirene/73/creches-petite-enfance.json,14540,110
sirene/73/cuir-maroquinerie-cordonnerie.json,2116,15
sirene/73/cultures-specialisees-vergers-cultures-tropicales.json,1294,11
sirene/73/dechets-recyclage-assainissement.json,13876,106
sirene/73/demenagement.json,1270,9
sirene/73/eau-potable-captage-traitement-distribution.json,7567,53
sirene/73/ebenisterie-meubles-restauration-de-meubles.json,3020,24
sirene/73/ecoles-de-sport-equitation.json,6231,49
sirene/73/ecoles-maternelles-et-elementaires.json,53871,377
sirene/73/electricite-du-batiment.json,26963,227
sirene/73/electronique-materiel-electrique.json,2668,20
sirene/73/elements-prefabriques-en-beton.json,676,6
sirene/73/elevage-bovin-ovin-caprin-porcin-volailles.json,19090,166
sirene/73/elevage-de-chevaux-haras.json,743,6
sirene/73/enseignement-culturel-conservatoires.json,2031,17
sirene/73/enseignes-signaletique-marquage.json,1059,7
sirene/73/entrepots-logistique.json,8620,69
sirene/73/esthetique-soins-de-beaute.json,10005,81
sirene/73/fabrication-de-monnaies-medailles.json,3,0
sirene/73/fleuristes-jardineries.json,6505,55
sirene/73/fleurs-artificielles-parures-de-mode.json,3,0
sirene/73/fonderies.json,3,0
sirene/73/forets-travaux-forestiers.json,2613,21
sirene/73/froid-industriel-installation-de-machines.json,3397,28
sirene/73/garages-carrosseries-voitures.json,34343,291
sirene/73/geometres-experts-topographie.json,3947,33
sirene/73/grossistes-en-fruits-et-legumes.json,1301,10
sirene/73/grossistes-en-poissons-crustaces-mollusques.json,127,1
sirene/73/grossistes-en-viandes.json,1488,13
sirene/73/guides-offices-de-tourisme.json,14473,97
sirene/73/handicap-foyers-esat-ime.json,9248,61
sirene/73/hopitaux-cliniques-laboratoires.json,18332,122
sirene/73/horticulture-maraichage-agriculture.json,7586,64
sirene/73/hotels.json,161492,1269
sirene/73/imprimerie-prepresse-reliure.json,3099,25
sirene/73/industrie-agroalimentaire.json,8943,70
sirene/73/interim-recrutement.json,15667,124
sirene/73/laboratoires-d-analyses-et-d-essais.json,990,7
sirene/73/laboratoires-de-recherche-scientifique.json,2378,18
sirene/73/loisirs-animation.json,29900,223
sirene/73/magasins-specialises-bricolage-maison-sport-high-tech.json,121173,983
sirene/73/maintenance-d-equipements-ascenseurs.json,4482,37
sirene/73/mairies-administrations.json,79915,564
sirene/73/materiels-agricoles-engins-de-chantier.json,8964,74
sirene/73/menuiserie-agencement-serrurerie.json,37566,317
sirene/73/motos-scooters.json,3155,27
sirene/73/navigation-fluviale.json,484,3
sirene/73/navigation-maritime-plaisance-professionnelle.json,3,0
sirene/73/nettoyage-proprete.json,28917,243
sirene/73/objets-en-bois-liege-vannerie.json,779,7
sirene/73/optique-photonique-instruments-de-mesure.json,1233,10
sirene/73/parcs-naturels-jardins-botaniques-et-zoologiques.json,1997,13
sirene/73/parfumerie-cosmetiques.json,3069,25
sirene/73/paysagistes-espaces-verts.json,11047,94
sirene/73/peche-professionnelle.json,3,0
sirene/73/peinture-platre-carrelage-sols-isolation.json,34252,298
sirene/73/personnes-agees-ehpad-residences.json,11691,78
sirene/73/pharmacie-optique-protheses.json,40124,324
sirene/73/photographie.json,1654,14
sirene/73/plastique-verre-materiaux.json,2664,20
sirene/73/plomberie-chauffage-climatisation-froid.json,30731,252
sirene/73/poids-lourds-utilitaires.json,2945,23
sirene/73/poste-courrier.json,114,1
sirene/73/pressing-blanchisserie-retouches.json,9748,78
sirene/73/primeur-fromagerie-epicerie-fine-cave.json,5921,48
sirene/73/production-et-distribution-d-energie.json,10570,84
sirene/73/publicite-design-graphique.json,10300,87
sirene/73/remontees-mecaniques-telepheriques.json,9450,69
sirene/73/reparation-d-ordinateurs-et-de-telephones.json,1591,14
sirene/73/reparation-de-machines-et-d-electronique.json,7293,62
sirene/73/reseaux-electriques-et-telecoms.json,1899,16
sirene/73/restaurants.json,149362,1255
sirene/73/restauration-collective-cantines-entreprises.json,4590,33
sirene/73/restauration-rapide.json,52367,446
sirene/73/scieries-preparation-du-bois.json,2096,17
sirene/73/secretariat-accueil-centres-d-appels.json,15024,126
sirene/73/securite-privee-surveillance.json,4087,33
sirene/73/services-a-l-elevage-marechalerie.json,790,6
sirene/73/services-informatiques-reseaux.json,9976,84
sirene/73/spectacle-musees-bibliotheques.json,10746,87
sirene/73/superettes-alimentation-generale.json,19131,153
sirene/73/supermarches-grandes-surfaces.json,40219,331
sirene/73/tapisserie-decoration-textile.json,1572,14
sirene/73/telecommunications.json,2588,22
sirene/73/traitement-des-dechets-dangereux.json,113,1
sirene/73/traiteurs.json,5444,43
sirene/73/transformation-de-poissons-crustaces-mollusques.json,105,1
sirene/73/transformation-de-viandes.json,1625,13
sirene/73/transport-de-marchandises-livraison.json,26577,220
sirene/73/transport-de-voyageurs.json,27838,222
sirene/73/travaux-agricoles-services-aux-cultures.json,1400,13
sirene/73/travaux-publics-routes-reseaux.json,20070,168
sirene/73/usinage-mecanique-outillage.json,7954,68
sirene/73/vetements-chaussures-accessoires.json,39755,343
sirene/73/veterinaires-soins-aux-animaux.json,12359,98
sirene/73/viticulture-vinification.json,7979,67
sirene/74/activites-sportives-dont-ecuries-de-course.json,6876,57
sirene/74/aeronautique.json,577,5
sirene/74/agences-immobilieres-gestion-de-logements.json,110968,916
sirene/74/aide-a-domicile.json,13689,108
sirene/74/ambulances.json,4081,31
sirene/74/aquaculture-pisciculture-conchyliculture.json,888,6
sirene/74/architectes.json,17598,151
sirene/74/armurerie-fabrication-d-armes.json,101,1
sirene/74/associations-animation-solidarite.json,33606,266
sirene/74/audiovisuel-cinema-son.json,6597,58
sirene/74/autres-elevages-dont-animaux-de-compagnie-apiculture.json,465,4
sirene/74/banques-assurances.json,46956,356
sirene/74/bateaux-nautisme.json,1221,10
sirene/74/bijouterie-horlogerie.json,1969,16
sirene/74/boucherie-charcuterie-poissonnerie.json,21356,181
sirene/74/boulangerie-patisserie.json,51474,436
sirene/74/bureaux-d-etudes-economistes-de-la-construction.json,48709,422
sirene/74/cafes-bars.json,44701,392
sirene/74/ceramique-verre-d-art-instruments-de-musique.json,607,6
sirene/74/chaudronnerie-soudure-structures-metalliques.json,6548,55
sirene/74/chimie-pharmacie-cosmetiques-papier.json,3701,30
sirene/74/chocolaterie-confiserie-glaces.json,4523,39
sirene/74/clubs-et-salles-de-sport.json,57228,463
sirene/74/coiffure.json,46542,414
sirene/74/commerce-de-gros-entre-entreprises.json,57280,483
sirene/74/comptabilite-conseil-gestion.json,111614,939
sirene/74/concessionnaires-vente-de-vehicules-et-pieces.json,41848,345
sirene/74/construction-de-navires.json,109,1
sirene/74/construction-maconnerie-gros-uvre.json,90802,785
sirene/74/couture-confection.json,2383,21
sirene/74/creches-petite-enfance.json,36375,290
sirene/74/cuir-maroquinerie-cordonnerie.json,2059,16
sirene/74/cultures-specialisees-vergers-cultures-tropicales.json,1176,10
sirene/74/dechets-recyclage-assainissement.json,17693,130
sirene/74/demenagement.json,2863,21
sirene/74/eau-potable-captage-traitement-distribution.json,9225,65
sirene/74/ebenisterie-meubles-restauration-de-meubles.json,7615,60
sirene/74/ecoles-de-sport-equitation.json,11669,98
sirene/74/ecoles-maternelles-et-elementaires.json,67684,459
sirene/74/electricite-du-batiment.json,34625,306
sirene/74/electronique-materiel-electrique.json,5041,43
sirene/74/elements-prefabriques-en-beton.json,1405,12
sirene/74/elevage-bovin-ovin-caprin-porcin-volailles.json,36421,326
sirene/74/elevage-de-chevaux-haras.json,1588,14
sirene/74/enseignement-culturel-conservatoires.json,6172,51
sirene/74/enseignes-signaletique-marquage.json,1480,12
sirene/74/entrepots-logistique.json,15165,128
sirene/74/esthetique-soins-de-beaute.json,20023,168
sirene/74/fabrication-de-monnaies-medailles.json,3,0
sirene/74/fleuristes-jardineries.json,15095,130
sirene/74/fleurs-artificielles-parures-de-mode.json,3,0
sirene/74/fonderies.json,251,2
sirene/74/forets-travaux-forestiers.json,6103,50
sirene/74/froid-industriel-installation-de-machines.json,2804,23
sirene/74/garages-carrosseries-voitures.json,61045,513
sirene/74/geometres-experts-topographie.json,6567,51
sirene/74/grossistes-en-fruits-et-legumes.json,1783,14
sirene/74/grossistes-en-poissons-crustaces-mollusques.json,441,4
sirene/74/grossistes-en-viandes.json,1067,9
sirene/74/guides-offices-de-tourisme.json,9101,71
sirene/74/handicap-foyers-esat-ime.json,15072,114
sirene/74/hopitaux-cliniques-laboratoires.json,27963,212
sirene/74/horticulture-maraichage-agriculture.json,10713,93
sirene/74/hotels.json,133624,1071
sirene/74/imprimerie-prepresse-reliure.json,5475,47
sirene/74/industrie-agroalimentaire.json,11529,88
sirene/74/interim-recrutement.json,18606,160
sirene/74/laboratoires-d-analyses-et-d-essais.json,1318,11
sirene/74/laboratoires-de-recherche-scientifique.json,3378,28
sirene/74/loisirs-animation.json,33093,263
sirene/74/magasins-specialises-bricolage-maison-sport-high-tech.json,133873,1145
sirene/74/maintenance-d-equipements-ascenseurs.json,7559,63
sirene/74/mairies-administrations.json,101825,702
sirene/74/materiels-agricoles-engins-de-chantier.json,11314,96
sirene/74/menuiserie-agencement-serrurerie.json,64922,547
sirene/74/motos-scooters.json,5835,50
sirene/74/navigation-fluviale.json,279,2
sirene/74/navigation-maritime-plaisance-professionnelle.json,286,2
sirene/74/nettoyage-proprete.json,37107,322
sirene/74/objets-en-bois-liege-vannerie.json,575,5
sirene/74/optique-photonique-instruments-de-mesure.json,1998,17
sirene/74/parcs-naturels-jardins-botaniques-et-zoologiques.json,1432,10
sirene/74/parfumerie-cosmetiques.json,5519,45
sirene/74/paysagistes-espaces-verts.json,24393,206
sirene/74/peche-professionnelle.json,3,0
sirene/74/peinture-platre-carrelage-sols-isolation.json,58505,521
sirene/74/personnes-agees-ehpad-residences.json,12151,90
sirene/74/pharmacie-optique-protheses.json,61878,513
sirene/74/photographie.json,3921,35
sirene/74/plastique-verre-materiaux.json,5027,43
sirene/74/plomberie-chauffage-climatisation-froid.json,50409,431
sirene/74/poids-lourds-utilitaires.json,3000,26
sirene/74/poste-courrier.json,792,8
sirene/74/pressing-blanchisserie-retouches.json,11220,97
sirene/74/primeur-fromagerie-epicerie-fine-cave.json,10595,91
sirene/74/production-et-distribution-d-energie.json,4447,37
sirene/74/publicite-design-graphique.json,18823,167
sirene/74/remontees-mecaniques-telepheriques.json,10600,76
sirene/74/reparation-d-ordinateurs-et-de-telephones.json,3343,28
sirene/74/reparation-de-machines-et-d-electronique.json,9381,78
sirene/74/reseaux-electriques-et-telecoms.json,1511,13
sirene/74/restaurants.json,171619,1497
sirene/74/restauration-collective-cantines-entreprises.json,7648,58
sirene/74/restauration-rapide.json,90201,805
sirene/74/scieries-preparation-du-bois.json,3987,34
sirene/74/secretariat-accueil-centres-d-appels.json,27226,236
sirene/74/securite-privee-surveillance.json,6877,55
sirene/74/services-a-l-elevage-marechalerie.json,1443,12
sirene/74/services-informatiques-reseaux.json,14791,132
sirene/74/spectacle-musees-bibliotheques.json,15366,127
sirene/74/superettes-alimentation-generale.json,23591,200
sirene/74/supermarches-grandes-surfaces.json,42062,362
sirene/74/tapisserie-decoration-textile.json,2989,27
sirene/74/telecommunications.json,4378,36
sirene/74/traitement-des-dechets-dangereux.json,181,1
sirene/74/traiteurs.json,8373,70
sirene/74/transformation-de-poissons-crustaces-mollusques.json,342,3
sirene/74/transformation-de-viandes.json,2320,19
sirene/74/transport-de-marchandises-livraison.json,28930,244
sirene/74/transport-de-voyageurs.json,26742,221
sirene/74/travaux-agricoles-services-aux-cultures.json,2139,19
sirene/74/travaux-publics-routes-reseaux.json,29184,251
sirene/74/usinage-mecanique-outillage.json,48009,413
sirene/74/vetements-chaussures-accessoires.json,65283,586
sirene/74/veterinaires-soins-aux-animaux.json,16648,135
sirene/74/viticulture-vinification.json,1356,12
sirene/75/activites-sportives-dont-ecuries-de-course.json,16253,145
sirene/75/aeronautique.json,1787,16
sirene/75/agences-immobilieres-gestion-de-logements.json,472764,4345
sirene/75/aide-a-domicile.json,40263,369
sirene/75/ambulances.json,16144,149
sirene/75/aquaculture-pisciculture-conchyliculture.json,214,2
sirene/75/architectes.json,188872,1739
sirene/75/armurerie-fabrication-d-armes.json,98,1
sirene/75/associations-animation-solidarite.json,443743,3683
sirene/75/audiovisuel-cinema-son.json,377376,3641
sirene/75/autres-elevages-dont-animaux-de-compagnie-apiculture.json,603,5
sirene/75/banques-assurances.json,328010,2846
sirene/75/bateaux-nautisme.json,722,7
sirene/75/bijouterie-horlogerie.json,52217,509
sirene/75/boucherie-charcuterie-poissonnerie.json,55754,531
sirene/75/boulangerie-patisserie.json,175867,1628
sirene/75/bureaux-d-etudes-economistes-de-la-construction.json,233883,2246
sirene/75/cafes-bars.json,146139,1415
sirene/75/ceramique-verre-d-art-instruments-de-musique.json,4803,47
sirene/75/chaudronnerie-soudure-structures-metalliques.json,3523,34
sirene/75/chimie-pharmacie-cosmetiques-papier.json,28074,264
sirene/75/chocolaterie-confiserie-glaces.json,12920,116
sirene/75/clubs-et-salles-de-sport.json,141081,1208
sirene/75/coiffure.json,187404,1840
sirene/75/commerce-de-gros-entre-entreprises.json,251838,2426
sirene/75/comptabilite-conseil-gestion.json,1655325,15952
sirene/75/concessionnaires-vente-de-vehicules-et-pieces.json,48218,451
sirene/75/construction-de-navires.json,1134,11
sirene/75/construction-maconnerie-gros-uvre.json,202792,2041
sirene/75/couture-confection.json,62139,609
sirene/75/creches-petite-enfance.json,160393,1313
sirene/75/cuir-maroquinerie-cordonnerie.json,24514,238
sirene/75/cultures-specialisees-vergers-cultures-tropicales.json,1005,9
sirene/75/dechets-recyclage-assainissement.json,32629,296
sirene/75/demenagement.json,9301,83
sirene/75/eau-potable-captage-traitement-distribution.json,2903,25
sirene/75/ebenisterie-meubles-restauration-de-meubles.json,18795,177
sirene/75/ecoles-de-sport-equitation.json,22431,204
sirene/75/ecoles-maternelles-et-elementaires.json,90581,773
sirene/75/electricite-du-batiment.json,80099,806
sirene/75/electronique-materiel-electrique.json,7947,78
sirene/75/elements-prefabriques-en-beton.json,301,3
sirene/75/elevage-bovin-ovin-caprin-porcin-volailles.json,220,2
sirene/75/elevage-de-chevaux-haras.json,1301,13
sirene/75/enseignement-culturel-conservatoires.json,28915,262
sirene/75/enseignes-signaletique-marquage.json,2678,22
sirene/75/entrepots-logistique.json,33828,317
sirene/75/esthetique-soins-de-beaute.json,186491,1851
sirene/75/fabrication-de-monnaies-medailles.json,663,6
sirene/75/fleuristes-jardineries.json,43418,419
sirene/75/fleurs-artificielles-parures-de-mode.json,419,4
sirene/75/fonderies.json,304,3
sirene/75/forets-travaux-forestiers.json,8337,71
sirene/75/froid-industriel-installation-de-machines.json,2532,23
sirene/75/garages-carrosseries-voitures.json,27413,256
sirene/75/geometres-experts-topographie.json,4310,39
sirene/75/grossistes-en-fruits-et-legumes.json,5327,51
sirene/75/grossistes-en-poissons-crustaces-mollusques.json,1758,17
sirene/75/grossistes-en-viandes.json,1753,16
sirene/75/guides-offices-de-tourisme.json,25731,229
sirene/75/handicap-foyers-esat-ime.json,28881,237
sirene/75/hopitaux-cliniques-laboratoires.json,70473,525
sirene/75/horticulture-maraichage-agriculture.json,2638,24
sirene/75/hotels.json,343863,3157
sirene/75/imprimerie-prepresse-reliure.json,23444,224
sirene/75/industrie-agroalimentaire.json,11209,109
sirene/75/interim-recrutement.json,114954,1053
sirene/75/laboratoires-d-analyses-et-d-essais.json,3690,30
sirene/75/laboratoires-de-recherche-scientifique.json,117411,888
sirene/75/loisirs-animation.json,217207,1793
sirene/75/magasins-specialises-bricolage-maison-sport-high-tech.json,484763,4476
sirene/75/maintenance-d-equipements-ascenseurs.json,13484,131
sirene/75/mairies-administrations.json,198205,1387
sirene/75/materiels-agricoles-engins-de-chantier.json,9741,95
sirene/75/menuiserie-agencement-serrurerie.json,88202,837
sirene/75/motos-scooters.json,17118,161
sirene/75/navigation-fluviale.json,4405,40
sirene/75/navigation-maritime-plaisance-professionnelle.json,2407,23
sirene/75/nettoyage-proprete.json,111775,1077
sirene/75/objets-en-bois-liege-vannerie.json,2017,19
sirene/75/optique-photonique-instruments-de-mesure.json,2401,24
sirene/75/parcs-naturels-jardins-botaniques-et-zoologiques.json,559,5
sirene/75/parfumerie-cosmetiques.json,84828,775
sirene/75/paysagistes-espaces-verts.json,21943,202
sirene/75/peche-professionnelle.json,477,4
sirene/75/peinture-platre-carrelage-sols-isolation.json,164303,1651
sirene/75/personnes-agees-ehpad-residences.json,39265,279
sirene/75/pharmacie-optique-protheses.json,224211,2064
sirene/75/photographie.json,30901,300
sirene/75/plastique-verre-materiaux.json,4753,46
sirene/75/plomberie-chauffage-climatisation-froid.json,100728,972
sirene/75/poids-lourds-utilitaires.json,798,8
sirene/75/poste-courrier.json,18092,192
sirene/75/pressing-blanchisserie-retouches.json,95552,936
sirene/75/primeur-fromagerie-epicerie-fine-cave.json,79751,745
sirene/75/production-et-distribution-d-energie.json,50667,415
sirene/75/publicite-design-graphique.json,267545,2621
sirene/75/remontees-mecaniques-telepheriques.json,234,2
sirene/75/reparation-d-ordinateurs-et-de-telephones.json,14650,139
sirene/75/reparation-de-machines-et-d-electronique.json,5085,47
sirene/75/reseaux-electriques-et-telecoms.json,3001,28
sirene/75/restaurants.json,913216,8874
sirene/75/restauration-collective-cantines-entreprises.json,160488,1094
sirene/75/restauration-rapide.json,571774,5542
sirene/75/scieries-preparation-du-bois.json,492,5
sirene/75/secretariat-accueil-centres-d-appels.json,207626,1962
sirene/75/securite-privee-surveillance.json,60759,555
sirene/75/services-a-l-elevage-marechalerie.json,418,4
sirene/75/services-informatiques-reseaux.json,347726,3536
sirene/75/spectacle-musees-bibliotheques.json,222595,2013
sirene/75/superettes-alimentation-generale.json,94853,902
sirene/75/supermarches-grandes-surfaces.json,227302,2188
sirene/75/tapisserie-decoration-textile.json,13056,125
sirene/75/telecommunications.json,44613,427
sirene/75/traitement-des-dechets-dangereux.json,340,3
sirene/75/traiteurs.json,46656,447
sirene/75/transformation-de-poissons-crustaces-mollusques.json,496,5
sirene/75/transformation-de-viandes.json,1845,17
sirene/75/transport-de-marchandises-livraison.json,86843,851
sirene/75/transport-de-voyageurs.json,86583,810
sirene/75/travaux-agricoles-services-aux-cultures.json,602,6
sirene/75/travaux-publics-routes-reseaux.json,8522,82
sirene/75/usinage-mecanique-outillage.json,3550,34
sirene/75/vetements-chaussures-accessoires.json,481737,4585
sirene/75/veterinaires-soins-aux-animaux.json,47753,448
sirene/75/viticulture-vinification.json,4454,39
sirene/76/activites-sportives-dont-ecuries-de-course.json,4021,31
sirene/76/aeronautique.json,523,5
sirene/76/agences-immobilieres-gestion-de-logements.json,66476,553
sirene/76/aide-a-domicile.json,33469,250
sirene/76/ambulances.json,13658,111
sirene/76/aquaculture-pisciculture-conchyliculture.json,2113,19
sirene/76/architectes.json,15861,129
sirene/76/armurerie-fabrication-d-armes.json,3,0
sirene/76/associations-animation-solidarite.json,75616,582
sirene/76/audiovisuel-cinema-son.json,4896,42
sirene/76/autres-elevages-dont-animaux-de-compagnie-apiculture.json,353,3
sirene/76/banques-assurances.json,53780,396
sirene/76/bateaux-nautisme.json,2037,17
sirene/76/bijouterie-horlogerie.json,784,8
sirene/76/boucherie-charcuterie-poissonnerie.json,28825,254
sirene/76/boulangerie-patisserie.json,61547,533
sirene/76/bureaux-d-etudes-economistes-de-la-construction.json,62125,528
sirene/76/cafes-bars.json,37647,343
sirene/76/ceramique-verre-d-art-instruments-de-musique.json,1869,16
sirene/76/chaudronnerie-soudure-structures-metalliques.json,6785,54
sirene/76/chimie-pharmacie-cosmetiques-papier.json,8704,71
sirene/76/chocolaterie-confiserie-glaces.json,2341,20
sirene/76/clubs-et-salles-de-sport.json,94267,727
sirene/76/coiffure.json,53832,479
sirene/76/commerce-de-gros-entre-entreprises.json,60094,494
sirene/76/comptabilite-conseil-gestion.json,116912,968
sirene/76/concessionnaires-vente-de-vehicules-et-pieces.json,55835,477
sirene/76/construction-de-navires.json,247,2
sirene/76/construction-maconnerie-gros-uvre.json,110407,948
sirene/76/couture-confection.json,800,7
sirene/76/creches-petite-enfance.json,44404,343
sirene/76/cuir-maroquinerie-cordonnerie.json,1884,16
sirene/76/cultures-specialisees-vergers-cultures-tropicales.json,1290,11
sirene/76/dechets-recyclage-assainissement.json,34703,260
sirene/76/demenagement.json,2895,23
sirene/76/eau-potable-captage-traitement-distribution.json,7400,51
sirene/76/ebenisterie-meubles-restauration-de-meubles.json,3124,27
sirene/76/ecoles-de-sport-equitation.json,7312,61
sirene/76/ecoles-maternelles-et-elementaires.json,122527,839
sirene/76/electricite-du-batiment.json,38745,336
sirene/76/electronique-materiel-electrique.json,3492,28
sirene/76/elements-prefabriques-en-beton.json,538,4
sirene/76/elevage-bovin-ovin-caprin-porcin-volailles.json,21823,192
sirene/76/elevage-de-chevaux-haras.json,1579,13
sirene/76/enseignement-culturel-conservatoires.json,6952,54
sirene/76/enseignes-signaletique-marquage.json,3207,24
sirene/76/entrepots-logistique.json,59437,486
sirene/76/esthetique-soins-de-beaute.json,17975,159
sirene/76/fabrication-de-monnaies-medailles.json,3,0
sirene/76/fleuristes-jardineries.json,19096,161
sirene/76/fleurs-artificielles-parures-de-mode.json,3,0
sirene/76/fonderies.json,431,4
sirene/76/forets-travaux-forestiers.json,2653,22
sirene/76/froid-industriel-installation-de-machines.json,5001,41
sirene/76/garages-carrosseries-voitures.json,62648,539
sirene/76/geometres-experts-topographie.json,4415,39
sirene/76/grossistes-en-fruits-et-legumes.json,4458,38
sirene/76/grossistes-en-poissons-crustaces-mollusques.json,2080,17
sirene/76/grossistes-en-viandes.json,1366,11
sirene/76/guides-offices-de-tourisme.json,3343,24
sirene/76/handicap-foyers-esat-ime.json,27178,193
sirene/76/hopitaux-cliniques-laboratoires.json,46836,331
sirene/76/horticulture-maraichage-agriculture.json,102837,908
sirene/76/hotels.json,31363,270
sirene/76/imprimerie-prepresse-reliure.json,7248,59
sirene/76/industrie-agroalimentaire.json,3498,31
sirene/76/interim-recrutement.json,37372,311
sirene/76/laboratoires-d-analyses-et-d-essais.json,3792,27
sirene/76/laboratoires-de-recherche-scientifique.json,4199,30
sirene/76/loisirs-animation.json,66957,500
sirene/76/magasins-specialises-bricolage-maison-sport-high-tech.json,89543,771
sirene/76/maintenance-d-equipements-ascenseurs.json,7894,65
sirene/76/mairies-administrations.json,176508,1239
sirene/76/materiels-agricoles-engins-de-chantier.json,16575,138
sirene/76/menuiserie-agencement-serrurerie.json,56298,474
sirene/76/motos-scooters.json,5030,43
sirene/76/navigation-fluviale.json,3181,28
sirene/76/navigation-maritime-plaisance-professionnelle.json,2513,21
sirene/76/nettoyage-proprete.json,24200,200
sirene/76/objets-en-bois-liege-vannerie.json,417,4
sirene/76/optique-photonique-instruments-de-mesure.json,718,7
sirene/76/parcs-naturels-jardins-botaniques-et-zoologiques.json,274,2
sirene/76/parfumerie-cosmetiques.json,7844,67
sirene/76/paysagistes-espaces-verts.json,23361,197
sirene/76/peche-professionnelle.json,2626,25
sirene/76/peinture-platre-carrelage-sols-isolation.json,51093,447
sirene/76/personnes-agees-ehpad-residences.json,31646,219
sirene/76/pharmacie-optique-protheses.json,84891,685
sirene/76/photographie.json,2520,21
sirene/76/plastique-verre-materiaux.json,6508,52
sirene/76/plomberie-chauffage-climatisation-froid.json,47348,399
sirene/76/poids-lourds-utilitaires.json,2793,23
sirene/76/poste-courrier.json,393,4
sirene/76/pressing-blanchisserie-retouches.json,7233,66
sirene/76/primeur-fromagerie-epicerie-fine-cave.json,18037,155
sirene/76/production-et-distribution-d-energie.json,3952,33
sirene/76/publicite-design-graphique.json,12863,113
sirene/76/remontees-mecaniques-telepheriques.json,3,0
sirene/76/reparation-d-ordinateurs-et-de-telephones.json,2286,20
sirene/76/reparation-de-machines-et-d-electronique.json,12880,107
sirene/76/reseaux-electriques-et-telecoms.json,1778,14
sirene/76/restaurants.json,103803,932
sirene/76/restauration-collective-cantines-entreprises.json,16049,109
sirene/76/restauration-rapide.json,96388,881
sirene/76/scieries-preparation-du-bois.json,1483,11
sirene/76/secretariat-accueil-centres-d-appels.json,32451,278
sirene/76/securite-privee-surveillance.json,9492,77
sirene/76/services-a-l-elevage-marechalerie.json,1762,15
sirene/76/services-informatiques-reseaux.json,16568,146
sirene/76/spectacle-musees-bibliotheques.json,29948,246
sirene/76/superettes-alimentation-generale.json,16773,142
sirene/76/supermarches-grandes-surfaces.json,47698,422
sirene/76/tapisserie-decoration-textile.json,2521,21
sirene/76/telecommunications.json,7449,64
sirene/76/traitement-des-dechets-dangereux.json,1597,13
sirene/76/traiteurs.json,9067,76
sirene/76/transformation-de-poissons-crustaces-mollusques.json,988,8
sirene/76/transformation-de-viandes.json,2872,23
sirene/76/transport-de-marchandises-livraison.json,57495,483
sirene/76/transport-de-voyageurs.json,18384,152
sirene/76/travaux-agricoles-services-aux-cultures.json,10162,89
sirene/76/travaux-publics-routes-reseaux.json,24386,197
sirene/76/usinage-mecanique-outillage.json,19013,154
sirene/76/vetements-chaussures-accessoires.json,60612,542
sirene/76/veterinaires-soins-aux-animaux.json,18175,157
sirene/76/viticulture-vinification.json,3,0
sirene/77/activites-sportives-dont-ecuries-de-course.json,5221,43
sirene/77/aeronautique.json,1481,12
sirene/77/agences-immobilieres-gestion-de-logements.json,71830,601
sirene/77/aide-a-domicile.json,23307,186
sirene/77/ambulances.json,15231,131
sirene/77/aquaculture-pisciculture-conchyliculture.json,266,2
sirene/77/architectes.json,11117,94
sirene/77/armurerie-fabrication-d-armes.json,3,0
sirene/77/associations-animation-solidarite.json,48873,373
sirene/77/audiovisuel-cinema-son.json,8206,72
sirene/77/autres-elevages-dont-animaux-de-compagnie-apiculture.json,1866,14
sirene/77/banques-assurances.json,81340,613
sirene/77/bateaux-nautisme.json,357,3
sirene/77/bijouterie-horlogerie.json,2407,21
sirene/77/boucherie-charcuterie-poissonnerie.json,22566,191
sirene/77/boulangerie-patisserie.json,59483,501
sirene/77/bureaux-d-etudes-economistes-de-la-construction.json,71060,616
sirene/77/cafes-bars.json,22537,202
sirene/77/ceramique-verre-d-art-instruments-de-musique.json,1333,10
sirene/77/chaudronnerie-soudure-structures-metalliques.json,9851,82
sirene/77/chimie-pharmacie-cosmetiques-papier.json,10636,86
sirene/77/chocolaterie-confiserie-glaces.json,2368,20
sirene/77/clubs-et-salles-de-sport.json,98979,764
sirene/77/coiffure.json,64500,569
sirene/77/commerce-de-gros-entre-entreprises.json,119159,996
sirene/77/comptabilite-conseil-gestion.json,134275,1146
sirene/77/concessionnaires-vente-de-vehicules-et-pieces.json,70023,587
sirene/77/construction-de-navires.json,138,1
sirene/77/construction-maconnerie-gros-uvre.json,207192,1850
sirene/77/couture-confection.json,1911,16
sirene/77/creches-petite-enfance.json,32481,253
sirene/77/cuir-maroquinerie-cordonnerie.json,4542,38
sirene/77/cultures-specialisees-vergers-cultures-tropicales.json,891,8
sirene/77/dechets-recyclage-assainissement.json,38459,300
sirene/77/demenagement.json,5320,43
sirene/77/eau-potable-captage-traitement-distribution.json,15456,114
sirene/77/ebenisterie-meubles-restauration-de-meubles.json,5156,44
sirene/77/ecoles-de-sport-equitation.json,11814,101
sirene/77/ecoles-maternelles-et-elementaires.json,161690,1126
sirene/77/electricite-du-batiment.json,88328,785
sirene/77/electronique-materiel-electrique.json,5871,49
sirene/77/elements-prefabriques-en-beton.json,2216,19
sirene/77/elevage-bovin-ovin-caprin-porcin-volailles.json,2519,21
sirene/77/elevage-de-chevaux-haras.json,2792,23
sirene/77/enseignement-culturel-conservatoires.json,8523,71
sirene/77/enseignes-signaletique-marquage.json,2759,22
sirene/77/entrepots-logistique.json,47438,388
sirene/77/esthetique-soins-de-beaute.json,28633,252
sirene/77/fabrication-de-monnaies-medailles.json,3,0
sirene/77/fleuristes-jardineries.json,19350,160
sirene/77/fleurs-artificielles-parures-de-mode.json,3,0
sirene/77/fonderies.json,1179,10
sirene/77/forets-travaux-forestiers.json,4385,37
sirene/77/froid-industriel-installation-de-machines.json,5335,45
sirene/77/garages-carrosseries-voitures.json,91288,772
sirene/77/geometres-experts-topographie.json,5231,42
sirene/77/grossistes-en-fruits-et-legumes.json,2766,25
sirene/77/grossistes-en-poissons-crustaces-mollusques.json,442,4
sirene/77/grossistes-en-viandes.json,1409,12
sirene/77/guides-offices-de-tourisme.json,3501,26
sirene/77/handicap-foyers-esat-ime.json,23640,158
sirene/77/hopitaux-cliniques-laboratoires.json,29669,218
sirene/77/horticulture-maraichage-agriculture.json,41525,373
sirene/77/hotels.json,33234,272
sirene/77/imprimerie-prepresse-reliure.json,12734,104
sirene/77/industrie-agroalimentaire.json,5763,49
sirene/77/interim-recrutement.json,47600,386
sirene/77/laboratoires-d-analyses-et-d-essais.json,889,7
sirene/77/laboratoires-de-recherche-scientifique.json,4084,29
sirene/77/loisirs-animation.json,67132,504
sirene/77/magasins-specialises-bricolage-maison-sport-high-tech.json,116397,917
sirene/77/maintenance-d-equipements-ascenseurs.json,14800,128
sirene/77/mairies-administrations.json,144182,1010
sirene/77/materiels-agricoles-engins-de-chantier.json,25163,218
sirene/77/menuiserie-agencement-serrurerie.json,81037,705
sirene/77/motos-scooters.json,5822,49
sirene/77/navigation-fluviale.json,3210,28
sirene/77/navigation-maritime-plaisance-professionnelle.json,247,2
sirene/77/nettoyage-proprete.json,57884,496
sirene/77/objets-en-bois-liege-vannerie.json,784,7
sirene/77/optique-photonique-instruments-de-mesure.json,2441,21
sirene/77/parcs-naturels-jardins-botaniques-et-zoologiques.json,863,7
sirene/77/parfumerie-cosmetiques.json,13866,109
sirene/77/paysagistes-espaces-verts.json,34613,302
sirene/77/peche-professionnelle.json,3,0
sirene/77/peinture-platre-carrelage-sols-isolation.json,86862,785
sirene/77/personnes-agees-ehpad-residences.json,22850,171
sirene/77/pharmacie-optique-protheses.json,89321,735
sirene/77/photographie.json,2695,24
sirene/77/plastique-verre-materiaux.json,8464,69
sirene/77/plomberie-chauffage-climatisation-froid.json,103324,918
sirene/77/poids-lourds-utilitaires.json,5996,49
sirene/77/poste-courrier.json,18054,173
sirene/77/pressing-blanchisserie-retouches.json,13486,112
sirene/77/primeur-fromagerie-epicerie-fine-cave.json,14092,120
sirene/77/production-et-distribution-d-energie.json,9571,74
sirene/77/publicite-design-graphique.json,24628,215
sirene/77/remontees-mecaniques-telepheriques.json,3,0
sirene/77/reparation-d-ordinateurs-et-de-telephones.json,4212,37
sirene/77/reparation-de-machines-et-d-electronique.json,18327,151
sirene/77/reseaux-electriques-et-telecoms.json,3503,29
sirene/77/restaurants.json,109027,951
sirene/77/restauration-collective-cantines-entreprises.json,47881,318
sirene/77/restauration-rapide.json,123279,1071
sirene/77/scieries-preparation-du-bois.json,361,3
sirene/77/secretariat-accueil-centres-d-appels.json,32862,284
sirene/77/securite-privee-surveillance.json,25350,209
sirene/77/services-a-l-elevage-marechalerie.json,3982,34
sirene/77/services-informatiques-reseaux.json,23083,208
sirene/77/spectacle-musees-bibliotheques.json,29721,245
sirene/77/superettes-alimentation-generale.json,20515,174
sirene/77/supermarches-grandes-surfaces.json,79045,686
sirene/77/tapisserie-decoration-textile.json,2084,17
sirene/77/telecommunications.json,14684,128
sirene/77/traitement-des-dechets-dangereux.json,247,2
sirene/77/traiteurs.json,13760,116
sirene/77/transformation-de-poissons-crustaces-mollusques.json,566,4
sirene/77/transformation-de-viandes.json,935,8
sirene/77/transport-de-marchandises-livraison.json,91886,792
sirene/77/transport-de-voyageurs.json,38170,339
sirene/77/travaux-agricoles-services-aux-cultures.json,5152,47
sirene/77/travaux-publics-routes-reseaux.json,37582,323
sirene/77/usinage-mecanique-outillage.json,14168,117
sirene/77/vetements-chaussures-accessoires.json,82158,657
sirene/77/veterinaires-soins-aux-animaux.json,24425,203
sirene/77/viticulture-vinification.json,1333,10
sirene/78/activites-sportives-dont-ecuries-de-course.json,8781,70
sirene/78/aeronautique.json,2699,21
sirene/78/agences-immobilieres-gestion-de-logements.json,103181,848
sirene/78/aide-a-domicile.json,30446,244
sirene/78/ambulances.json,8416,70
sirene/78/aquaculture-pisciculture-conchyliculture.json,3,0
sirene/78/architectes.json,18285,156
sirene/78/armurerie-fabrication-d-armes.json,433,4
sirene/78/associations-animation-solidarite.json,71518,552
sirene/78/audiovisuel-cinema-son.json,15686,137
sirene/78/autres-elevages-dont-animaux-de-compagnie-apiculture.json,846,7
sirene/78/banques-assurances.json,90886,699
sirene/78/bateaux-nautisme.json,548,4
sirene/78/bijouterie-horlogerie.json,1961,16
sirene/78/boucherie-charcuterie-poissonnerie.json,26687,223
sirene/78/boulangerie-patisserie.json,66423,558
sirene/78/bureaux-d-etudes-economistes-de-la-construction.json,100200,859
sirene/78/cafes-bars.json,19476,173
sirene/78/ceramique-verre-d-art-instruments-de-musique.json,1514,13
sirene/78/chaudronnerie-soudure-structures-metalliques.json,4840,38
sirene/78/chimie-pharmacie-cosmetiques-papier.json,7418,61
sirene/78/chocolaterie-confiserie-glaces.json,3912,32
sirene/78/clubs-et-salles-de-sport.json,97226,750
sirene/78/coiffure.json,74033,646
sirene/78/commerce-de-gros-entre-entreprises.json,96978,821
sirene/78/comptabilite-conseil-gestion.json,248925,2164
sirene/78/concessionnaires-vente-de-vehicules-et-pieces.json,79837,675
sirene/78/construction-de-navires.json,3,0
sirene/78/construction-maconnerie-gros-uvre.json,153249,1378
sirene/78/couture-confection.json,2855,25
sirene/78/creches-petite-enfance.json,96072,708
sirene/78/cuir-maroquinerie-cordonnerie.json,4871,38
sirene/78/cultures-specialisees-vergers-cultures-tropicales.json,1275,11
sirene/78/dechets-recyclage-assainissement.json,24827,191
sirene/78/demenagement.json,7391,58
sirene/78/eau-potable-captage-traitement-distribution.json,8368,64
sirene/78/ebenisterie-meubles-restauration-de-meubles.json,5511,46
sirene/78/ecoles-de-sport-equitation.json,12915,106
sirene/78/ecoles-maternelles-et-elementaires.json,146486,992
sirene/78/electricite-du-batiment.json,56046,498
sirene/78/electronique-materiel-electrique.json,7377,61
sirene/78/elements-prefabriques-en-beton.json,870,8
sirene/78/elevage-bovin-ovin-caprin-porcin-volailles.json,954,8
sirene/78/elevage-de-chevaux-haras.json,3139,27
sirene/78/enseignement-culturel-conservatoires.json,9615,76
sirene/78/enseignes-signaletique-marquage.json,3292,25
sirene/78/entrepots-logistique.json,20441,166
sirene/78/esthetique-soins-de-beaute.json,36160,311
sirene/78/fabrication-de-monnaies-medailles.json,3,0
sirene/78/fleuristes-jardineries.json,18879,158
sirene/78/fleurs-artificielles-parures-de-mode.json,3,0
sirene/78/fonderies.json,522,4
sirene/78/forets-travaux-forestiers.json,3439,30
sirene/78/froid-industriel-installation-de-machines.json,3231,27
sirene/78/garages-carrosseries-voitures.json,73164,623
sirene/78/geometres-experts-topographie.json,3382,28
sirene/78/grossistes-en-fruits-et-legumes.json,2012,18
sirene/78/grossistes-en-poissons-crustaces-mollusques.json,447,4
sirene/78/grossistes-en-viandes.json,934,8
sirene/78/guides-offices-de-tourisme.json,2891,21
sirene/78/handicap-foyers-esat-ime.json,33823,233
sirene/78/hopitaux-cliniques-laboratoires.json,38623,280
sirene/78/horticulture-maraichage-agriculture.json,15287,132
sirene/78/hotels.json,30949,252
sirene/78/imprimerie-prepresse-reliure.json,4480,38
sirene/78/industrie-agroalimentaire.json,2664,23
sirene/78/interim-recrutement.json,23732,192
sirene/78/laboratoires-d-analyses-et-d-essais.json,769,6
sirene/78/laboratoires-de-recherche-scientifique.json,10136,74
sirene/78/loisirs-animation.json,63272,471
sirene/78/magasins-specialises-bricolage-maison-sport-high-tech.json,109214,881
sirene/78/maintenance-d-equipements-ascenseurs.json,11843,103
sirene/78/mairies-administrations.json,107724,716
sirene/78/materiels-agricoles-engins-de-chantier.json,11841,100
sirene/78/menuiserie-agencement-serrurerie.json,59310,515
sirene/78/motos-scooters.json,7690,67
sirene/78/navigation-fluviale.json,2934,25
sirene/78/navigation-maritime-plaisance-professionnelle.json,358,3
sirene/78/nettoyage-proprete.json,52577,460
sirene/78/objets-en-bois-liege-vannerie.json,482,4
sirene/78/optique-photonique-instruments-de-mesure.json,3631,31
sirene/78/parcs-naturels-jardins-botaniques-et-zoologiques.json,827,7
sirene/78/parfumerie-cosmetiques.json,15744,121
sirene/78/paysagistes-espaces-verts.json,38708,338
sirene/78/peche-professionnelle.json,3,0
sirene/78/peinture-platre-carrelage-sols-isolation.json,74446,673
sirene/78/personnes-agees-ehpad-residences.json,20365,150
sirene/78/pharmacie-optique-protheses.json,94180,770
sirene/78/photographie.json,3994,32
sirene/78/plastique-verre-materiaux.json,4068,33
sirene/78/plomberie-chauffage-climatisation-froid.json,81357,703
sirene/78/poids-lourds-utilitaires.json,2465,20
sirene/78/poste-courrier.json,12705,122
sirene/78/pressing-blanchisserie-retouches.json,16991,141
sirene/78/primeur-fromagerie-epicerie-fine-cave.json,16999,142
sirene/78/production-et-distribution-d-energie.json,7171,58
sirene/78/publicite-design-graphique.json,31563,280
sirene/78/remontees-mecaniques-telepheriques.json,3,0
sirene/78/reparation-d-ordinateurs-et-de-telephones.json,4021,34
sirene/78/reparation-de-machines-et-d-electronique.json,10234,83
sirene/78/reseaux-electriques-et-telecoms.json,4101,30
sirene/78/restaurants.json,127410,1112
sirene/78/restauration-collective-cantines-entreprises.json,104577,693
sirene/78/restauration-rapide.json,108692,936
sirene/78/scieries-preparation-du-bois.json,355,3
sirene/78/secretariat-accueil-centres-d-appels.json,40560,348
sirene/78/securite-privee-surveillance.json,18542,156
sirene/78/services-a-l-elevage-marechalerie.json,2629,22
sirene/78/services-informatiques-reseaux.json,43735,392
sirene/78/spectacle-musees-bibliotheques.json,35394,285
sirene/78/superettes-alimentation-generale.json,22378,188
sirene/78/supermarches-grandes-surfaces.json,70160,599
sirene/78/tapisserie-decoration-textile.json,2779,21
sirene/78/telecommunications.json,13529,113
sirene/78/traitement-des-dechets-dangereux.json,909,7
sirene/78/traiteurs.json,14779,120
sirene/78/transformation-de-poissons-crustaces-mollusques.json,726,6
sirene/78/transformation-de-viandes.json,1081,9
sirene/78/transport-de-marchandises-livraison.json,40565,359
sirene/78/transport-de-voyageurs.json,32909,288
sirene/78/travaux-agricoles-services-aux-cultures.json,1164,11
sirene/78/travaux-publics-routes-reseaux.json,21911,182
sirene/78/usinage-mecanique-outillage.json,12241,96
sirene/78/vetements-chaussures-accessoires.json,93954,740
sirene/78/veterinaires-soins-aux-animaux.json,28507,243
sirene/78/viticulture-vinification.json,534,4
sirene/79/activites-sportives-dont-ecuries-de-course.json,1165,10
sirene/79/aeronautique.json,3,0
sirene/79/agences-immobilieres-gestion-de-logements.json,16595,131
sirene/79/aide-a-domicile.json,11734,88
sirene/79/ambulances.json,5351,40
sirene/79/aquaculture-pisciculture-conchyliculture.json,374,3
sirene/79/architectes.json,2871,26
sirene/79/armurerie-fabrication-d-armes.json,102,1
sirene/79/associations-animation-solidarite.json,25627,192
sirene/79/audiovisuel-cinema-son.json,1182,10
sirene/79/autres-elevages-dont-animaux-de-compagnie-apiculture.json,1263,11
sirene/79/banques-assurances.json,27049,198
sirene/79/bateaux-nautisme.json,248,2
sirene/79/bijouterie-horlogerie.json,198,2
sirene/79/boucherie-charcuterie-poissonnerie.json,6432,55
sirene/79/boulangerie-patisserie.json,15719,135
sirene/79/bureaux-d-etudes-economistes-de-la-construction.json,10234,89
sirene/79/cafes-bars.json,8872,80
sirene/79/ceramique-verre-d-art-instruments-de-musique.json,3,0
sirene/79/chaudronnerie-soudure-structures-metalliques.json,3793,31
sirene/79/chimie-pharmacie-cosmetiques-papier.json,1617,13
sirene/79/chocolaterie-confiserie-glaces.json,435,4
sirene/79/clubs-et-salles-de-sport.json,28262,224
sirene/79/coiffure.json,12464,112
sirene/79/commerce-de-gros-entre-entreprises.json,15127,126
sirene/79/comptabilite-conseil-gestion.json,28574,238
sirene/79/concessionnaires-vente-de-vehicules-et-pieces.json,16311,140
sirene/79/construction-de-navires.json,3,0
sirene/79/construction-maconnerie-gros-uvre.json,33993,296
sirene/79/couture-confection.json,1401,11
sirene/79/creches-petite-enfance.json,6258,47
sirene/79/cuir-maroquinerie-cordonnerie.json,434,4
sirene/79/cultures-specialisees-vergers-cultures-tropicales.json,1738,16
sirene/79/dechets-recyclage-assainissement.json,8397,62
sirene/79/demenagement.json,1536,12
sirene/79/eau-potable-captage-traitement-distribution.json,4713,35
sirene/79/ebenisterie-meubles-restauration-de-meubles.json,2720,22
sirene/79/ecoles-de-sport-equitation.json,1387,12
sirene/79/ecoles-maternelles-et-elementaires.json,39949,286
sirene/79/electricite-du-batiment.json,15226,134
sirene/79/electronique-materiel-electrique.json,1399,11
sirene/79/elements-prefabriques-en-beton.json,1654,13
sirene/79/elevage-bovin-ovin-caprin-porcin-volailles.json,47980,431
sirene/79/elevage-de-chevaux-haras.json,3131,27
sirene/79/enseignement-culturel-conservatoires.json,2366,19
sirene/79/enseignes-signaletique-marquage.json,3,0
sirene/79/entrepots-logistique.json,4446,39
sirene/79/esthetique-soins-de-beaute.json,3918,36
sirene/79/fabrication-de-monnaies-medailles.json,3,0
sirene/79/fleuristes-jardineries.json,5262,46
sirene/79/fleurs-artificielles-parures-de-mode.json,3,0
sirene/79/fonderies.json,309,2
sirene/79/forets-travaux-forestiers.json,1624,14
sirene/79/froid-industriel-installation-de-machines.json,697,6
sirene/79/garages-carrosseries-voitures.json,28189,235
sirene/79/geometres-experts-topographie.json,1599,13
sirene/79/grossistes-en-fruits-et-legumes.json,911,8
sirene/79/grossistes-en-poissons-crustaces-mollusques.json,3,0
sirene/79/grossistes-en-viandes.json,560,5
sirene/79/guides-offices-de-tourisme.json,1403,10
sirene/79/handicap-foyers-esat-ime.json,4521,35
sirene/79/hopitaux-cliniques-laboratoires.json,11633,84
sirene/79/horticulture-maraichage-agriculture.json,36150,317
sirene/79/hotels.json,9103,81
sirene/79/imprimerie-prepresse-reliure.json,2391,20
sirene/79/industrie-agroalimentaire.json,3495,32
sirene/79/interim-recrutement.json,17038,138
sirene/79/laboratoires-d-analyses-et-d-essais.json,291,2
sirene/79/laboratoires-de-recherche-scientifique.json,688,5
sirene/79/loisirs-animation.json,22246,160
sirene/79/magasins-specialises-bricolage-maison-sport-high-tech.json,25887,224
sirene/79/maintenance-d-equipements-ascenseurs.json,2051,18
sirene/79/mairies-administrations.json,76991,544
sirene/79/materiels-agricoles-engins-de-chantier.json,12644,106
sirene/79/menuiserie-agencement-serrurerie.json,24603,210
sirene/79/motos-scooters.json,2369,21
sirene/79/navigation-fluviale.json,308,2
sirene/79/navigation-maritime-plaisance-professionnelle.json,3,0
sirene/79/nettoyage-proprete.json,5903,51
sirene/79/objets-en-bois-liege-vannerie.json,704,6
sirene/79/optique-photonique-instruments-de-mesure.json,3,0
sirene/79/parcs-naturels-jardins-botaniques-et-zoologiques.json,914,7
sirene/79/parfumerie-cosmetiques.json,1314,11
sirene/79/paysagistes-espaces-verts.json,8476,74
sirene/79/peche-professionnelle.json,3,0
sirene/79/peinture-platre-carrelage-sols-isolation.json,14309,127
sirene/79/personnes-agees-ehpad-residences.json,14455,96
sirene/79/pharmacie-optique-protheses.json,26038,217
sirene/79/photographie.json,600,5
sirene/79/plastique-verre-materiaux.json,2292,17
sirene/79/plomberie-chauffage-climatisation-froid.json,17024,141
sirene/79/poids-lourds-utilitaires.json,2659,22
sirene/79/poste-courrier.json,206,2
sirene/79/pressing-blanchisserie-retouches.json,4405,39
sirene/79/primeur-fromagerie-epicerie-fine-cave.json,4132,36
sirene/79/production-et-distribution-d-energie.json,4602,41
sirene/79/publicite-design-graphique.json,4118,37
sirene/79/remontees-mecaniques-telepheriques.json,3,0
sirene/79/reparation-d-ordinateurs-et-de-telephones.json,985,9
sirene/79/reparation-de-machines-et-d-electronique.json,5967,49
sirene/79/reseaux-electriques-et-telecoms.json,1420,11
sirene/79/restaurants.json,19599,174
sirene/79/restauration-collective-cantines-entreprises.json,6923,52
sirene/79/restauration-rapide.json,13979,126
sirene/79/scieries-preparation-du-bois.json,1536,14
sirene/79/secretariat-accueil-centres-d-appels.json,10788,95
sirene/79/securite-privee-surveillance.json,865,8
sirene/79/services-a-l-elevage-marechalerie.json,1469,12
sirene/79/services-informatiques-reseaux.json,2964,29
sirene/79/spectacle-musees-bibliotheques.json,8211,70
sirene/79/superettes-alimentation-generale.json,2973,26
sirene/79/supermarches-grandes-surfaces.json,11867,103
sirene/79/tapisserie-decoration-textile.json,890,7
sirene/79/telecommunications.json,810,8
sirene/79/traitement-des-dechets-dangereux.json,243,2
sirene/79/traiteurs.json,1808,15
sirene/79/transformation-de-poissons-crustaces-mollusques.json,3,0
sirene/79/transformation-de-viandes.json,3158,26
sirene/79/transport-de-marchandises-livraison.json,19490,163
sirene/79/transport-de-voyageurs.json,5675,43
sirene/79/travaux-agricoles-services-aux-cultures.json,6500,59
sirene/79/travaux-publics-routes-reseaux.json,9296,78
sirene/79/usinage-mecanique-outillage.json,4276,35
sirene/79/vetements-chaussures-accessoires.json,17408,154
sirene/79/veterinaires-soins-aux-animaux.json,5920,50
sirene/79/viticulture-vinification.json,1344,11
sirene/80/activites-sportives-dont-ecuries-de-course.json,1980,16
sirene/80/aeronautique.json,754,6
sirene/80/agences-immobilieres-gestion-de-logements.json,26523,232
sirene/80/aide-a-domicile.json,12829,93
sirene/80/ambulances.json,11476,95
sirene/80/aquaculture-pisciculture-conchyliculture.json,3007,25
sirene/80/architectes.json,4669,39
sirene/80/armurerie-fabrication-d-armes.json,3,0
sirene/80/associations-animation-solidarite.json,32403,255
sirene/80/audiovisuel-cinema-son.json,2352,22
sirene/80/autres-elevages-dont-animaux-de-compagnie-apiculture.json,755,7
sirene/80/banques-assurances.json,24535,185
sirene/80/bateaux-nautisme.json,278,2
sirene/80/bijouterie-horlogerie.json,873,8
sirene/80/boucherie-charcuterie-poissonnerie.json,11331,101
sirene/80/boulangerie-patisserie.json,21649,187
sirene/80/bureaux-d-etudes-economistes-de-la-construction.json,17182,152
sirene/80/cafes-bars.json,13844,128
sirene/80/ceramique-verre-d-art-instruments-de-musique.json,1066,9
sirene/80/chaudronnerie-soudure-structures-metalliques.json,3772,32
sirene/80/chimie-pharmacie-cosmetiques-papier.json,4064,36
sirene/80/chocolaterie-confiserie-glaces.json,790,7
sirene/80/clubs-et-salles-de-sport.json,39257,319
sirene/80/coiffure.json,22425,209
sirene/80/commerce-de-gros-entre-entreprises.json,22785,196
sirene/80/comptabilite-conseil-gestion.json,45827,386
sirene/80/concessionnaires-vente-de-vehicules-et-pieces.json,27904,237
sirene/80/construction-de-navires.json,3,0
sirene/80/construction-maconnerie-gros-uvre.json,44654,398
sirene/80/couture-confection.json,468,4
sirene/80/creches-petite-enfance.json,14570,118
sirene/80/cuir-maroquinerie-cordonnerie.json,1200,10
sirene/80/cultures-specialisees-vergers-cultures-tropicales.json,1344,12
sirene/80/dechets-recyclage-assainissement.json,18588,141
sirene/80/demenagement.json,697,6
sirene/80/eau-potable-captage-traitement-distribution.json,14289,105
sirene/80/ebenisterie-meubles-restauration-de-meubles.json,2351,21
sirene/80/ecoles-de-sport-equitation.json,2727,23
sirene/80/ecoles-maternelles-et-elementaires.json,81533,603
sirene/80/electricite-du-batiment.json,16414,144
sirene/80/electronique-materiel-electrique.json,872,7
sirene/80/elements-prefabriques-en-beton.json,514,5
sirene/80/elevage-bovin-ovin-caprin-porcin-volailles.json,8905,85
sirene/80/elevage-de-chevaux-haras.json,812,7
sirene/80/enseignement-culturel-conservatoires.json,3029,25
sirene/80/enseignes-signaletique-marquage.json,946,8
sirene/80/entrepots-logistique.json,11281,91
sirene/80/esthetique-soins-de-beaute.json,5368,50
sirene/80/fabrication-de-monnaies-medailles.json,3,0
sirene/80/fleuristes-jardineries.json,10775,96
sirene/80/fleurs-artificielles-parures-de-mode.json,3,0
sirene/80/fonderies.json,1714,15
sirene/80/forets-travaux-forestiers.json,2467,21
sirene/80/froid-industriel-installation-de-machines.json,2023,17
sirene/80/garages-carrosseries-voitures.json,26963,239
sirene/80/geometres-experts-topographie.json,1714,15
sirene/80/grossistes-en-fruits-et-legumes.json,3520,32
sirene/80/grossistes-en-poissons-crustaces-mollusques.json,100,1
sirene/80/grossistes-en-viandes.json,265,2
sirene/80/guides-offices-de-tourisme.json,931,7
sirene/80/handicap-foyers-esat-ime.json,17011,108
sirene/80/hopitaux-cliniques-laboratoires.json,23296,162
sirene/80/horticulture-maraichage-agriculture.json,99759,947
sirene/80/hotels.json,17950,149
sirene/80/imprimerie-prepresse-reliure.json,2128,19
sirene/80/industrie-agroalimentaire.json,2146,19
sirene/80/interim-recrutement.json,14375,122
sirene/80/laboratoires-d-analyses-et-d-essais.json,150,1
sirene/80/laboratoires-de-recherche-scientifique.json,1585,12
sirene/80/loisirs-animation.json,29975,224
sirene/80/magasins-specialises-bricolage-maison-sport-high-tech.json,42748,374
sirene/80/maintenance-d-equipements-ascenseurs.json,2800,22
sirene/80/mairies-administrations.json,142161,1090
sirene/80/materiels-agricoles-engins-de-chantier.json,10915,94
sirene/80/menuiserie-agencement-serrurerie.json,21239,190
sirene/80/motos-scooters.json,1809,16
sirene/80/navigation-fluviale.json,210,2
sirene/80/navigation-maritime-plaisance-professionnelle.json,229,2
sirene/80/nettoyage-proprete.json,8832,78
sirene/80/objets-en-bois-liege-vannerie.json,469,4
sirene/80/optique-photonique-instruments-de-mesure.json,3,0
sirene/80/parcs-naturels-jardins-botaniques-et-zoologiques.json,998,8
sirene/80/parfumerie-cosmetiques.json,3616,31
sirene/80/paysagistes-espaces-verts.json,8772,82
sirene/80/peche-professionnelle.json,1245,11
sirene/80/peinture-platre-carrelage-sols-isolation.json,15358,140
sirene/80/personnes-agees-ehpad-residences.json,12333,89
sirene/80/pharmacie-optique-protheses.json,46108,398
sirene/80/photographie.json,719,7
sirene/80/plastique-verre-materiaux.json,3045,26
sirene/80/plomberie-chauffage-climatisation-froid.json,20838,179
sirene/80/poids-lourds-utilitaires.json,1406,11
sirene/80/poste-courrier.json,98,1
sirene/80/pressing-blanchisserie-retouches.json,2410,20
sirene/80/primeur-fromagerie-epicerie-fine-cave.json,4899,43
sirene/80/production-et-distribution-d-energie.json,3756,33
sirene/80/publicite-design-graphique.json,4008,37
sirene/80/remontees-mecaniques-telepheriques.json,3,0
sirene/80/reparation-d-ordinateurs-et-de-telephones.json,775,7
sirene/80/reparation-de-machines-et-d-electronique.json,6158,55
sirene/80/reseaux-electriques-et-telecoms.json,970,8
sirene/80/restaurants.json,39433,362
sirene/80/restauration-collective-cantines-entreprises.json,6170,45
sirene/80/restauration-rapide.json,37959,345
sirene/80/scieries-preparation-du-bois.json,805,7
sirene/80/secretariat-accueil-centres-d-appels.json,11894,102
sirene/80/securite-privee-surveillance.json,3071,26
sirene/80/services-a-l-elevage-marechalerie.json,707,6
sirene/80/services-informatiques-reseaux.json,5380,50
sirene/80/spectacle-musees-bibliotheques.json,10488,90
sirene/80/superettes-alimentation-generale.json,5695,52
sirene/80/supermarches-grandes-surfaces.json,22656,205
sirene/80/tapisserie-decoration-textile.json,701,6
sirene/80/telecommunications.json,3473,29
sirene/80/traitement-des-dechets-dangereux.json,474,4
sirene/80/traiteurs.json,2628,24
sirene/80/transformation-de-poissons-crustaces-mollusques.json,108,1
sirene/80/transformation-de-viandes.json,1740,15
sirene/80/transport-de-marchandises-livraison.json,22256,195
sirene/80/transport-de-voyageurs.json,9663,84
sirene/80/travaux-agricoles-services-aux-cultures.json,10959,104
sirene/80/travaux-publics-routes-reseaux.json,12915,113
sirene/80/usinage-mecanique-outillage.json,10430,90
sirene/80/vetements-chaussures-accessoires.json,22917,202
sirene/80/veterinaires-soins-aux-animaux.json,7694,65
sirene/80/viticulture-vinification.json,319,3
sirene/81/activites-sportives-dont-ecuries-de-course.json,2102,17
sirene/81/aeronautique.json,209,2
sirene/81/agences-immobilieres-gestion-de-logements.json,18205,156
sirene/81/aide-a-domicile.json,13183,110
sirene/81/ambulances.json,5023,37
sirene/81/aquaculture-pisciculture-conchyliculture.json,117,1
sirene/81/architectes.json,4997,43
sirene/81/armurerie-fabrication-d-armes.json,127,1
sirene/81/associations-animation-solidarite.json,23669,188
sirene/81/audiovisuel-cinema-son.json,1638,15
sirene/81/autres-elevages-dont-animaux-de-compagnie-apiculture.json,1164,9
sirene/81/banques-assurances.json,21329,163
sirene/81/bateaux-nautisme.json,3,0
sirene/81/bijouterie-horlogerie.json,903,8
sirene/81/boucherie-charcuterie-poissonnerie.json,12202,105
sirene/81/boulangerie-patisserie.json,19930,176
sirene/81/bureaux-d-etudes-economistes-de-la-construction.json,13449,117
sirene/81/cafes-bars.json,9871,91
sirene/81/ceramique-verre-d-art-instruments-de-musique.json,482,4
sirene/81/chaudronnerie-soudure-structures-metalliques.json,3215,28
sirene/81/chimie-pharmacie-cosmetiques-papier.json,3725,33
sirene/81/chocolaterie-confiserie-glaces.json,1662,14
sirene/81/clubs-et-salles-de-sport.json,27905,229
sirene/81/coiffure.json,14990,130
sirene/81/commerce-de-gros-entre-entreprises.json,23657,205
sirene/81/comptabilite-conseil-gestion.json,40720,328
sirene/81/concessionnaires-vente-de-vehicules-et-pieces.json,23421,204
sirene/81/construction-de-navires.json,3,0
sirene/81/construction-maconnerie-gros-uvre.json,54927,482
sirene/81/couture-confection.json,1497,13
sirene/81/creches-petite-enfance.json,12506,103
sirene/81/cuir-maroquinerie-cordonnerie.json,2483,21
sirene/81/cultures-specialisees-vergers-cultures-tropicales.json,647,6
sirene/81/dechets-recyclage-assainissement.json,19737,127
sirene/81/demenagement.json,1272,10
sirene/81/eau-potable-captage-traitement-distribution.json,5850,39
sirene/81/ebenisterie-meubles-restauration-de-meubles.json,2942,26
sirene/81/ecoles-de-sport-equitation.json,1568,13
sirene/81/ecoles-maternelles-et-elementaires.json,42172,306
sirene/81/electricite-du-batiment.json,15964,145
sirene/81/electronique-materiel-electrique.json,1197,10
sirene/81/elements-prefabriques-en-beton.json,1238,11
sirene/81/elevage-bovin-ovin-caprin-porcin-volailles.json,20707,183
sirene/81/elevage-de-chevaux-haras.json,1076,10
sirene/81/enseignement-culturel-conservatoires.json,1854,17
sirene/81/enseignes-signaletique-marquage.json,790,6
sirene/81/entrepots-logistique.json,4786,41
sirene/81/esthetique-soins-de-beaute.json,4052,35
sirene/81/fabrication-de-monnaies-medailles.json,3,0
sirene/81/fleuristes-jardineries.json,5839,51
sirene/81/fleurs-artificielles-parures-de-mode.json,3,0
sirene/81/fonderies.json,230,2
sirene/81/forets-travaux-forestiers.json,5355,45
sirene/81/froid-industriel-installation-de-machines.json,1687,14
sirene/81/garages-carrosseries-voitures.json,31205,272
sirene/81/geometres-experts-topographie.json,1853,17
sirene/81/grossistes-en-fruits-et-legumes.json,1812,16
sirene/81/grossistes-en-poissons-crustaces-mollusques.json,3,0
sirene/81/grossistes-en-viandes.json,1304,11
sirene/81/guides-offices-de-tourisme.json,2172,15
sirene/81/handicap-foyers-esat-ime.json,10138,65
sirene/81/hopitaux-cliniques-laboratoires.json,14501,104
sirene/81/horticulture-maraichage-agriculture.json,14459,129
sirene/81/hotels.json,9751,83
sirene/81/imprimerie-prepresse-reliure.json,4227,36
sirene/81/industrie-agroalimentaire.json,4795,43
sirene/81/interim-recrutement.json,11135,93
sirene/81/laboratoires-d-analyses-et-d-essais.json,672,5
sirene/81/laboratoires-de-recherche-scientifique.json,1955,14
sirene/81/loisirs-animation.json,22541,175
sirene/81/magasins-specialises-bricolage-maison-sport-high-tech.json,36310,314
sirene/81/maintenance-d-equipements-ascenseurs.json,2839,25
sirene/81/mairies-administrations.json,63725,483
sirene/81/materiels-agricoles-engins-de-chantier.json,7618,68
sirene/81/menuiserie-agencement-serrurerie.json,22658,194
sirene/81/motos-scooters.json,2425,20
sirene/81/navigation-fluviale.json,3,0
sirene/81/navigation-maritime-plaisance-professionnelle.json,3,0
sirene/81/nettoyage-proprete.json,8049,71
sirene/81/objets-en-bois-liege-vannerie.json,122,1
sirene/81/optique-photonique-instruments-de-mesure.json,794,7
sirene/81/parcs-naturels-jardins-botaniques-et-zoologiques.json,400,4
sirene/81/parfumerie-cosmetiques.json,2294,20
sirene/81/paysagistes-espaces-verts.json,10352,92
sirene/81/peche-professionnelle.json,3,0
sirene/81/peinture-platre-carrelage-sols-isolation.json,19158,175
sirene/81/personnes-agees-ehpad-residences.json,10440,79
sirene/81/pharmacie-optique-protheses.json,30385,258
sirene/81/photographie.json,527,5
sirene/81/plastique-verre-materiaux.json,1798,15
sirene/81/plomberie-chauffage-climatisation-froid.json,21318,188
sirene/81/poids-lourds-utilitaires.json,1083,9
sirene/81/poste-courrier.json,3,0
sirene/81/pressing-blanchisserie-retouches.json,2433,21
sirene/81/primeur-fromagerie-epicerie-fine-cave.json,7168,62
sirene/81/production-et-distribution-d-energie.json,12065,102
sirene/81/publicite-design-graphique.json,4274,40
sirene/81/remontees-mecaniques-telepheriques.json,3,0
sirene/81/reparation-d-ordinateurs-et-de-telephones.json,1404,12
sirene/81/reparation-de-machines-et-d-electronique.json,5208,45
sirene/81/reseaux-electriques-et-telecoms.json,1356,11
sirene/81/restaurants.json,28962,265
sirene/81/restauration-collective-cantines-entreprises.json,3221,24
sirene/81/restauration-rapide.json,19260,175
sirene/81/scieries-preparation-du-bois.json,2356,21
sirene/81/secretariat-accueil-centres-d-appels.json,10660,92
sirene/81/securite-privee-surveillance.json,2729,22
sirene/81/services-a-l-elevage-marechalerie.json,728,7
sirene/81/services-informatiques-reseaux.json,5770,55
sirene/81/spectacle-musees-bibliotheques.json,10023,86
sirene/81/superettes-alimentation-generale.json,5919,53
sirene/81/supermarches-grandes-surfaces.json,18006,157
sirene/81/tapisserie-decoration-textile.json,804,7
sirene/81/telecommunications.json,1570,13
sirene/81/traitement-des-dechets-dangereux.json,217,2
sirene/81/traiteurs.json,2272,20
sirene/81/transformation-de-poissons-crustaces-mollusques.json,3,0
sirene/81/transformation-de-viandes.json,2662,23
sirene/81/transport-de-marchandises-livraison.json,13446,117
sirene/81/transport-de-voyageurs.json,8636,68
sirene/81/travaux-agricoles-services-aux-cultures.json,4335,38
sirene/81/travaux-publics-routes-reseaux.json,14003,125
sirene/81/usinage-mecanique-outillage.json,6590,56
sirene/81/vetements-chaussures-accessoires.json,20830,187
sirene/81/veterinaires-soins-aux-animaux.json,8250,63
sirene/81/viticulture-vinification.json,9088,80
sirene/82/activites-sportives-dont-ecuries-de-course.json,1058,9
sirene/82/aeronautique.json,187,2
sirene/82/agences-immobilieres-gestion-de-logements.json,11517,93
sirene/82/aide-a-domicile.json,7215,56
sirene/82/ambulances.json,3182,23
sirene/82/aquaculture-pisciculture-conchyliculture.json,3,0
sirene/82/architectes.json,3309,28
sirene/82/armurerie-fabrication-d-armes.json,3,0
sirene/82/associations-animation-solidarite.json,30918,212
sirene/82/audiovisuel-cinema-son.json,344,3
sirene/82/autres-elevages-dont-animaux-de-compagnie-apiculture.json,198,2
sirene/82/banques-assurances.json,15079,111
sirene/82/bateaux-nautisme.json,128,1
sirene/82/bijouterie-horlogerie.json,259,2
sirene/82/boucherie-charcuterie-poissonnerie.json,5957,51
sirene/82/boulangerie-patisserie.json,14255,124
sirene/82/bureaux-d-etudes-economistes-de-la-construction.json,8767,79
sirene/82/cafes-bars.json,5786,54
sirene/82/ceramique-verre-d-art-instruments-de-musique.json,104,1
sirene/82/chaudronnerie-soudure-structures-metalliques.json,2564,22
sirene/82/chimie-pharmacie-cosmetiques-papier.json,1171,10
sirene/82/chocolaterie-confiserie-glaces.json,494,4
sirene/82/clubs-et-salles-de-sport.json,18640,151
sirene/82/coiffure.json,13457,120
sirene/82/commerce-de-gros-entre-entreprises.json,14251,120
sirene/82/comptabilite-conseil-gestion.json,23556,193
sirene/82/concessionnaires-vente-de-vehicules-et-pieces.json,19503,171
sirene/82/construction-de-navires.json,3,0
sirene/82/construction-maconnerie-gros-uvre.json,26016,237
sirene/82/couture-confection.json,1036,9
sirene/82/creches-petite-enfance.json,6644,54
sirene/82/cuir-maroquinerie-cordonnerie.json,99,1
sirene/82/cultures-specialisees-vergers-cultures-tropicales.json,17895,161
sirene/82/dechets-recyclage-assainissement.json,7472,55
sirene/82/demenagement.json,385,3
sirene/82/eau-potable-captage-traitement-distribution.json,3086,22
sirene/82/ebenisterie-meubles-restauration-de-meubles.json,1218,10
sirene/82/ecoles-de-sport-equitation.json,1627,14
sirene/82/ecoles-maternelles-et-elementaires.json,26308,187
sirene/82/electricite-du-batiment.json,9742,87
sirene/82/electronique-materiel-electrique.json,1054,9
sirene/82/elements-prefabriques-en-beton.json,1000,8
sirene/82/elevage-bovin-ovin-caprin-porcin-volailles.json,5789,54
sirene/82/elevage-de-chevaux-haras.json,827,7
sirene/82/enseignement-culturel-conservatoires.json,788,7
sirene/82/enseignes-signaletique-marquage.json,128,1
sirene/82/entrepots-logistique.json,5134,42
sirene/82/esthetique-soins-de-beaute.json,4042,35
sirene/82/fabrication-de-monnaies-medailles.json,3,0
sirene/82/fleuristes-jardineries.json,5390,46
sirene/82/fleurs-artificielles-parures-de-mode.json,3,0
sirene/82/fonderies.json,3,0
sirene/82/forets-travaux-forestiers.json,734,6
sirene/82/froid-industriel-installation-de-machines.json,1356,11
sirene/82/garages-carrosseries-voitures.json,17472,151
sirene/82/geometres-experts-topographie.json,1527,13
sirene/82/grossistes-en-fruits-et-legumes.json,7987,69
sirene/82/grossistes-en-poissons-crustaces-mollusques.json,3,0
sirene/82/grossistes-en-viandes.json,120,1
sirene/82/guides-offices-de-tourisme.json,1939,13
sirene/82/handicap-foyers-esat-ime.json,4647,33
sirene/82/hopitaux-cliniques-laboratoires.json,8826,66
sirene/82/horticulture-maraichage-agriculture.json,16491,149
sirene/82/hotels.json,8244,71
sirene/82/imprimerie-prepresse-reliure.json,1977,17
sirene/82/industrie-agroalimentaire.json,1743,15
sirene/82/interim-recrutement.json,12639,105
sirene/82/laboratoires-d-analyses-et-d-essais.json,287,2
sirene/82/laboratoires-de-recherche-scientifique.json,1157,11
sirene/82/loisirs-animation.json,14837,114
sirene/82/magasins-specialises-bricolage-maison-sport-high-tech.json,22629,193
sirene/82/maintenance-d-equipements-ascenseurs.json,1154,10
sirene/82/mairies-administrations.json,43328,314
sirene/82/materiels-agricoles-engins-de-chantier.json,6799,58
sirene/82/menuiserie-agencement-serrurerie.json,9237,84
sirene/82/motos-scooters.json,1084,10
sirene/82/navigation-fluviale.json,3,0
sirene/82/navigation-maritime-plaisance-professionnelle.json,146,1
sirene/82/nettoyage-proprete.json,5806,50
sirene/82/objets-en-bois-liege-vannerie.json,3,0
sirene/82/optique-photonique-instruments-de-mesure.json,267,2
sirene/82/parcs-naturels-jardins-botaniques-et-zoologiques.json,254,2
sirene/82/parfumerie-cosmetiques.json,1429,12
sirene/82/paysagistes-espaces-verts.json,4767,41
sirene/82/peche-professionnelle.json,3,0
sirene/82/peinture-platre-carrelage-sols-isolation.json,12627,115
sirene/82/personnes-agees-ehpad-residences.json,6668,48
sirene/82/pharmacie-optique-protheses.json,20571,168
sirene/82/photographie.json,592,5
sirene/82/plastique-verre-materiaux.json,617,5
sirene/82/plomberie-chauffage-climatisation-froid.json,14287,125
sirene/82/poids-lourds-utilitaires.json,1170,10
sirene/82/poste-courrier.json,195,2
sirene/82/pressing-blanchisserie-retouches.json,1789,15
sirene/82/primeur-fromagerie-epicerie-fine-cave.json,3850,33
sirene/82/production-et-distribution-d-energie.json,4715,43
sirene/82/publicite-design-graphique.json,3712,33
sirene/82/remontees-mecaniques-telepheriques.json,3,0
sirene/82/reparation-d-ordinateurs-et-de-telephones.json,1051,9
sirene/82/reparation-de-machines-et-d-electronique.json,2694,23
sirene/82/reseaux-electriques-et-telecoms.json,1761,14
sirene/82/restaurants.json,19574,176
sirene/82/restauration-collective-cantines-entreprises.json,3476,26
sirene/82/restauration-rapide.json,15488,139
sirene/82/scieries-preparation-du-bois.json,494,4
sirene/82/secretariat-accueil-centres-d-appels.json,5357,45
sirene/82/securite-privee-surveillance.json,1529,12
sirene/82/services-a-l-elevage-marechalerie.json,606,5
sirene/82/services-informatiques-reseaux.json,1898,19
sirene/82/spectacle-musees-bibliotheques.json,4738,39
sirene/82/superettes-alimentation-generale.json,3931,33
sirene/82/supermarches-grandes-surfaces.json,12468,114
sirene/82/tapisserie-decoration-textile.json,226,2
sirene/82/telecommunications.json,1854,16
sirene/82/traitement-des-dechets-dangereux.json,115,1
sirene/82/traiteurs.json,2169,19
sirene/82/transformation-de-poissons-crustaces-mollusques.json,3,0
sirene/82/transformation-de-viandes.json,1133,10
sirene/82/transport-de-marchandises-livraison.json,12633,108
sirene/82/transport-de-voyageurs.json,6617,55
sirene/82/travaux-agricoles-services-aux-cultures.json,2352,20
sirene/82/travaux-publics-routes-reseaux.json,9475,85
sirene/82/usinage-mecanique-outillage.json,4103,36
sirene/82/vetements-chaussures-accessoires.json,11198,96
sirene/82/veterinaires-soins-aux-animaux.json,4472,35
sirene/82/viticulture-vinification.json,3289,28
sirene/83/activites-sportives-dont-ecuries-de-course.json,6714,51
sirene/83/aeronautique.json,1209,9
sirene/83/agences-immobilieres-gestion-de-logements.json,153190,1231
sirene/83/aide-a-domicile.json,32698,255
sirene/83/ambulances.json,14227,106
sirene/83/aquaculture-pisciculture-conchyliculture.json,954,7
sirene/83/architectes.json,18272,148
sirene/83/armurerie-fabrication-d-armes.json,3,0
sirene/83/associations-animation-solidarite.json,82739,598
sirene/83/audiovisuel-cinema-son.json,4523,38
sirene/83/autres-elevages-dont-animaux-de-compagnie-apiculture.json,1344,11
sirene/83/banques-assurances.json,46622,346
sirene/83/bateaux-nautisme.json,21168,170
sirene/83/bijouterie-horlogerie.json,4269,36
sirene/83/boucherie-charcuterie-poissonnerie.json,26885,222
sirene/83/boulangerie-patisserie.json,69244,572
sirene/83/bureaux-d-etudes-economistes-de-la-construction.json,64485,516
sirene/83/cafes-bars.json,49826,434
sirene/83/ceramique-verre-d-art-instruments-de-musique.json,1181,10
sirene/83/chaudronnerie-soudure-structures-metalliques.json,5547,44
sirene/83/chimie-pharmacie-cosmetiques-papier.json,5721,46
sirene/83/chocolaterie-confiserie-glaces.json,6090,51
sirene/83/clubs-et-salles-de-sport.json,70038,528
sirene/83/coiffure.json,64887,544
sirene/83/commerce-de-gros-entre-entreprises.json,74158,605
sirene/83/comptabilite-conseil-gestion.json,162595,1287
sirene/83/concessionnaires-vente-de-vehicules-et-pieces.json,59989,487
sirene/83/construction-de-navires.json,1508,12
sirene/83/construction-maconnerie-gros-uvre.json,170807,1420
sirene/83/couture-confection.json,2411,20
sirene/83/creches-petite-enfance.json,37730,283
sirene/83/cuir-maroquinerie-cordonnerie.json,3245,25
sirene/83/cultures-specialisees-vergers-cultures-tropicales.json,5461,44
sirene/83/dechets-recyclage-assainissement.json,29277,219
sirene/83/demenagement.json,5344,39
sirene/83/eau-potable-captage-traitement-distribution.json,9819,69
sirene/83/ebenisterie-meubles-restauration-de-meubles.json,4212,34
sirene/83/ecoles-de-sport-equitation.json,15892,125
sirene/83/ecoles-maternelles-et-elementaires.json,66611,462
sirene/83/electricite-du-batiment.json,65345,536
sirene/83/electronique-materiel-electrique.json,3544,28
sirene/83/elements-prefabriques-en-beton.json,891,7
sirene/83/elevage-bovin-ovin-caprin-porcin-volailles.json,1658,14
sirene/83/elevage-de-chevaux-haras.json,1719,15
sirene/83/enseignement-culturel-conservatoires.json,4830,38
sirene/83/enseignes-signaletique-marquage.json,1241,10
sirene/83/entrepots-logistique.json,12511,97
sirene/83/esthetique-soins-de-beaute.json,23485,196
sirene/83/fabrication-de-monnaies-medailles.json,3,0
sirene/83/fleuristes-jardineries.json,17385,144
sirene/83/fleurs-artificielles-parures-de-mode.json,3,0
sirene/83/fonderies.json,3,0
sirene/83/forets-travaux-forestiers.json,2201,18
sirene/83/froid-industriel-installation-de-machines.json,3351,27
sirene/83/garages-carrosseries-voitures.json,90917,742
sirene/83/geometres-experts-topographie.json,6687,55
sirene/83/grossistes-en-fruits-et-legumes.json,3866,34
sirene/83/grossistes-en-poissons-crustaces-mollusques.json,1891,14
sirene/83/grossistes-en-viandes.json,872,7
sirene/83/guides-offices-de-tourisme.json,5179,33
sirene/83/handicap-foyers-esat-ime.json,17061,126
sirene/83/hopitaux-cliniques-laboratoires.json,27569,197
sirene/83/horticulture-maraichage-agriculture.json,16498,141
sirene/83/hotels.json,86933,681
sirene/83/imprimerie-prepresse-reliure.json,6727,55
sirene/83/industrie-agroalimentaire.json,7757,63
sirene/83/interim-recrutement.json,25399,198
sirene/83/laboratoires-d-analyses-et-d-essais.json,1228,9
sirene/83/laboratoires-de-recherche-scientifique.json,3379,26
sirene/83/loisirs-animation.json,59804,449
sirene/83/magasins-specialises-bricolage-maison-sport-high-tech.json,140444,1154
sirene/83/maintenance-d-equipements-ascenseurs.json,10282,78
sirene/83/mairies-administrations.json,64112,432
sirene/83/materiels-agricoles-engins-de-chantier.json,14218,113
sirene/83/menuiserie-agencement-serrurerie.json,70356,568
sirene/83/motos-scooters.json,11002,93
sirene/83/navigation-fluviale.json,270,2
sirene/83/navigation-maritime-plaisance-professionnelle.json,3228,25
sirene/83/nettoyage-proprete.json,54086,442
sirene/83/objets-en-bois-liege-vannerie.json,764,6
sirene/83/optique-photonique-instruments-de-mesure.json,1261,10
sirene/83/parcs-naturels-jardins-botaniques-et-zoologiques.json,1869,13
sirene/83/parfumerie-cosmetiques.json,12903,105
sirene/83/paysagistes-espaces-verts.json,55744,461
sirene/83/peche-professionnelle.json,99,1
sirene/83/peinture-platre-carrelage-sols-isolation.json,77057,636
sirene/83/personnes-agees-ehpad-residences.json,26478,196
sirene/83/pharmacie-optique-protheses.json,103735,813
sirene/83/photographie.json,3401,29
sirene/83/plastique-verre-materiaux.json,2306,18
sirene/83/plomberie-chauffage-climatisation-froid.json,77813,640
sirene/83/poids-lourds-utilitaires.json,3580,29
sirene/83/poste-courrier.json,115,1
sirene/83/pressing-blanchisserie-retouches.json,13195,103
sirene/83/primeur-fromagerie-epicerie-fine-cave.json,26712,222
sirene/83/production-et-distribution-d-energie.json,6173,43
sirene/83/publicite-design-graphique.json,17724,147
sirene/83/remontees-mecaniques-telepheriques.json,143,1
sirene/83/reparation-d-ordinateurs-et-de-telephones.json,4576,36
sirene/83/reparation-de-machines-et-d-electronique.json,9497,74
sirene/83/reseaux-electriques-et-telecoms.json,2856,21
sirene/83/restaurants.json,195733,1679
sirene/83/restauration-collective-cantines-entreprises.json,9886,72
sirene/83/restauration-rapide.json,121007,1042
sirene/83/scieries-preparation-du-bois.json,3219,26
sirene/83/secretariat-accueil-centres-d-appels.json,39628,328
sirene/83/securite-privee-surveillance.json,17298,139
sirene/83/services-a-l-elevage-marechalerie.json,978,8
sirene/83/services-informatiques-reseaux.json,17419,151
sirene/83/spectacle-musees-bibliotheques.json,24221,198
sirene/83/superettes-alimentation-generale.json,18800,155
sirene/83/supermarches-grandes-surfaces.json,61674,527
sirene/83/tapisserie-decoration-textile.json,5045,40
sirene/83/telecommunications.json,4539,39
sirene/83/traitement-des-dechets-dangereux.json,118,1
sirene/83/traiteurs.json,12573,103
sirene/83/transformation-de-poissons-crustaces-mollusques.json,244,2
sirene/83/transformation-de-viandes.json,1011,9
sirene/83/transport-de-marchandises-livraison.json,38705,314
sirene/83/transport-de-voyageurs.json,28586,233
sirene/83/travaux-agricoles-services-aux-cultures.json,6962,61
sirene/83/travaux-publics-routes-reseaux.json,41307,340
sirene/83/usinage-mecanique-outillage.json,7050,54
sirene/83/vetements-chaussures-accessoires.json,105188,896
sirene/83/veterinaires-soins-aux-animaux.json,28590,230
sirene/83/viticulture-vinification.json,58763,488
sirene/84/activites-sportives-dont-ecuries-de-course.json,3600,29
sirene/84/aeronautique.json,370,3
sirene/84/agences-immobilieres-gestion-de-logements.json,46225,393
sirene/84/aide-a-domicile.json,16456,131
sirene/84/ambulances.json,12006,94
sirene/84/aquaculture-pisciculture-conchyliculture.json,3,0
sirene/84/architectes.json,7934,68
sirene/84/armurerie-fabrication-d-armes.json,3,0
sirene/84/associations-animation-solidarite.json,41137,308
sirene/84/audiovisuel-cinema-son.json,4283,37
sirene/84/autres-elevages-dont-animaux-de-compagnie-apiculture.json,852,7
sirene/84/banques-assurances.json,24333,188
sirene/84/bateaux-nautisme.json,465,4
sirene/84/bijouterie-horlogerie.json,1233,11
sirene/84/boucherie-charcuterie-poissonnerie.json,12359,109
sirene/84/boulangerie-patisserie.json,37714,327
sirene/84/bureaux-d-etudes-economistes-de-la-construction.json,34175,292
sirene/84/cafes-bars.json,21383,193
sirene/84/ceramique-verre-d-art-instruments-de-musique.json,1858,15
sirene/84/chaudronnerie-soudure-structures-metalliques.json,5742,47
sirene/84/chimie-pharmacie-cosmetiques-papier.json,7461,60
sirene/84/chocolaterie-confiserie-glaces.json,4616,39
sirene/84/clubs-et-salles-de-sport.json,40242,321
sirene/84/coiffure.json,27259,245
sirene/84/commerce-de-gros-entre-entreprises.json,45477,386
sirene/84/comptabilite-conseil-gestion.json,87446,717
sirene/84/concessionnaires-vente-de-vehicules-et-pieces.json,40344,334
sirene/84/construction-de-navires.json,3,0
sirene/84/construction-maconnerie-gros-uvre.json,85919,749
sirene/84/couture-confection.json,2052,18
sirene/84/creches-petite-enfance.json,15437,121
sirene/84/cuir-maroquinerie-cordonnerie.json,1758,14
sirene/84/cultures-specialisees-vergers-cultures-tropicales.json,17025,150
sirene/84/dechets-recyclage-assainissement.json,15897,118
sirene/84/demenagement.json,1581,11
sirene/84/eau-potable-captage-traitement-distribution.json,4316,30
sirene/84/ebenisterie-meubles-restauration-de-meubles.json,2839,24
sirene/84/ecoles-de-sport-equitation.json,4099,34
sirene/84/ecoles-maternelles-et-elementaires.json,49787,353
sirene/84/electricite-du-batiment.json,32321,282
sirene/84/electronique-materiel-electrique.json,1699,15
sirene/84/elements-prefabriques-en-beton.json,1422,13
sirene/84/elevage-bovin-ovin-caprin-porcin-volailles.json,1606,14
sirene/84/elevage-de-chevaux-haras.json,802,7
sirene/84/enseignement-culturel-conservatoires.json,3847,31
sirene/84/enseignes-signaletique-marquage.json,930,8
sirene/84/entrepots-logistique.json,15618,131
sirene/84/esthetique-soins-de-beaute.json,10080,90
sirene/84/fabrication-de-monnaies-medailles.json,3,0
sirene/84/fleuristes-jardineries.json,10155,87
sirene/84/fleurs-artificielles-parures-de-mode.json,106,1
sirene/84/fonderies.json,3,0
sirene/84/forets-travaux-forestiers.json,1081,9
sirene/84/froid-industriel-installation-de-machines.json,2769,23
sirene/84/garages-carrosseries-voitures.json,43489,370
sirene/84/geometres-experts-topographie.json,3498,28
sirene/84/grossistes-en-fruits-et-legumes.json,14285,121
sirene/84/grossistes-en-poissons-crustaces-mollusques.json,349,3
sirene/84/grossistes-en-viandes.json,1190,10
sirene/84/guides-offices-de-tourisme.json,5175,32
sirene/84/handicap-foyers-esat-ime.json,11302,79
sirene/84/hopitaux-cliniques-laboratoires.json,19502,154
sirene/84/horticulture-maraichage-agriculture.json,25231,219
sirene/84/hotels.json,39800,337
sirene/84/imprimerie-prepresse-reliure.json,4746,41
sirene/84/industrie-agroalimentaire.json,6490,54
sirene/84/interim-recrutement.json,29254,239
sirene/84/laboratoires-d-analyses-et-d-essais.json,660,5
sirene/84/laboratoires-de-recherche-scientifique.json,4082,30
sirene/84/loisirs-animation.json,33583,266
sirene/84/magasins-specialises-bricolage-maison-sport-high-tech.json,79175,667
sirene/84/maintenance-d-equipements-ascenseurs.json,7128,59
sirene/84/mairies-administrations.json,51925,354
sirene/84/materiels-agricoles-engins-de-chantier.json,15182,130
sirene/84/menuiserie-agencement-serrurerie.json,33267,278
sirene/84/motos-scooters.json,3655,32
sirene/84/navigation-fluviale.json,264,2
sirene/84/navigation-maritime-plaisance-professionnelle.json,3,0
sirene/84/nettoyage-proprete.json,18988,162
sirene/84/objets-en-bois-liege-vannerie.json,844,7
sirene/84/optique-photonique-instruments-de-mesure.json,373,3
sirene/84/parcs-naturels-jardins-botaniques-et-zoologiques.json,296,2
sirene/84/parfumerie-cosmetiques.json,6871,55
sirene/84/paysagistes-espaces-verts.json,22038,186
sirene/84/peche-professionnelle.json,3,0
sirene/84/peinture-platre-carrelage-sols-isolation.json,34107,298
sirene/84/personnes-agees-ehpad-residences.json,10498,84
sirene/84/pharmacie-optique-protheses.json,54110,441
sirene/84/photographie.json,1957,17
sirene/84/plastique-verre-materiaux.json,2635,22
sirene/84/plomberie-chauffage-climatisation-froid.json,34252,293
sirene/84/poids-lourds-utilitaires.json,2913,24
sirene/84/poste-courrier.json,100,1
sirene/84/pressing-blanchisserie-retouches.json,5978,51
sirene/84/primeur-fromagerie-epicerie-fine-cave.json,17078,147
sirene/84/production-et-distribution-d-energie.json,8306,70
sirene/84/publicite-design-graphique.json,8473,75
sirene/84/remontees-mecaniques-telepheriques.json,3,0
sirene/84/reparation-d-ordinateurs-et-de-telephones.json,2344,21
sirene/84/reparation-de-machines-et-d-electronique.json,7431,63
sirene/84/reseaux-electriques-et-telecoms.json,2515,21
sirene/84/restaurants.json,79838,703
sirene/84/restauration-collective-cantines-entreprises.json,6191,47
sirene/84/restauration-rapide.json,47869,428
sirene/84/scieries-preparation-du-bois.json,1389,11
sirene/84/secretariat-accueil-centres-d-appels.json,20122,173
sirene/84/securite-privee-surveillance.json,8256,70
sirene/84/services-a-l-elevage-marechalerie.json,3,0
sirene/84/services-informatiques-reseaux.json,9857,86
sirene/84/spectacle-musees-bibliotheques.json,20961,178
sirene/84/superettes-alimentation-generale.json,11768,100
sirene/84/supermarches-grandes-surfaces.json,28345,251
sirene/84/tapisserie-decoration-textile.json,1831,15
sirene/84/telecommunications.json,3534,34
sirene/84/traitement-des-dechets-dangereux.json,357,3
sirene/84/traiteurs.json,5898,50
sirene/84/transformation-de-poissons-crustaces-mollusques.json,254,2
sirene/84/transformation-de-viandes.json,1628,14
sirene/84/transport-de-marchandises-livraison.json,41361,361
sirene/84/transport-de-voyageurs.json,14867,123
sirene/84/travaux-agricoles-services-aux-cultures.json,7363,66
sirene/84/travaux-publics-routes-reseaux.json,22733,195
sirene/84/usinage-mecanique-outillage.json,5906,49
sirene/84/vetements-chaussures-accessoires.json,47027,414
sirene/84/veterinaires-soins-aux-animaux.json,10371,87
sirene/84/viticulture-vinification.json,84826,723
sirene/85/activites-sportives-dont-ecuries-de-course.json,3765,29
sirene/85/aeronautique.json,404,3
sirene/85/agences-immobilieres-gestion-de-logements.json,51922,394
sirene/85/aide-a-domicile.json,31784,226
sirene/85/ambulances.json,10257,76
sirene/85/aquaculture-pisciculture-conchyliculture.json,11653,101
sirene/85/architectes.json,13754,112
sirene/85/armurerie-fabrication-d-armes.json,3,0
sirene/85/associations-animation-solidarite.json,43854,316
sirene/85/audiovisuel-cinema-son.json,2852,23
sirene/85/autres-elevages-dont-animaux-de-compagnie-apiculture.json,2628,24
sirene/85/banques-assurances.json,40314,289
sirene/85/bateaux-nautisme.json,7075,57
sirene/85/bijouterie-horlogerie.json,1111,9
sirene/85/boucherie-charcuterie-poissonnerie.json,18455,152
sirene/85/boulangerie-patisserie.json,42044,346
sirene/85/bureaux-d-etudes-economistes-de-la-construction.json,29414,243
sirene/85/cafes-bars.json,28080,237
sirene/85/ceramique-verre-d-art-instruments-de-musique.json,501,4
sirene/85/chaudronnerie-soudure-structures-metalliques.json,10212,81
sirene/85/chimie-pharmacie-cosmetiques-papier.json,3120,24
sirene/85/chocolaterie-confiserie-glaces.json,2056,17
sirene/85/clubs-et-salles-de-sport.json,66302,491
sirene/85/coiffure.json,39146,325
sirene/85/commerce-de-gros-entre-entreprises.json,38612,303
sirene/85/comptabilite-conseil-gestion.json,72279,563
sirene/85/concessionnaires-vente-de-vehicules-et-pieces.json,36500,289
sirene/85/construction-de-navires.json,1204,10
sirene/85/construction-maconnerie-gros-uvre.json,95234,774
sirene/85/couture-confection.json,3869,32
sirene/85/creches-petite-enfance.json,22322,160
sirene/85/cuir-maroquinerie-cordonnerie.json,3593,27
sirene/85/cultures-specialisees-vergers-cultures-tropicales.json,1429,12
sirene/85/dechets-recyclage-assainissement.json,19354,143
sirene/85/demenagement.json,1990,14
sirene/85/eau-potable-captage-traitement-distribution.json,2129,15
sirene/85/ebenisterie-meubles-restauration-de-meubles.json,10396,82
sirene/85/ecoles-de-sport-equitation.json,5442,45
sirene/85/ecoles-maternelles-et-elementaires.json,49426,308
sirene/85/electricite-du-batiment.json,34508,280
sirene/85/electronique-materiel-electrique.json,2039,17
sirene/85/elements-prefabriques-en-beton.json,2353,19
sirene/85/elevage-bovin-ovin-caprin-porcin-volailles.json,80258,740
sirene/85/elevage-de-chevaux-haras.json,2874,26
sirene/85/enseignement-culturel-conservatoires.json,6714,54
sirene/85/enseignes-signaletique-marquage.json,1881,14
sirene/85/entrepots-logistique.json,10626,84
sirene/85/esthetique-soins-de-beaute.json,14924,121
sirene/85/fabrication-de-monnaies-medailles.json,3,0
sirene/85/fleuristes-jardineries.json,15050,123
sirene/85/fleurs-artificielles-parures-de-mode.json,3,0
sirene/85/fonderies.json,229,2
sirene/85/forets-travaux-forestiers.json,1420,12
sirene/85/froid-industriel-installation-de-machines.json,2924,22
sirene/85/garages-carrosseries-voitures.json,58555,471
sirene/85/geometres-experts-topographie.json,3274,25
sirene/85/grossistes-en-fruits-et-legumes.json,1959,17
sirene/85/grossistes-en-poissons-crustaces-mollusques.json,4082,33
sirene/85/grossistes-en-viandes.json,1435,12
sirene/85/guides-offices-de-tourisme.json,5293,37
sirene/85/handicap-foyers-esat-ime.json,17649,113
sirene/85/hopitaux-cliniques-laboratoires.json,21985,144
sirene/85/horticulture-maraichage-agriculture.json,41998,377
sirene/85/hotels.json,31074,251
sirene/85/imprimerie-prepresse-reliure.json,6650,53
sirene/85/industrie-agroalimentaire.json,8267,66
sirene/85/interim-recrutement.json,37486,284
sirene/85/laboratoires-d-analyses-et-d-essais.json,544,4
sirene/85/laboratoires-de-recherche-scientifique.json,1287,10
sirene/85/loisirs-animation.json,47650,336
sirene/85/magasins-specialises-bricolage-maison-sport-high-tech.json,77706,624
sirene/85/maintenance-d-equipements-ascenseurs.json,4153,33
sirene/85/mairies-administrations.json,104755,695
sirene/85/materiels-agricoles-engins-de-chantier.json,18952,156
sirene/85/menuiserie-agencement-serrurerie.json,77766,625
sirene/85/motos-scooters.json,4591,37
sirene/85/navigation-fluviale.json,3,0
sirene/85/navigation-maritime-plaisance-professionnelle.json,1395,11
sirene/85/nettoyage-proprete.json,21852,172
sirene/85/objets-en-bois-liege-vannerie.json,94,1
sirene/85/optique-photonique-instruments-de-mesure.json,111,1
sirene/85/parcs-naturels-jardins-botaniques-et-zoologiques.json,881,7
sirene/85/parfumerie-cosmetiques.json,4686,37
sirene/85/paysagistes-espaces-verts.json,34078,281
sirene/85/peche-professionnelle.json,3599,29
sirene/85/peinture-platre-carrelage-sols-isolation.json,68792,567
sirene/85/personnes-agees-ehpad-residences.json,31433,197
sirene/85/pharmacie-optique-protheses.json,54602,428
sirene/85/photographie.json,691,6
sirene/85/plastique-verre-materiaux.json,4334,35
sirene/85/plomberie-chauffage-climatisation-froid.json,45381,358
sirene/85/poids-lourds-utilitaires.json,5888,45
sirene/85/poste-courrier.json,301,3
sirene/85/pressing-blanchisserie-retouches.json,6958,55
sirene/85/primeur-fromagerie-epicerie-fine-cave.json,12707,103
sirene/85/production-et-distribution-d-energie.json,14707,127
sirene/85/publicite-design-graphique.json,12570,103
sirene/85/remontees-mecaniques-telepheriques.json,3,0
sirene/85/reparation-d-ordinateurs-et-de-telephones.json,2968,24
sirene/85/reparation-de-machines-et-d-electronique.json,11611,92
sirene/85/reseaux-electriques-et-telecoms.json,1966,16
sirene/85/restaurants.json,76710,641
sirene/85/restauration-collective-cantines-entreprises.json,8972,62
sirene/85/restauration-rapide.json,41138,343
sirene/85/scieries-preparation-du-bois.json,1413,12
sirene/85/secretariat-accueil-centres-d-appels.json,22424,187
sirene/85/securite-privee-surveillance.json,4171,34
sirene/85/services-a-l-elevage-marechalerie.json,1752,16
sirene/85/services-informatiques-reseaux.json,8590,71
sirene/85/spectacle-musees-bibliotheques.json,16061,130
sirene/85/superettes-alimentation-generale.json,8403,67
sirene/85/supermarches-grandes-surfaces.json,28518,237
sirene/85/tapisserie-decoration-textile.json,2553,18
sirene/85/telecommunications.json,2143,18
sirene/85/traitement-des-dechets-dangereux.json,383,3
sirene/85/traiteurs.json,4810,40
sirene/85/transformation-de-poissons-crustaces-mollusques.json,1571,13
sirene/85/transformation-de-viandes.json,5838,49
sirene/85/transport-de-marchandises-livraison.json,31620,254
sirene/85/transport-de-voyageurs.json,13159,97
sirene/85/travaux-agricoles-services-aux-cultures.json,11721,106
sirene/85/travaux-publics-routes-reseaux.json,24605,201
sirene/85/usinage-mecanique-outillage.json,14505,114
sirene/85/vetements-chaussures-accessoires.json,53288,431
sirene/85/veterinaires-soins-aux-animaux.json,13603,108
sirene/85/viticulture-vinification.json,2130,18
sirene/86/activites-sportives-dont-ecuries-de-course.json,1607,12
sirene/86/aeronautique.json,675,5
sirene/86/agences-immobilieres-gestion-de-logements.json,19567,157
sirene/86/aide-a-domicile.json,16591,124
sirene/86/ambulances.json,6591,51
sirene/86/aquaculture-pisciculture-conchyliculture.json,132,1
sirene/86/architectes.json,4308,35
sirene/86/armurerie-fabrication-d-armes.json,107,1
sirene/86/associations-animation-solidarite.json,35700,266
sirene/86/audiovisuel-cinema-son.json,2233,21
sirene/86/autres-elevages-dont-animaux-de-compagnie-apiculture.json,1947,17
sirene/86/banques-assurances.json,24231,173
sirene/86/bateaux-nautisme.json,3,0
sirene/86/bijouterie-horlogerie.json,105,1
sirene/86/boucherie-charcuterie-poissonnerie.json,6892,58
sirene/86/boulangerie-patisserie.json,20151,175
sirene/86/bureaux-d-etudes-economistes-de-la-construction.json,18201,151
sirene/86/cafes-bars.json,9744,87
sirene/86/ceramique-verre-d-art-instruments-de-musique.json,435,4
sirene/86/chaudronnerie-soudure-structures-metalliques.json,4571,38
sirene/86/chimie-pharmacie-cosmetiques-papier.json,2019,17
sirene/86/chocolaterie-confiserie-glaces.json,379,3
sirene/86/clubs-et-salles-de-sport.json,34565,270
sirene/86/coiffure.json,17147,153
sirene/86/commerce-de-gros-entre-entreprises.json,17211,142
sirene/86/comptabilite-conseil-gestion.json,36033,292
sirene/86/concessionnaires-vente-de-vehicules-et-pieces.json,20859,174
sirene/86/construction-de-navires.json,3,0
sirene/86/construction-maconnerie-gros-uvre.json,36412,318
sirene/86/couture-confection.json,1167,10
sirene/86/creches-petite-enfance.json,9685,71
sirene/86/cuir-maroquinerie-cordonnerie.json,640,5
sirene/86/cultures-specialisees-vergers-cultures-tropicales.json,1039,9
sirene/86/dechets-recyclage-assainissement.json,10666,81
sirene/86/demenagement.json,1136,8
sirene/86/eau-potable-captage-traitement-distribution.json,1493,11
sirene/86/ebenisterie-meubles-restauration-de-meubles.json,2764,25
sirene/86/ecoles-de-sport-equitation.json,1795,15
sirene/86/ecoles-maternelles-et-elementaires.json,51164,351
sirene/86/electricite-du-batiment.json,12897,116
sirene/86/electronique-materiel-electrique.json,2255,17
sirene/86/elements-prefabriques-en-beton.json,804,7
sirene/86/elevage-bovin-ovin-caprin-porcin-volailles.json,12219,109
sirene/86/elevage-de-chevaux-haras.json,1677,15
sirene/86/enseignement-culturel-conservatoires.json,4271,34
sirene/86/enseignes-signaletique-marquage.json,488,4
sirene/86/entrepots-logistique.json,6911,57
sirene/86/esthetique-soins-de-beaute.json,7044,60
sirene/86/fabrication-de-monnaies-medailles.json,3,0
sirene/86/fleuristes-jardineries.json,6065,51
sirene/86/fleurs-artificielles-parures-de-mode.json,3,0
sirene/86/fonderies.json,3,0
sirene/86/forets-travaux-forestiers.json,2489,21
sirene/86/froid-industriel-installation-de-machines.json,942,7
sirene/86/garages-carrosseries-voitures.json,28402,241
sirene/86/geometres-experts-topographie.json,983,8
sirene/86/grossistes-en-fruits-et-legumes.json,584,5
sirene/86/grossistes-en-poissons-crustaces-mollusques.json,151,1
sirene/86/grossistes-en-viandes.json,708,6
sirene/86/guides-offices-de-tourisme.json,1999,14
sirene/86/handicap-foyers-esat-ime.json,13659,103
sirene/86/hopitaux-cliniques-laboratoires.json,10741,76
sirene/86/horticulture-maraichage-agriculture.json,47085,435
sirene/86/hotels.json,18467,143
sirene/86/imprimerie-prepresse-reliure.json,1943,16
sirene/86/industrie-agroalimentaire.json,2417,21
sirene/86/interim-recrutement.json,12286,99
sirene/86/laboratoires-d-analyses-et-d-essais.json,731,5
sirene/86/laboratoires-de-recherche-scientifique.json,2087,17
sirene/86/loisirs-animation.json,29120,216
sirene/86/magasins-specialises-bricolage-maison-sport-high-tech.json,34167,284
sirene/86/maintenance-d-equipements-ascenseurs.json,2897,24
sirene/86/mairies-administrations.json,76889,550
sirene/86/materiels-agricoles-engins-de-chantier.json,15081,130
sirene/86/menuiserie-agencement-serrurerie.json,22543,190
sirene/86/motos-scooters.json,2590,23
sirene/86/navigation-fluviale.json,3,0
sirene/86/navigation-maritime-plaisance-professionnelle.json,3,0
sirene/86/nettoyage-proprete.json,10535,89
sirene/86/objets-en-bois-liege-vannerie.json,124,1
sirene/86/optique-photonique-instruments-de-mesure.json,435,4
sirene/86/parcs-naturels-jardins-botaniques-et-zoologiques.json,525,4
sirene/86/parfumerie-cosmetiques.json,2917,24
sirene/86/paysagistes-espaces-verts.json,11831,101
sirene/86/peche-professionnelle.json,3,0
sirene/86/peinture-platre-carrelage-sols-isolation.json,17854,160
sirene/86/personnes-agees-ehpad-residences.json,15855,107
sirene/86/pharmacie-optique-protheses.json,31157,251
sirene/86/photographie.json,671,6
sirene/86/plastique-verre-materiaux.json,1889,15
sirene/86/plomberie-chauffage-climatisation-froid.json,17625,155
sirene/86/poids-lourds-utilitaires.json,1261,10
sirene/86/poste-courrier.json,104,1
sirene/86/pressing-blanchisserie-retouches.json,2398,20
sirene/86/primeur-fromagerie-epicerie-fine-cave.json,3576,31
sirene/86/production-et-distribution-d-energie.json,11265,108
sirene/86/publicite-design-graphique.json,5745,48
sirene/86/remontees-mecaniques-telepheriques.json,3,0
sirene/86/reparation-d-ordinateurs-et-de-telephones.json,1595,13
sirene/86/reparation-de-machines-et-d-electronique.json,3562,30
sirene/86/reseaux-electriques-et-telecoms.json,1176,10
sirene/86/restaurants.json,28975,253
sirene/86/restauration-collective-cantines-entreprises.json,10676,76
sirene/86/restauration-rapide.json,23212,202
sirene/86/scieries-preparation-du-bois.json,1820,15
sirene/86/secretariat-accueil-centres-d-appels.json,12516,104
sirene/86/securite-privee-surveillance.json,1855,16
sirene/86/services-a-l-elevage-marechalerie.json,338,3
sirene/86/services-informatiques-reseaux.json,4811,42
sirene/86/spectacle-musees-bibliotheques.json,12422,103
sirene/86/superettes-alimentation-generale.json,5566,47
sirene/86/supermarches-grandes-surfaces.json,14736,125
sirene/86/tapisserie-decoration-textile.json,633,5
sirene/86/telecommunications.json,2505,21
sirene/86/traitement-des-dechets-dangereux.json,160,1
sirene/86/traiteurs.json,1990,17
sirene/86/transformation-de-poissons-crustaces-mollusques.json,127,1
sirene/86/transformation-de-viandes.json,2262,19
sirene/86/transport-de-marchandises-livraison.json,14760,123
sirene/86/transport-de-voyageurs.json,6265,51
sirene/86/travaux-agricoles-services-aux-cultures.json,6619,62
sirene/86/travaux-publics-routes-reseaux.json,8508,73
sirene/86/usinage-mecanique-outillage.json,6838,56
sirene/86/vetements-chaussures-accessoires.json,18697,163
sirene/86/veterinaires-soins-aux-animaux.json,6460,53
sirene/86/viticulture-vinification.json,2084,18
sirene/87/activites-sportives-dont-ecuries-de-course.json,2075,14
sirene/87/aeronautique.json,501,4
sirene/87/agences-immobilieres-gestion-de-logements.json,19812,166
sirene/87/aide-a-domicile.json,10372,76
sirene/87/ambulances.json,6118,47
sirene/87/aquaculture-pisciculture-conchyliculture.json,398,3
sirene/87/architectes.json,3129,26
sirene/87/armurerie-fabrication-d-armes.json,3,0
sirene/87/associations-animation-solidarite.json,22757,168
sirene/87/audiovisuel-cinema-son.json,473,4
sirene/87/autres-elevages-dont-animaux-de-compagnie-apiculture.json,594,5
sirene/87/banques-assurances.json,22508,164
sirene/87/bateaux-nautisme.json,119,1
sirene/87/bijouterie-horlogerie.json,322,3
sirene/87/boucherie-charcuterie-poissonnerie.json,7257,64
sirene/87/boulangerie-patisserie.json,19492,168
sirene/87/bureaux-d-etudes-economistes-de-la-construction.json,14154,124
sirene/87/cafes-bars.json,10578,98
sirene/87/ceramique-verre-d-art-instruments-de-musique.json,4502,39
sirene/87/chaudronnerie-soudure-structures-metalliques.json,1175,9
sirene/87/chimie-pharmacie-cosmetiques-papier.json,3780,31
sirene/87/chocolaterie-confiserie-glaces.json,780,6
sirene/87/clubs-et-salles-de-sport.json,23342,182
sirene/87/coiffure.json,16768,151
sirene/87/commerce-de-gros-entre-entreprises.json,17699,151
sirene/87/comptabilite-conseil-gestion.json,29568,252
sirene/87/concessionnaires-vente-de-vehicules-et-pieces.json,15644,132
sirene/87/construction-de-navires.json,3,0
sirene/87/construction-maconnerie-gros-uvre.json,30696,275
sirene/87/couture-confection.json,1374,13
sirene/87/creches-petite-enfance.json,10219,77
sirene/87/cuir-maroquinerie-cordonnerie.json,1536,13
sirene/87/cultures-specialisees-vergers-cultures-tropicales.json,1499,13
sirene/87/dechets-recyclage-assainissement.json,22336,157
sirene/87/demenagement.json,1875,15
sirene/87/eau-potable-captage-traitement-distribution.json,5854,43
sirene/87/ebenisterie-meubles-restauration-de-meubles.json,1143,10
sirene/87/ecoles-de-sport-equitation.json,1049,9
sirene/87/ecoles-maternelles-et-elementaires.json,24788,177
sirene/87/electricite-du-batiment.json,12942,113
sirene/87/electronique-materiel-electrique.json,851,7
sirene/87/elements-prefabriques-en-beton.json,540,5
sirene/87/elevage-bovin-ovin-caprin-porcin-volailles.json,25385,241
sirene/87/elevage-de-chevaux-haras.json,1072,10
sirene/87/enseignement-culturel-conservatoires.json,2035,15
sirene/87/enseignes-signaletique-marquage.json,579,5
sirene/87/entrepots-logistique.json,2962,24
sirene/87/esthetique-soins-de-beaute.json,5754,53
sirene/87/fabrication-de-monnaies-medailles.json,3,0
sirene/87/fleuristes-jardineries.json,7475,64
sirene/87/fleurs-artificielles-parures-de-mode.json,3,0
sirene/87/fonderies.json,3,0
sirene/87/forets-travaux-forestiers.json,5243,46
sirene/87/froid-industriel-installation-de-machines.json,984,8
sirene/87/garages-carrosseries-voitures.json,20909,182
sirene/87/geometres-experts-topographie.json,1117,10
sirene/87/grossistes-en-fruits-et-legumes.json,669,6
sirene/87/grossistes-en-poissons-crustaces-mollusques.json,343,3
sirene/87/grossistes-en-viandes.json,545,5
sirene/87/guides-offices-de-tourisme.json,2437,17
sirene/87/handicap-foyers-esat-ime.json,11878,82
sirene/87/hopitaux-cliniques-laboratoires.json,13046,85
sirene/87/horticulture-maraichage-agriculture.json,5196,47
sirene/87/hotels.json,11786,102
sirene/87/imprimerie-prepresse-reliure.json,4633,41
sirene/87/industrie-agroalimentaire.json,2223,17
sirene/87/interim-recrutement.json,11554,94
sirene/87/laboratoires-d-analyses-et-d-essais.json,977,7
sirene/87/laboratoires-de-recherche-scientifique.json,2968,19
sirene/87/loisirs-animation.json,27805,199
sirene/87/magasins-specialises-bricolage-maison-sport-high-tech.json,34984,298
sirene/87/maintenance-d-equipements-ascenseurs.json,1933,17
sirene/87/mairies-administrations.json,65931,454
sirene/87/materiels-agricoles-engins-de-chantier.json,8086,67
sirene/87/menuiserie-agencement-serrurerie.json,16250,146
sirene/87/motos-scooters.json,2403,22
sirene/87/navigation-fluviale.json,3,0
sirene/87/navigation-maritime-plaisance-professionnelle.json,3,0
sirene/87/nettoyage-proprete.json,7464,66
sirene/87/objets-en-bois-liege-vannerie.json,1421,11
sirene/87/optique-photonique-instruments-de-mesure.json,556,5
sirene/87/parcs-naturels-jardins-botaniques-et-zoologiques.json,515,4
sirene/87/parfumerie-cosmetiques.json,2227,20
sirene/87/paysagistes-espaces-verts.json,7530,64
sirene/87/peche-professionnelle.json,3,0
sirene/87/peinture-platre-carrelage-sols-isolation.json,16885,152
sirene/87/personnes-agees-ehpad-residences.json,7752,55
sirene/87/pharmacie-optique-protheses.json,28130,234
sirene/87/photographie.json,261,2
sirene/87/plastique-verre-materiaux.json,2298,19
sirene/87/plomberie-chauffage-climatisation-froid.json,18358,160
sirene/87/poids-lourds-utilitaires.json,1601,14
sirene/87/poste-courrier.json,976,10
sirene/87/pressing-blanchisserie-retouches.json,3233,27
sirene/87/primeur-fromagerie-epicerie-fine-cave.json,3730,34
sirene/87/production-et-distribution-d-energie.json,4419,37
sirene/87/publicite-design-graphique.json,3798,34
sirene/87/remontees-mecaniques-telepheriques.json,3,0
sirene/87/reparation-d-ordinateurs-et-de-telephones.json,1366,12
sirene/87/reparation-de-machines-et-d-electronique.json,4280,38
sirene/87/reseaux-electriques-et-telecoms.json,1623,14
sirene/87/restaurants.json,24568,221
sirene/87/restauration-collective-cantines-entreprises.json,3215,23
sirene/87/restauration-rapide.json,25036,226
sirene/87/scieries-preparation-du-bois.json,3619,31
sirene/87/secretariat-accueil-centres-d-appels.json,10766,88
sirene/87/securite-privee-surveillance.json,2232,19
sirene/87/services-a-l-elevage-marechalerie.json,1177,10
sirene/87/services-informatiques-reseaux.json,3811,36
sirene/87/spectacle-musees-bibliotheques.json,14192,116
sirene/87/superettes-alimentation-generale.json,4989,42
sirene/87/supermarches-grandes-surfaces.json,13337,119
sirene/87/tapisserie-decoration-textile.json,860,8
sirene/87/telecommunications.json,2277,20
sirene/87/traitement-des-dechets-dangereux.json,177,1
sirene/87/traiteurs.json,1527,14
sirene/87/transformation-de-poissons-crustaces-mollusques.json,140,1
sirene/87/transformation-de-viandes.json,1494,13
sirene/87/transport-de-marchandises-livraison.json,13602,116
sirene/87/transport-de-voyageurs.json,8517,68
sirene/87/travaux-agricoles-services-aux-cultures.json,2004,18
sirene/87/travaux-publics-routes-reseaux.json,8714,77
sirene/87/usinage-mecanique-outillage.json,4570,39
sirene/87/vetements-chaussures-accessoires.json,20136,178
sirene/87/veterinaires-soins-aux-animaux.json,6082,51
sirene/87/viticulture-vinification.json,123,1
sirene/88/activites-sportives-dont-ecuries-de-course.json,1683,14
sirene/88/aeronautique.json,213,2
sirene/88/agences-immobilieres-gestion-de-logements.json,20345,170
sirene/88/aide-a-domicile.json,8678,66
sirene/88/ambulances.json,7949,63
sirene/88/aquaculture-pisciculture-conchyliculture.json,115,1
sirene/88/architectes.json,2958,26
sirene/88/armurerie-fabrication-d-armes.json,3,0
sirene/88/associations-animation-solidarite.json,18226,142
sirene/88/audiovisuel-cinema-son.json,1725,15
sirene/88/autres-elevages-dont-animaux-de-compagnie-apiculture.json,261,2
sirene/88/banques-assurances.json,19531,154
sirene/88/bateaux-nautisme.json,116,1
sirene/88/bijouterie-horlogerie.json,792,7
sirene/88/boucherie-charcuterie-poissonnerie.json,10856,92
sirene/88/boulangerie-patisserie.json,23633,203
sirene/88/bureaux-d-etudes-economistes-de-la-construction.json,13490,118
sirene/88/cafes-bars.json,12554,112
sirene/88/ceramique-verre-d-art-instruments-de-musique.json,795,6
sirene/88/chaudronnerie-soudure-structures-metalliques.json,3894,35
sirene/88/chimie-pharmacie-cosmetiques-papier.json,3287,28
sirene/88/chocolaterie-confiserie-glaces.json,2393,19
sirene/88/clubs-et-salles-de-sport.json,21591,170
sirene/88/coiffure.json,16271,145
sirene/88/commerce-de-gros-entre-entreprises.json,21866,189
sirene/88/comptabilite-conseil-gestion.json,29730,249
sirene/88/concessionnaires-vente-de-vehicules-et-pieces.json,24209,213
sirene/88/construction-de-navires.json,3,0
sirene/88/construction-maconnerie-gros-uvre.json,40350,356
sirene/88/couture-confection.json,1536,13
sirene/88/creches-petite-enfance.json,6154,50
sirene/88/cuir-maroquinerie-cordonnerie.json,531,4
sirene/88/cultures-specialisees-vergers-cultures-tropicales.json,729,7
sirene/88/dechets-recyclage-assainissement.json,29746,214
sirene/88/demenagement.json,555,5
sirene/88/eau-potable-captage-traitement-distribution.json,13582,107
sirene/88/ebenisterie-meubles-restauration-de-meubles.json,4474,38
sirene/88/ecoles-de-sport-equitation.json,2039,17
sirene/88/ecoles-maternelles-et-elementaires.json,62691,446
sirene/88/electricite-du-batiment.json,11873,106
sirene/88/electronique-materiel-electrique.json,1768,14
sirene/88/elements-prefabriques-en-beton.json,812,7
sirene/88/elevage-bovin-ovin-caprin-porcin-volailles.json,29767,266
sirene/88/elevage-de-chevaux-haras.json,594,5
sirene/88/enseignement-culturel-conservatoires.json,1775,14
sirene/88/enseignes-signaletique-marquage.json,789,7
sirene/88/entrepots-logistique.json,7081,60
sirene/88/esthetique-soins-de-beaute.json,4112,36
sirene/88/fabrication-de-monnaies-medailles.json,3,0
sirene/88/fleuristes-jardineries.json,7340,67
sirene/88/fleurs-artificielles-parures-de-mode.json,3,0
sirene/88/fonderies.json,3,0
sirene/88/forets-travaux-forestiers.json,27119,212
sirene/88/froid-industriel-installation-de-machines.json,1143,10
sirene/88/garages-carrosseries-voitures.json,24562,211
sirene/88/geometres-experts-topographie.json,2018,16
sirene/88/grossistes-en-fruits-et-legumes.json,591,5
sirene/88/grossistes-en-poissons-crustaces-mollusques.json,244,2
sirene/88/grossistes-en-viandes.json,1218,11
sirene/88/guides-offices-de-tourisme.json,3524,24
sirene/88/handicap-foyers-esat-ime.json,8285,58
sirene/88/hopitaux-cliniques-laboratoires.json,16484,113
sirene/88/horticulture-maraichage-agriculture.json,13411,119
sirene/88/hotels.json,24021,199
sirene/88/imprimerie-prepresse-reliure.json,2865,24
sirene/88/industrie-agroalimentaire.json,4183,36
sirene/88/interim-recrutement.json,8389,71
sirene/88/laboratoires-d-analyses-et-d-essais.json,312,2
sirene/88/laboratoires-de-recherche-scientifique.json,479,3
sirene/88/loisirs-animation.json,24454,184
sirene/88/magasins-specialises-bricolage-maison-sport-high-tech.json,36412,309
sirene/88/maintenance-d-equipements-ascenseurs.json,2393,19
sirene/88/mairies-administrations.json,96866,729
sirene/88/materiels-agricoles-engins-de-chantier.json,7329,63
sirene/88/menuiserie-agencement-serrurerie.json,27774,239
sirene/88/motos-scooters.json,1760,15
sirene/88/navigation-fluviale.json,547,5
sirene/88/navigation-maritime-plaisance-professionnelle.json,3,0
sirene/88/nettoyage-proprete.json,6724,57
sirene/88/objets-en-bois-liege-vannerie.json,871,8
sirene/88/optique-photonique-instruments-de-mesure.json,102,1
sirene/88/parcs-naturels-jardins-botaniques-et-zoologiques.json,575,4
sirene/88/parfumerie-cosmetiques.json,1099,10
sirene/88/paysagistes-espaces-verts.json,8883,80
sirene/88/peche-professionnelle.json,3,0
sirene/88/peinture-platre-carrelage-sols-isolation.json,21519,190
sirene/88/personnes-agees-ehpad-residences.json,11297,81
sirene/88/pharmacie-optique-protheses.json,29878,251
sirene/88/photographie.json,1150,10
sirene/88/plastique-verre-materiaux.json,3335,27
sirene/88/plomberie-chauffage-climatisation-froid.json,20773,181
sirene/88/poids-lourds-utilitaires.json,1922,17
sirene/88/poste-courrier.json,190,2
sirene/88/pressing-blanchisserie-retouches.json,2031,18
sirene/88/primeur-fromagerie-epicerie-fine-cave.json,1340,12
sirene/88/production-et-distribution-d-energie.json,7580,68
sirene/88/publicite-design-graphique.json,3828,34
sirene/88/remontees-mecaniques-telepheriques.json,696,6
sirene/88/reparation-d-ordinateurs-et-de-telephones.json,1221,11
sirene/88/reparation-de-machines-et-d-electronique.json,5727,48
sirene/88/reseaux-electriques-et-telecoms.json,1279,11
sirene/88/restaurants.json,31555,281
sirene/88/restauration-collective-cantines-entreprises.json,2684,19
sirene/88/restauration-rapide.json,19728,179
sirene/88/scieries-preparation-du-bois.json,6823,60
sirene/88/secretariat-accueil-centres-d-appels.json,6607,55
sirene/88/securite-privee-surveillance.json,1635,12
sirene/88/services-a-l-elevage-marechalerie.json,195,2
sirene/88/services-informatiques-reseaux.json,2873,26
sirene/88/spectacle-musees-bibliotheques.json,5971,48
sirene/88/superettes-alimentation-generale.json,6187,54
sirene/88/supermarches-grandes-surfaces.json,12412,110
sirene/88/tapisserie-decoration-textile.json,3712,31
sirene/88/telecommunications.json,1115,10
sirene/88/traitement-des-dechets-dangereux.json,3,0
sirene/88/traiteurs.json,2719,24
sirene/88/transformation-de-poissons-crustaces-mollusques.json,3,0
sirene/88/transformation-de-viandes.json,1831,14
sirene/88/transport-de-marchandises-livraison.json,20834,175
sirene/88/transport-de-voyageurs.json,7164,60
sirene/88/travaux-agricoles-services-aux-cultures.json,2848,26
sirene/88/travaux-publics-routes-reseaux.json,14651,129
sirene/88/usinage-mecanique-outillage.json,8387,69
sirene/88/vetements-chaussures-accessoires.json,22165,203
sirene/88/veterinaires-soins-aux-animaux.json,6187,50
sirene/88/viticulture-vinification.json,3,0
sirene/89/activites-sportives-dont-ecuries-de-course.json,950,8
sirene/89/aeronautique.json,136,1
sirene/89/agences-immobilieres-gestion-de-logements.json,11678,98
sirene/89/aide-a-domicile.json,7483,60
sirene/89/ambulances.json,2103,18
sirene/89/aquaculture-pisciculture-conchyliculture.json,105,1
sirene/89/architectes.json,1974,17
sirene/89/armurerie-fabrication-d-armes.json,3,0
sirene/89/associations-animation-solidarite.json,15279,121
sirene/89/audiovisuel-cinema-son.json,1415,12
sirene/89/autres-elevages-dont-animaux-de-compagnie-apiculture.json,488,4
sirene/89/banques-assurances.json,15068,121
sirene/89/bateaux-nautisme.json,207,2
sirene/89/bijouterie-horlogerie.json,96,1
sirene/89/boucherie-charcuterie-poissonnerie.json,6308,55
sirene/89/boulangerie-patisserie.json,15915,137
sirene/89/bureaux-d-etudes-economistes-de-la-construction.json,10735,91
sirene/89/cafes-bars.json,8474,78
sirene/89/ceramique-verre-d-art-instruments-de-musique.json,269,2
sirene/89/chaudronnerie-soudure-structures-metalliques.json,3566,31
sirene/89/chimie-pharmacie-cosmetiques-papier.json,3192,27
sirene/89/chocolaterie-confiserie-glaces.json,1439,13
sirene/89/clubs-et-salles-de-sport.json,16565,129
sirene/89/coiffure.json,12448,116
sirene/89/commerce-de-gros-entre-entreprises.json,16749,145
sirene/89/comptabilite-conseil-gestion.json,25105,217
sirene/89/concessionnaires-vente-de-vehicules-et-pieces.json,18716,165
sirene/89/construction-de-navires.json,3,0
sirene/89/construction-maconnerie-gros-uvre.json,32430,293
sirene/89/couture-confection.json,331,3
sirene/89/creches-petite-enfance.json,6506,52
sirene/89/cuir-maroquinerie-cordonnerie.json,1272,10
sirene/89/cultures-specialisees-vergers-cultures-tropicales.json,565,5
sirene/89/dechets-recyclage-assainissement.json,24681,183
sirene/89/demenagement.json,803,6
sirene/89/eau-potable-captage-traitement-distribution.json,16521,120
sirene/89/ebenisterie-meubles-restauration-de-meubles.json,2731,24
sirene/89/ecoles-de-sport-equitation.json,2215,18
sirene/89/ecoles-maternelles-et-elementaires.json,58499,435
sirene/89/electricite-du-batiment.json,11359,101
sirene/89/electronique-materiel-electrique.json,928,8
sirene/89/elements-prefabriques-en-beton.json,772,7
sirene/89/elevage-bovin-ovin-caprin-porcin-volailles.json,6404,58
sirene/89/elevage-de-chevaux-haras.json,554,5
sirene/89/enseignement-culturel-conservatoires.json,1720,14
sirene/89/enseignes-signaletique-marquage.json,320,3
sirene/89/entrepots-logistique.json,5682,47
sirene/89/esthetique-soins-de-beaute.json,4248,39
sirene/89/fabrication-de-monnaies-medailles.json,3,0
sirene/89/fleuristes-jardineries.json,4848,44
sirene/89/fleurs-artificielles-parures-de-mode.json,3,0
sirene/89/fonderies.json,113,1
sirene/89/forets-travaux-forestiers.json,4254,38
sirene/89/froid-industriel-installation-de-machines.json,1785,14
sirene/89/garages-carrosseries-voitures.json,19511,172
sirene/89/geometres-experts-topographie.json,1130,9
sirene/89/grossistes-en-fruits-et-legumes.json,859,8
sirene/89/grossistes-en-poissons-crustaces-mollusques.json,97,1
sirene/89/grossistes-en-viandes.json,236,2
sirene/89/guides-offices-de-tourisme.json,2554,18
sirene/89/handicap-foyers-esat-ime.json,6335,41
sirene/89/hopitaux-cliniques-laboratoires.json,9342,69
sirene/89/horticulture-maraichage-agriculture.json,29977,275
sirene/89/hotels.json,12693,106
sirene/89/imprimerie-prepresse-reliure.json,2578,23
sirene/89/industrie-agroalimentaire.json,1879,15
sirene/89/interim-recrutement.json,13686,117
sirene/89/laboratoires-d-analyses-et-d-essais.json,700,5
sirene/89/laboratoires-de-recherche-scientifique.json,507,5
sirene/89/loisirs-animation.json,20504,160
sirene/89/magasins-specialises-bricolage-maison-sport-high-tech.json,27292,233
sirene/89/maintenance-d-equipements-ascenseurs.json,1317,11
sirene/89/mairies-administrations.json,94597,717
sirene/89/materiels-agricoles-engins-de-chantier.json,7127,62
sirene/89/menuiserie-agencement-serrurerie.json,18433,165
sirene/89/motos-scooters.json,1906,17
sirene/89/navigation-fluviale.json,1756,17
sirene/89/navigation-maritime-plaisance-professionnelle.json,3,0
sirene/89/nettoyage-proprete.json,5067,45
sirene/89/objets-en-bois-liege-vannerie.json,350,3
sirene/89/optique-photonique-instruments-de-mesure.json,3,0
sirene/89/parcs-naturels-jardins-botaniques-et-zoologiques.json,278,2
sirene/89/parfumerie-cosmetiques.json,1688,14
sirene/89/paysagistes-espaces-verts.json,10688,94
sirene/89/peche-professionnelle.json,3,0
sirene/89/peinture-platre-carrelage-sols-isolation.json,9808,89
sirene/89/personnes-agees-ehpad-residences.json,10245,80
sirene/89/pharmacie-optique-protheses.json,20288,172
sirene/89/photographie.json,795,7
sirene/89/plastique-verre-materiaux.json,3923,33
sirene/89/plomberie-chauffage-climatisation-froid.json,16587,150
sirene/89/poids-lourds-utilitaires.json,1345,11
sirene/89/poste-courrier.json,703,7
sirene/89/pressing-blanchisserie-retouches.json,1882,16
sirene/89/primeur-fromagerie-epicerie-fine-cave.json,3958,35
sirene/89/production-et-distribution-d-energie.json,2912,25
sirene/89/publicite-design-graphique.json,3136,28
sirene/89/remontees-mecaniques-telepheriques.json,3,0
sirene/89/reparation-d-ordinateurs-et-de-telephones.json,1741,14
sirene/89/reparation-de-machines-et-d-electronique.json,4964,44
sirene/89/reseaux-electriques-et-telecoms.json,2057,17
sirene/89/restaurants.json,22723,203
sirene/89/restauration-collective-cantines-entreprises.json,3851,31
sirene/89/restauration-rapide.json,18152,165
sirene/89/scieries-preparation-du-bois.json,1255,11
sirene/89/secretariat-accueil-centres-d-appels.json,7105,65
sirene/89/securite-privee-surveillance.json,2316,20
sirene/89/services-a-l-elevage-marechalerie.json,756,7
sirene/89/services-informatiques-reseaux.json,2949,28
sirene/89/spectacle-musees-bibliotheques.json,8584,73
sirene/89/superettes-alimentation-generale.json,3581,32
sirene/89/supermarches-grandes-surfaces.json,18721,162
sirene/89/tapisserie-decoration-textile.json,697,6
sirene/89/telecommunications.json,1791,15
sirene/89/traitement-des-dechets-dangereux.json,115,1
sirene/89/traiteurs.json,2928,26
sirene/89/transformation-de-poissons-crustaces-mollusques.json,105,1
sirene/89/transformation-de-viandes.json,949,9
sirene/89/transport-de-marchandises-livraison.json,12723,111
sirene/89/transport-de-voyageurs.json,10105,85
sirene/89/travaux-agricoles-services-aux-cultures.json,7176,65
sirene/89/travaux-publics-routes-reseaux.json,7738,67
sirene/89/usinage-mecanique-outillage.json,5584,42
sirene/89/vetements-chaussures-accessoires.json,11073,95
sirene/89/veterinaires-soins-aux-animaux.json,5852,47
sirene/89/viticulture-vinification.json,38896,344
sirene/90/activites-sportives-dont-ecuries-de-course.json,397,3
sirene/90/aeronautique.json,3,0
sirene/90/agences-immobilieres-gestion-de-logements.json,5497,45
sirene/90/aide-a-domicile.json,7254,58
sirene/90/ambulances.json,981,7
sirene/90/aquaculture-pisciculture-conchyliculture.json,112,1
sirene/90/architectes.json,1416,12
sirene/90/armurerie-fabrication-d-armes.json,119,1
sirene/90/associations-animation-solidarite.json,19859,143
sirene/90/audiovisuel-cinema-son.json,305,3
sirene/90/autres-elevages-dont-animaux-de-compagnie-apiculture.json,3,0
sirene/90/banques-assurances.json,8481,67
sirene/90/bateaux-nautisme.json,3,0
sirene/90/bijouterie-horlogerie.json,93,1
sirene/90/boucherie-charcuterie-poissonnerie.json,2660,22
sirene/90/boulangerie-patisserie.json,6914,60
sirene/90/bureaux-d-etudes-economistes-de-la-construction.json,9319,80
sirene/90/cafes-bars.json,2528,24
sirene/90/ceramique-verre-d-art-instruments-de-musique.json,3,0
sirene/90/chaudronnerie-soudure-structures-metalliques.json,587,5
sirene/90/chimie-pharmacie-cosmetiques-papier.json,335,3
sirene/90/chocolaterie-confiserie-glaces.json,233,2
sirene/90/clubs-et-salles-de-sport.json,6931,54
sirene/90/coiffure.json,7709,68
sirene/90/commerce-de-gros-entre-entreprises.json,5797,53
sirene/90/comptabilite-conseil-gestion.json,13077,107
sirene/90/concessionnaires-vente-de-vehicules-et-pieces.json,6700,58
sirene/90/construction-de-navires.json,3,0
sirene/90/construction-maconnerie-gros-uvre.json,9946,91
sirene/90/couture-confection.json,230,2
sirene/90/creches-petite-enfance.json,3432,28
sirene/90/cuir-maroquinerie-cordonnerie.json,3,0
sirene/90/cultures-specialisees-vergers-cultures-tropicales.json,3,0
sirene/90/dechets-recyclage-assainissement.json,2467,19
sirene/90/demenagement.json,564,5
sirene/90/eau-potable-captage-traitement-distribution.json,801,6
sirene/90/ebenisterie-meubles-restauration-de-meubles.json,254,2
sirene/90/ecoles-de-sport-equitation.json,1004,8
sirene/90/ecoles-maternelles-et-elementaires.json,20486,153
sirene/90/electricite-du-batiment.json,5148,46
sirene/90/electronique-materiel-electrique.json,1053,9
sirene/90/elements-prefabriques-en-beton.json,192,2
sirene/90/elevage-bovin-ovin-caprin-porcin-volailles.json,3013,27
sirene/90/elevage-de-chevaux-haras.json,3,0
sirene/90/enseignement-culturel-conservatoires.json,100,1
sirene/90/enseignes-signaletique-marquage.json,124,1
sirene/90/entrepots-logistique.json,2633,22
sirene/90/esthetique-soins-de-beaute.json,1747,16
sirene/90/fabrication-de-monnaies-medailles.json,3,0
sirene/90/fleuristes-jardineries.json,2526,22
sirene/90/fleurs-artificielles-parures-de-mode.json,3,0
sirene/90/fonderies.json,353,3
sirene/90/forets-travaux-forestiers.json,367,3
sirene/90/froid-industriel-installation-de-machines.json,129,1
sirene/90/garages-carrosseries-voitures.json,9301,82
sirene/90/geometres-experts-topographie.json,634,5
sirene/90/grossistes-en-fruits-et-legumes.json,3,0
sirene/90/grossistes-en-poissons-crustaces-mollusques.json,3,0
sirene/90/grossistes-en-viandes.json,303,3
sirene/90/guides-offices-de-tourisme.json,119,1
sirene/90/handicap-foyers-esat-ime.json,3114,23
sirene/90/hopitaux-cliniques-laboratoires.json,2894,19
sirene/90/horticulture-maraichage-agriculture.json,1647,15
sirene/90/hotels.json,3136,27
sirene/90/imprimerie-prepresse-reliure.json,259,2
sirene/90/industrie-agroalimentaire.json,119,1
sirene/90/interim-recrutement.json,3324,28
sirene/90/laboratoires-d-analyses-et-d-essais.json,3,0
sirene/90/laboratoires-de-recherche-scientifique.json,344,3
sirene/90/loisirs-animation.json,8989,66
sirene/90/magasins-specialises-bricolage-maison-sport-high-tech.json,10470,91
sirene/90/maintenance-d-equipements-ascenseurs.json,659,6
sirene/90/mairies-administrations.json,26250,184
sirene/90/materiels-agricoles-engins-de-chantier.json,920,8
sirene/90/menuiserie-agencement-serrurerie.json,5109,43
sirene/90/motos-scooters.json,523,5
sirene/90/navigation-fluviale.json,3,0
sirene/90/navigation-maritime-plaisance-professionnelle.json,3,0
sirene/90/nettoyage-proprete.json,3399,31
sirene/90/objets-en-bois-liege-vannerie.json,102,1
sirene/90/optique-photonique-instruments-de-mesure.json,115,1
sirene/90/parcs-naturels-jardins-botaniques-et-zoologiques.json,3,0
sirene/90/parfumerie-cosmetiques.json,903,8
sirene/90/paysagistes-espaces-verts.json,2427,23
sirene/90/peche-professionnelle.json,3,0
sirene/90/peinture-platre-carrelage-sols-isolation.json,6167,58
sirene/90/personnes-agees-ehpad-residences.json,2736,19
sirene/90/pharmacie-optique-protheses.json,11263,98
sirene/90/photographie.json,582,5
sirene/90/plastique-verre-materiaux.json,437,4
sirene/90/plomberie-chauffage-climatisation-froid.json,5654,48
sirene/90/poids-lourds-utilitaires.json,331,3
sirene/90/poste-courrier.json,200,2
sirene/90/pressing-blanchisserie-retouches.json,560,5
sirene/90/primeur-fromagerie-epicerie-fine-cave.json,1379,12
sirene/90/production-et-distribution-d-energie.json,1102,8
sirene/90/publicite-design-graphique.json,1511,14
sirene/90/remontees-mecaniques-telepheriques.json,3,0
sirene/90/reparation-d-ordinateurs-et-de-telephones.json,433,4
sirene/90/reparation-de-machines-et-d-electronique.json,2067,18
sirene/90/reseaux-electriques-et-telecoms.json,140,1
sirene/90/restaurants.json,9957,90
sirene/90/restauration-collective-cantines-entreprises.json,2178,17
sirene/90/restauration-rapide.json,10414,99
sirene/90/scieries-preparation-du-bois.json,411,4
sirene/90/secretariat-accueil-centres-d-appels.json,3006,26
sirene/90/securite-privee-surveillance.json,294,3
sirene/90/services-a-l-elevage-marechalerie.json,3,0
sirene/90/services-informatiques-reseaux.json,1158,11
sirene/90/spectacle-musees-bibliotheques.json,3000,24
sirene/90/superettes-alimentation-generale.json,3058,26
sirene/90/supermarches-grandes-surfaces.json,4880,43
sirene/90/tapisserie-decoration-textile.json,248,2
sirene/90/telecommunications.json,649,6
sirene/90/traitement-des-dechets-dangereux.json,3,0
sirene/90/traiteurs.json,543,4
sirene/90/transformation-de-poissons-crustaces-mollusques.json,3,0
sirene/90/transformation-de-viandes.json,219,2
sirene/90/transport-de-marchandises-livraison.json,4638,39
sirene/90/transport-de-voyageurs.json,1777,16
sirene/90/travaux-agricoles-services-aux-cultures.json,434,4
sirene/90/travaux-publics-routes-reseaux.json,3035,27
sirene/90/usinage-mecanique-outillage.json,3225,28
sirene/90/vetements-chaussures-accessoires.json,7895,70
sirene/90/veterinaires-soins-aux-animaux.json,1753,15
sirene/90/viticulture-vinification.json,3,0
sirene/91/activites-sportives-dont-ecuries-de-course.json,5661,46
sirene/91/aeronautique.json,1652,13
sirene/91/agences-immobilieres-gestion-de-logements.json,67888,570
sirene/91/aide-a-domicile.json,24053,185
sirene/91/ambulances.json,10575,89
sirene/91/aquaculture-pisciculture-conchyliculture.json,109,1
sirene/91/architectes.json,6527,53
sirene/91/armurerie-fabrication-d-armes.json,3,0
sirene/91/associations-animation-solidarite.json,57142,438
sirene/91/audiovisuel-cinema-son.json,8550,76
sirene/91/autres-elevages-dont-animaux-de-compagnie-apiculture.json,503,4
sirene/91/banques-assurances.json,73001,561
sirene/91/bateaux-nautisme.json,489,4
sirene/91/bijouterie-horlogerie.json,1054,10
sirene/91/boucherie-charcuterie-poissonnerie.json,20554,175
sirene/91/boulangerie-patisserie.json,54726,454
sirene/91/bureaux-d-etudes-economistes-de-la-construction.json,81154,697
sirene/91/cafes-bars.json,15220,134
sirene/91/ceramique-verre-d-art-instruments-de-musique.json,381,3
sirene/91/chaudronnerie-soudure-structures-metalliques.json,4397,35
sirene/91/chimie-pharmacie-cosmetiques-papier.json,9214,75
sirene/91/chocolaterie-confiserie-glaces.json,1502,12
sirene/91/clubs-et-salles-de-sport.json,98975,749
sirene/91/coiffure.json,63056,562
sirene/91/commerce-de-gros-entre-entreprises.json,103136,860
sirene/91/comptabilite-conseil-gestion.json,123147,1058
sirene/91/concessionnaires-vente-de-vehicules-et-pieces.json,66784,564
sirene/91/construction-de-navires.json,3,0
sirene/91/construction-maconnerie-gros-uvre.json,194809,1743
sirene/91/couture-confection.json,2285,20
sirene/91/creches-petite-enfance.json,51535,367
sirene/91/cuir-maroquinerie-cordonnerie.json,4116,33
sirene/91/cultures-specialisees-vergers-cultures-tropicales.json,472,4
sirene/91/dechets-recyclage-assainissement.json,26500,200
sirene/91/demenagement.json,6673,52
sirene/91/eau-potable-captage-traitement-distribution.json,5902,45
sirene/91/ebenisterie-meubles-restauration-de-meubles.json,3400,30
sirene/91/ecoles-de-sport-equitation.json,7020,59
sirene/91/ecoles-maternelles-et-elementaires.json,130883,876
sirene/91/electricite-du-batiment.json,67278,592
sirene/91/electronique-materiel-electrique.json,7787,64
sirene/91/elements-prefabriques-en-beton.json,656,5
sirene/91/elevage-bovin-ovin-caprin-porcin-volailles.json,544,5
sirene/91/elevage-de-chevaux-haras.json,1293,10
sirene/91/enseignement-culturel-conservatoires.json,8943,73
sirene/91/enseignes-signaletique-marquage.json,3442,24
sirene/91/entrepots-logistique.json,31992,261
sirene/91/esthetique-soins-de-beaute.json,28997,252
sirene/91/fabrication-de-monnaies-medailles.json,110,1
sirene/91/fleuristes-jardineries.json,17290,143
sirene/91/fleurs-artificielles-parures-de-mode.json,106,1
sirene/91/fonderies.json,714,6
sirene/91/forets-travaux-forestiers.json,1769,15
sirene/91/froid-industriel-installation-de-machines.json,5208,44
sirene/91/garages-carrosseries-voitures.json,68453,581
sirene/91/geometres-experts-topographie.json,3596,29
sirene/91/grossistes-en-fruits-et-legumes.json,3752,34
sirene/91/grossistes-en-poissons-crustaces-mollusques.json,484,4
sirene/91/grossistes-en-viandes.json,763,7
sirene/91/guides-offices-de-tourisme.json,1243,9
sirene/91/handicap-foyers-esat-ime.json,22141,155
sirene/91/hopitaux-cliniques-laboratoires.json,35478,257
sirene/91/horticulture-maraichage-agriculture.json,13201,116
sirene/91/hotels.json,26437,214
sirene/91/imprimerie-prepresse-reliure.json,9583,79
sirene/91/industrie-agroalimentaire.json,4736,39
sirene/91/interim-recrutement.json,27604,218
sirene/91/laboratoires-d-analyses-et-d-essais.json,4610,32
sirene/91/laboratoires-de-recherche-scientifique.json,32583,232
sirene/91/loisirs-animation.json,63683,469
sirene/91/magasins-specialises-bricolage-maison-sport-high-tech.json,80552,637
sirene/91/maintenance-d-equipements-ascenseurs.json,13250,113
sirene/91/mairies-administrations.json,85703,557
sirene/91/materiels-agricoles-engins-de-chantier.json,17406,145
sirene/91/menuiserie-agencement-serrurerie.json,66631,574
sirene/91/motos-scooters.json,4611,40
sirene/91/navigation-fluviale.json,3,0
sirene/91/navigation-maritime-plaisance-professionnelle.json,248,2
sirene/91/nettoyage-proprete.json,53116,462
sirene/91/objets-en-bois-liege-vannerie.json,360,3
sirene/91/optique-photonique-instruments-de-mesure.json,5067,43
sirene/91/parcs-naturels-jardins-botaniques-et-zoologiques.json,136,1
sirene/91/parfumerie-cosmetiques.json,11040,85
sirene/91/paysagistes-espaces-verts.json,26503,231
sirene/91/peche-professionnelle.json,3,0
sirene/91/peinture-platre-carrelage-sols-isolation.json,91758,827
sirene/91/personnes-agees-ehpad-residences.json,20982,157
sirene/91/pharmacie-optique-protheses.json,81807,659
sirene/91/photographie.json,3764,29
sirene/91/plastique-verre-materiaux.json,4251,35
sirene/91/plomberie-chauffage-climatisation-froid.json,83302,727
sirene/91/poids-lourds-utilitaires.json,2973,23
sirene/91/poste-courrier.json,12577,120
sirene/91/pressing-blanchisserie-retouches.json,13391,113
sirene/91/primeur-fromagerie-epicerie-fine-cave.json,12726,107
sirene/91/production-et-distribution-d-energie.json,6848,54
sirene/91/publicite-design-graphique.json,17837,157
sirene/91/remontees-mecaniques-telepheriques.json,3,0
sirene/91/reparation-d-ordinateurs-et-de-telephones.json,5548,47
sirene/91/reparation-de-machines-et-d-electronique.json,9823,79
sirene/91/reseaux-electriques-et-telecoms.json,3941,33
sirene/91/restaurants.json,81947,712
sirene/91/restauration-collective-cantines-entreprises.json,61257,398
sirene/91/restauration-rapide.json,104041,911
sirene/91/scieries-preparation-du-bois.json,566,5
sirene/91/secretariat-accueil-centres-d-appels.json,35094,302
sirene/91/securite-privee-surveillance.json,21518,182
sirene/91/services-a-l-elevage-marechalerie.json,1259,11
sirene/91/services-informatiques-reseaux.json,31149,280
sirene/91/spectacle-musees-bibliotheques.json,27685,228
sirene/91/superettes-alimentation-generale.json,17424,148
sirene/91/supermarches-grandes-surfaces.json,77497,673
sirene/91/tapisserie-decoration-textile.json,1703,14
sirene/91/telecommunications.json,13548,116
sirene/91/traitement-des-dechets-dangereux.json,1089,8
sirene/91/traiteurs.json,10376,86
sirene/91/transformation-de-poissons-crustaces-mollusques.json,351,3
sirene/91/transformation-de-viandes.json,1883,16
sirene/91/transport-de-marchandises-livraison.json,79442,688
sirene/91/transport-de-voyageurs.json,40148,357
sirene/91/travaux-agricoles-services-aux-cultures.json,1108,10
sirene/91/travaux-publics-routes-reseaux.json,25398,212
sirene/91/usinage-mecanique-outillage.json,11037,87
sirene/91/vetements-chaussures-accessoires.json,49967,381
sirene/91/veterinaires-soins-aux-animaux.json,20216,168
sirene/91/viticulture-vinification.json,244,2
sirene/92/activites-sportives-dont-ecuries-de-course.json,7193,59
sirene/92/aeronautique.json,2310,19
sirene/92/agences-immobilieres-gestion-de-logements.json,155415,1283
sirene/92/aide-a-domicile.json,36569,300
sirene/92/ambulances.json,10436,92
sirene/92/aquaculture-pisciculture-conchyliculture.json,345,3
sirene/92/architectes.json,27113,234
sirene/92/armurerie-fabrication-d-armes.json,3,0
sirene/92/associations-animation-solidarite.json,87589,685
sirene/92/audiovisuel-cinema-son.json,79921,698
sirene/92/autres-elevages-dont-animaux-de-compagnie-apiculture.json,116,1
sirene/92/banques-assurances.json,148680,1164
sirene/92/bateaux-nautisme.json,478,4
sirene/92/bijouterie-horlogerie.json,2515,23
sirene/92/boucherie-charcuterie-poissonnerie.json,28153,245
sirene/92/boulangerie-patisserie.json,78696,679
sirene/92/bureaux-d-etudes-economistes-de-la-construction.json,143051,1245
sirene/92/cafes-bars.json,24962,219
sirene/92/ceramique-verre-d-art-instruments-de-musique.json,948,8
sirene/92/chaudronnerie-soudure-structures-metalliques.json,2418,20
sirene/92/chimie-pharmacie-cosmetiques-papier.json,18221,150
sirene/92/chocolaterie-confiserie-glaces.json,5748,49
sirene/92/clubs-et-salles-de-sport.json,84676,665
sirene/92/coiffure.json,82320,739
sirene/92/commerce-de-gros-entre-entreprises.json,122844,1058
sirene/92/comptabilite-conseil-gestion.json,492098,4317
sirene/92/concessionnaires-vente-de-vehicules-et-pieces.json,53397,445
sirene/92/construction-de-navires.json,231,2
sirene/92/construction-maconnerie-gros-uvre.json,117334,1064
sirene/92/couture-confection.json,3709,33
sirene/92/creches-petite-enfance.json,153386,1137
sirene/92/cuir-maroquinerie-cordonnerie.json,5368,46
sirene/92/cultures-specialisees-vergers-cultures-tropicales.json,119,1
sirene/92/dechets-recyclage-assainissement.json,23555,187
sirene/92/demenagement.json,5850,48
sirene/92/eau-potable-captage-traitement-distribution.json,4236,36
sirene/92/ebenisterie-meubles-restauration-de-meubles.json,3755,33
sirene/92/ecoles-de-sport-equitation.json,9224,75
sirene/92/ecoles-maternelles-et-elementaires.json,95528,632
sirene/92/electricite-du-batiment.json,52429,469
sirene/92/electronique-materiel-electrique.json,5457,45
sirene/92/elements-prefabriques-en-beton.json,570,5
sirene/92/elevage-bovin-ovin-caprin-porcin-volailles.json,129,1
sirene/92/elevage-de-chevaux-haras.json,156,1
sirene/92/enseignement-culturel-conservatoires.json,10797,85
sirene/92/enseignes-signaletique-marquage.json,1055,9
sirene/92/entrepots-logistique.json,32094,265
sirene/92/esthetique-soins-de-beaute.json,57880,518
sirene/92/fabrication-de-monnaies-medailles.json,3,0
sirene/92/fleuristes-jardineries.json,18619,162
sirene/92/fleurs-artificielles-parures-de-mode.json,344,3
sirene/92/fonderies.json,503,4
sirene/92/forets-travaux-forestiers.json,1254,10
sirene/92/froid-industriel-installation-de-machines.json,1374,10
sirene/92/garages-carrosseries-voitures.json,41699,355
sirene/92/geometres-experts-topographie.json,3054,26
sirene/92/grossistes-en-fruits-et-legumes.json,1922,17
sirene/92/grossistes-en-poissons-crustaces-mollusques.json,435,4
sirene/92/grossistes-en-viandes.json,818,7
sirene/92/guides-offices-de-tourisme.json,5747,47
sirene/92/handicap-foyers-esat-ime.json,30891,231
sirene/92/hopitaux-cliniques-laboratoires.json,53783,384
sirene/92/horticulture-maraichage-agriculture.json,1097,9
sirene/92/hotels.json,57926,478
sirene/92/imprimerie-prepresse-reliure.json,7430,66
sirene/92/industrie-agroalimentaire.json,7841,68
sirene/92/interim-recrutement.json,32982,266
sirene/92/laboratoires-d-analyses-et-d-essais.json,3740,28
sirene/92/laboratoires-de-recherche-scientifique.json,21102,164
sirene/92/loisirs-animation.json,78530,596
sirene/92/magasins-specialises-bricolage-maison-sport-high-tech.json,116497,965
sirene/92/maintenance-d-equipements-ascenseurs.json,9619,82
sirene/92/mairies-administrations.json,61897,367
sirene/92/materiels-agricoles-engins-de-chantier.json,5606,50
sirene/92/menuiserie-agencement-serrurerie.json,40714,354
sirene/92/motos-scooters.json,8493,74
sirene/92/navigation-fluviale.json,1020,8
sirene/92/navigation-maritime-plaisance-professionnelle.json,1592,14
sirene/92/nettoyage-proprete.json,67141,588
sirene/92/objets-en-bois-liege-vannerie.json,543,5
sirene/92/optique-photonique-instruments-de-mesure.json,2797,24
sirene/92/parcs-naturels-jardins-botaniques-et-zoologiques.json,112,1
sirene/92/parfumerie-cosmetiques.json,16638,136
sirene/92/paysagistes-espaces-verts.json,10530,94
sirene/92/peche-professionnelle.json,99,1
sirene/92/peinture-platre-carrelage-sols-isolation.json,84331,775
sirene/92/personnes-agees-ehpad-residences.json,30824,243
sirene/92/pharmacie-optique-protheses.json,108390,907
sirene/92/photographie.json,7604,65
sirene/92/plastique-verre-materiaux.json,6102,50
sirene/92/plomberie-chauffage-climatisation-froid.json,73677,638
sirene/92/poids-lourds-utilitaires.json,326,3
sirene/92/poste-courrier.json,12089,116
sirene/92/pressing-blanchisserie-retouches.json,27801,245
sirene/92/primeur-fromagerie-epicerie-fine-cave.json,25308,216
sirene/92/production-et-distribution-d-energie.json,39610,291
sirene/92/publicite-design-graphique.json,93660,817
sirene/92/remontees-mecaniques-telepheriques.json,3,0
sirene/92/reparation-d-ordinateurs-et-de-telephones.json,6204,54
sirene/92/reparation-de-machines-et-d-electronique.json,4759,42
sirene/92/reseaux-electriques-et-telecoms.json,3264,27
sirene/92/restaurants.json,207621,1850
sirene/92/restauration-collective-cantines-entreprises.json,204577,1305
sirene/92/restauration-rapide.json,184136,1618
sirene/92/scieries-preparation-du-bois.json,105,1
sirene/92/secretariat-accueil-centres-d-appels.json,83039,705
sirene/92/securite-privee-surveillance.json,31082,254
sirene/92/services-a-l-elevage-marechalerie.json,103,1
sirene/92/services-informatiques-reseaux.json,120015,1076
sirene/92/spectacle-musees-bibliotheques.json,45830,382
sirene/92/superettes-alimentation-generale.json,32650,285
sirene/92/supermarches-grandes-surfaces.json,92968,814
sirene/92/tapisserie-decoration-textile.json,4090,35
sirene/92/telecommunications.json,27006,231
sirene/92/traitement-des-dechets-dangereux.json,1089,9
sirene/92/traiteurs.json,27023,233
sirene/92/transformation-de-poissons-crustaces-mollusques.json,120,1
sirene/92/transformation-de-viandes.json,664,6
sirene/92/transport-de-marchandises-livraison.json,51494,456
sirene/92/transport-de-voyageurs.json,54822,483
sirene/92/travaux-agricoles-services-aux-cultures.json,393,3
sirene/92/travaux-publics-routes-reseaux.json,9734,80
sirene/92/usinage-mecanique-outillage.json,2997,25
sirene/92/vetements-chaussures-accessoires.json,88571,735
sirene/92/veterinaires-soins-aux-animaux.json,26757,228
sirene/92/viticulture-vinification.json,1038,8
sirene/93/activites-sportives-dont-ecuries-de-course.json,3581,27
sirene/93/aeronautique.json,2105,16
sirene/93/agences-immobilieres-gestion-de-logements.json,71458,597
sirene/93/aide-a-domicile.json,21550,169
sirene/93/ambulances.json,18591,161
sirene/93/aquaculture-pisciculture-conchyliculture.json,3,0
sirene/93/architectes.json,22044,195
sirene/93/armurerie-fabrication-d-armes.json,3,0
sirene/93/associations-animation-solidarite.json,87642,685
sirene/93/audiovisuel-cinema-son.json,43894,392
sirene/93/autres-elevages-dont-animaux-de-compagnie-apiculture.json,96,1
sirene/93/banques-assurances.json,74750,592
sirene/93/bateaux-nautisme.json,3,0
sirene/93/bijouterie-horlogerie.json,1828,16
sirene/93/boucherie-charcuterie-poissonnerie.json,28421,249
sirene/93/boulangerie-patisserie.json,71093,621
sirene/93/bureaux-d-etudes-economistes-de-la-construction.json,57157,501
sirene/93/cafes-bars.json,42060,380
sirene/93/ceramique-verre-d-art-instruments-de-musique.json,467,4
sirene/93/chaudronnerie-soudure-structures-metalliques.json,4721,41
sirene/93/chimie-pharmacie-cosmetiques-papier.json,7008,61
sirene/93/chocolaterie-confiserie-glaces.json,1298,11
sirene/93/clubs-et-salles-de-sport.json,64594,496
sirene/93/coiffure.json,73724,663
sirene/93/commerce-de-gros-entre-entreprises.json,149791,1321
sirene/93/comptabilite-conseil-gestion.json,126357,1101
sirene/93/concessionnaires-vente-de-vehicules-et-pieces.json,65530,572
sirene/93/construction-de-navires.json,3,0
sirene/93/construction-maconnerie-gros-uvre.json,296164,2773
sirene/93/couture-confection.json,14638,138
sirene/93/creches-petite-enfance.json,68203,495
sirene/93/cuir-maroquinerie-cordonnerie.json,7803,65
sirene/93/cultures-specialisees-vergers-cultures-tropicales.json,3,0
sirene/93/dechets-recyclage-assainissement.json,23841,197
sirene/93/demenagement.json,8349,68
sirene/93/eau-potable-captage-traitement-distribution.json,4539,35
sirene/93/ebenisterie-meubles-restauration-de-meubles.json,6321,58
sirene/93/ecoles-de-sport-equitation.json,1994,16
sirene/93/ecoles-maternelles-et-elementaires.json,121455,824
sirene/93/electricite-du-batiment.json,107198,984
sirene/93/electronique-materiel-electrique.json,5083,46
sirene/93/elements-prefabriques-en-beton.json,201,2
sirene/93/elevage-bovin-ovin-caprin-porcin-volailles.json,3,0
sirene/93/elevage-de-chevaux-haras.json,210,2
sirene/93/enseignement-culturel-conservatoires.json,5388,44
sirene/93/enseignes-signaletique-marquage.json,2424,20
sirene/93/entrepots-logistique.json,66381,523
sirene/93/esthetique-soins-de-beaute.json,33214,296
sirene/93/fabrication-de-monnaies-medailles.json,3,0
sirene/93/fleuristes-jardineries.json,8022,69
sirene/93/fleurs-artificielles-parures-de-mode.json,237,2
sirene/93/fonderies.json,487,4
sirene/93/forets-travaux-forestiers.json,1510,14
sirene/93/froid-industriel-installation-de-machines.json,3399,29
sirene/93/garages-carrosseries-voitures.json,64034,559
sirene/93/geometres-experts-topographie.json,2701,24
sirene/93/grossistes-en-fruits-et-legumes.json,3008,28
sirene/93/grossistes-en-poissons-crustaces-mollusques.json,622,6
sirene/93/grossistes-en-viandes.json,2828,25
sirene/93/guides-offices-de-tourisme.json,2679,22
sirene/93/handicap-foyers-esat-ime.json,21672,153
sirene/93/hopitaux-cliniques-laboratoires.json,40795,287
sirene/93/horticulture-maraichage-agriculture.json,570,5
sirene/93/hotels.json,37222,308
sirene/93/imprimerie-prepresse-reliure.json,10592,92
sirene/93/industrie-agroalimentaire.json,5691,51
sirene/93/interim-recrutement.json,24605,195
sirene/93/laboratoires-d-analyses-et-d-essais.json,1337,9
sirene/93/laboratoires-de-recherche-scientifique.json,5275,40
sirene/93/loisirs-animation.json,78972,602
sirene/93/magasins-specialises-bricolage-maison-sport-high-tech.json,99591,802
sirene/93/maintenance-d-equipements-ascenseurs.json,14753,131
sirene/93/mairies-administrations.json,113400,692
sirene/93/materiels-agricoles-engins-de-chantier.json,9589,83
sirene/93/menuiserie-agencement-serrurerie.json,87195,795
sirene/93/motos-scooters.json,4514,40
sirene/93/navigation-fluviale.json,3,0
sirene/93/navigation-maritime-plaisance-professionnelle.json,101,1
sirene/93/nettoyage-proprete.json,82527,738
sirene/93/objets-en-bois-liege-vannerie.json,414,4
sirene/93/optique-photonique-instruments-de-mesure.json,945,8
sirene/93/parcs-naturels-jardins-botaniques-et-zoologiques.json,3,0
sirene/93/parfumerie-cosmetiques.json,13782,111
sirene/93/paysagistes-espaces-verts.json,8951,79
sirene/93/peche-professionnelle.json,3,0
sirene/93/peinture-platre-carrelage-sols-isolation.json,230952,2184
sirene/93/personnes-agees-ehpad-residences.json,14191,104
sirene/93/pharmacie-optique-protheses.json,91500,747
sirene/93/photographie.json,7639,65
sirene/93/plastique-verre-materiaux.json,4217,35
sirene/93/plomberie-chauffage-climatisation-froid.json,119496,1063
sirene/93/poids-lourds-utilitaires.json,1483,13
sirene/93/poste-courrier.json,13390,126
sirene/93/pressing-blanchisserie-retouches.json,22407,197
sirene/93/primeur-fromagerie-epicerie-fine-cave.json,10457,89
sirene/93/production-et-distribution-d-energie.json,13156,102
sirene/93/publicite-design-graphique.json,34881,318
sirene/93/remontees-mecaniques-telepheriques.json,3,0
sirene/93/reparation-d-ordinateurs-et-de-telephones.json,6072,54
sirene/93/reparation-de-machines-et-d-electronique.json,4692,40
sirene/93/reseaux-electriques-et-telecoms.json,1788,15
sirene/93/restaurants.json,114521,1019
sirene/93/restauration-collective-cantines-entreprises.json,71448,474
sirene/93/restauration-rapide.json,181068,1617
sirene/93/scieries-preparation-du-bois.json,121,1
sirene/93/secretariat-accueil-centres-d-appels.json,42245,373
sirene/93/securite-privee-surveillance.json,59072,495
sirene/93/services-a-l-elevage-marechalerie.json,115,1
sirene/93/services-informatiques-reseaux.json,35081,319
sirene/93/spectacle-musees-bibliotheques.json,55189,472
sirene/93/superettes-alimentation-generale.json,16754,145
sirene/93/supermarches-grandes-surfaces.json,134043,1194
sirene/93/tapisserie-decoration-textile.json,4188,34
sirene/93/telecommunications.json,22689,203
sirene/93/traitement-des-dechets-dangereux.json,208,2
sirene/93/traiteurs.json,17526,155
sirene/93/transformation-de-poissons-crustaces-mollusques.json,131,1
sirene/93/transformation-de-viandes.json,1742,16
sirene/93/transport-de-marchandises-livraison.json,145742,1315
sirene/93/transport-de-voyageurs.json,82323,733
sirene/93/travaux-agricoles-services-aux-cultures.json,108,1
sirene/93/travaux-publics-routes-reseaux.json,15705,135
sirene/93/usinage-mecanique-outillage.json,5126,44
sirene/93/vetements-chaussures-accessoires.json,76855,626
sirene/93/veterinaires-soins-aux-animaux.json,14586,122
sirene/93/viticulture-vinification.json,472,3
sirene/94/activites-sportives-dont-ecuries-de-course.json,7335,57
sirene/94/aeronautique.json,1372,11
sirene/94/agences-immobilieres-gestion-de-logements.json,86967,716
sirene/94/aide-a-domicile.json,30529,241
sirene/94/ambulances.json,16509,141
sirene/94/aquaculture-pisciculture-conchyliculture.json,3,0
sirene/94/architectes.json,20219,172
sirene/94/armurerie-fabrication-d-armes.json,3,0
sirene/94/associations-animation-solidarite.json,65435,493
sirene/94/audiovisuel-cinema-son.json,19460,173
sirene/94/autres-elevages-dont-animaux-de-compagnie-apiculture.json,282,2
sirene/94/banques-assurances.json,85025,644
sirene/94/bateaux-nautisme.json,408,3
sirene/94/bijouterie-horlogerie.json,2319,20
sirene/94/boucherie-charcuterie-poissonnerie.json,22441,190
sirene/94/boulangerie-patisserie.json,63317,539
sirene/94/bureaux-d-etudes-economistes-de-la-construction.json,72299,629
sirene/94/cafes-bars.json,24498,215
sirene/94/ceramique-verre-d-art-instruments-de-musique.json,694,6
sirene/94/chaudronnerie-soudure-structures-metalliques.json,3077,27
sirene/94/chimie-pharmacie-cosmetiques-papier.json,5451,42
sirene/94/chocolaterie-confiserie-glaces.json,2119,19
sirene/94/clubs-et-salles-de-sport.json,75212,573
sirene/94/coiffure.json,68148,598
sirene/94/commerce-de-gros-entre-entreprises.json,96297,814
sirene/94/comptabilite-conseil-gestion.json,179986,1558
sirene/94/concessionnaires-vente-de-vehicules-et-pieces.json,46264,387
sirene/94/construction-de-navires.json,3,0
sirene/94/construction-maconnerie-gros-uvre.json,184326,1650
sirene/94/couture-confection.json,3549,32
sirene/94/creches-petite-enfance.json,79911,572
sirene/94/cuir-maroquinerie-cordonnerie.json,3903,32
sirene/94/cultures-specialisees-vergers-cultures-tropicales.json,210,2
sirene/94/dechets-recyclage-assainissement.json,22143,170
sirene/94/demenagement.json,6314,51
sirene/94/eau-potable-captage-traitement-distribution.json,2623,20
sirene/94/ebenisterie-meubles-restauration-de-meubles.json,5757,48
sirene/94/ecoles-de-sport-equitation.json,4973,42
sirene/94/ecoles-maternelles-et-elementaires.json,99464,650
sirene/94/electricite-du-batiment.json,65769,585
sirene/94/electronique-materiel-electrique.json,3248,26
sirene/94/elements-prefabriques-en-beton.json,737,5
sirene/94/elevage-bovin-ovin-caprin-porcin-volailles.json,3,0
sirene/94/elevage-de-chevaux-haras.json,538,4
sirene/94/enseignement-culturel-conservatoires.json,7926,63
sirene/94/enseignes-signaletique-marquage.json,1751,13
sirene/94/entrepots-logistique.json,28659,230
sirene/94/esthetique-soins-de-beaute.json,43233,378
sirene/94/fabrication-de-monnaies-medailles.json,3,0
sirene/94/fleuristes-jardineries.json,11660,97
sirene/94/fleurs-artificielles-parures-de-mode.json,96,1
sirene/94/fonderies.json,280,2
sirene/94/forets-travaux-forestiers.json,465,4
sirene/94/froid-industriel-installation-de-machines.json,4934,40
sirene/94/garages-carrosseries-voitures.json,46557,390
sirene/94/geometres-experts-topographie.json,2191,18
sirene/94/grossistes-en-fruits-et-legumes.json,29316,249
sirene/94/grossistes-en-poissons-crustaces-mollusques.json,5024,44
sirene/94/grossistes-en-viandes.json,6749,59
sirene/94/guides-offices-de-tourisme.json,2109,18
sirene/94/handicap-foyers-esat-ime.json,20694,142
sirene/94/hopitaux-cliniques-laboratoires.json,38207,268
sirene/94/horticulture-maraichage-agriculture.json,2709,23
sirene/94/hotels.json,31977,263
sirene/94/imprimerie-prepresse-reliure.json,6694,56
sirene/94/industrie-agroalimentaire.json,7481,65
sirene/94/interim-recrutement.json,19506,159
sirene/94/laboratoires-d-analyses-et-d-essais.json,1041,8
sirene/94/laboratoires-de-recherche-scientifique.json,16019,108
sirene/94/loisirs-animation.json,63063,466
sirene/94/magasins-specialises-bricolage-maison-sport-high-tech.json,89407,708
sirene/94/maintenance-d-equipements-ascenseurs.json,10950,95
sirene/94/mairies-administrations.json,79091,499
sirene/94/materiels-agricoles-engins-de-chantier.json,7499,64
sirene/94/menuiserie-agencement-serrurerie.json,61649,528
sirene/94/motos-scooters.json,4619,41
sirene/94/navigation-fluviale.json,133,1
sirene/94/navigation-maritime-plaisance-professionnelle.json,3,0
sirene/94/nettoyage-proprete.json,59646,513
sirene/94/objets-en-bois-liege-vannerie.json,454,4
sirene/94/optique-photonique-instruments-de-mesure.json,1536,13
sirene/94/parcs-naturels-jardins-botaniques-et-zoologiques.json,3,0
sirene/94/parfumerie-cosmetiques.json,11443,88
sirene/94/paysagistes-espaces-verts.json,14108,119
sirene/94/peche-professionnelle.json,3,0
sirene/94/peinture-platre-carrelage-sols-isolation.json,113680,1021
sirene/94/personnes-agees-ehpad-residences.json,23467,167
sirene/94/pharmacie-optique-protheses.json,89382,725
sirene/94/photographie.json,4233,35
sirene/94/plastique-verre-materiaux.json,3489,29
sirene/94/plomberie-chauffage-climatisation-froid.json,99479,858
sirene/94/poids-lourds-utilitaires.json,1437,12
sirene/94/poste-courrier.json,10549,99
sirene/94/pressing-blanchisserie-retouches.json,19488,169
sirene/94/primeur-fromagerie-epicerie-fine-cave.json,13712,117
sirene/94/production-et-distribution-d-energie.json,7218,56
sirene/94/publicite-design-graphique.json,31239,272
sirene/94/remontees-mecaniques-telepheriques.json,3,0
sirene/94/reparation-d-ordinateurs-et-de-telephones.json,5340,46
sirene/94/reparation-de-machines-et-d-electronique.json,6993,58
sirene/94/reseaux-electriques-et-telecoms.json,1095,9
sirene/94/restaurants.json,115522,1003
sirene/94/restauration-collective-cantines-entreprises.json,66911,434
sirene/94/restauration-rapide.json,137421,1183
sirene/94/scieries-preparation-du-bois.json,119,1
sirene/94/secretariat-accueil-centres-d-appels.json,38710,326
sirene/94/securite-privee-surveillance.json,30815,255
sirene/94/services-a-l-elevage-marechalerie.json,241,2
sirene/94/services-informatiques-reseaux.json,40347,368
sirene/94/spectacle-musees-bibliotheques.json,45847,368
sirene/94/superettes-alimentation-generale.json,20167,171
sirene/94/supermarches-grandes-surfaces.json,103670,892
sirene/94/tapisserie-decoration-textile.json,2140,18
sirene/94/telecommunications.json,13074,112
sirene/94/traitement-des-dechets-dangereux.json,3,0
sirene/94/traiteurs.json,15636,133
sirene/94/transformation-de-poissons-crustaces-mollusques.json,609,6
sirene/94/transformation-de-viandes.json,1570,14
sirene/94/transport-de-marchandises-livraison.json,88347,775
sirene/94/transport-de-voyageurs.json,53989,464
sirene/94/travaux-agricoles-services-aux-cultures.json,331,3
sirene/94/travaux-publics-routes-reseaux.json,13086,104
sirene/94/usinage-mecanique-outillage.json,3432,29
sirene/94/vetements-chaussures-accessoires.json,58160,479
sirene/94/veterinaires-soins-aux-animaux.json,18272,152
sirene/94/viticulture-vinification.json,156,1
sirene/95/activites-sportives-dont-ecuries-de-course.json,3151,26
sirene/95/aeronautique.json,2394,19
sirene/95/agences-immobilieres-gestion-de-logements.json,62633,534
sirene/95/aide-a-domicile.json,17184,139
sirene/95/ambulances.json,8128,68
sirene/95/aquaculture-pisciculture-conchyliculture.json,3,0
sirene/95/architectes.json,4424,39
sirene/95/armurerie-fabrication-d-armes.json,3,0
sirene/95/associations-animation-solidarite.json,52884,411
sirene/95/audiovisuel-cinema-son.json,8593,76
sirene/95/autres-elevages-dont-animaux-de-compagnie-apiculture.json,115,1
sirene/95/banques-assurances.json,61479,484
sirene/95/bateaux-nautisme.json,143,1
sirene/95/bijouterie-horlogerie.json,2126,18
sirene/95/boucherie-charcuterie-poissonnerie.json,18716,162
sirene/95/boulangerie-patisserie.json,53018,454
sirene/95/bureaux-d-etudes-economistes-de-la-construction.json,50269,442
sirene/95/cafes-bars.json,24200,216
sirene/95/ceramique-verre-d-art-instruments-de-musique.json,205,2
sirene/95/chaudronnerie-soudure-structures-metalliques.json,5516,48
sirene/95/chimie-pharmacie-cosmetiques-papier.json,8558,70
sirene/95/chocolaterie-confiserie-glaces.json,1274,11
sirene/95/clubs-et-salles-de-sport.json,75400,599
sirene/95/coiffure.json,58975,528
sirene/95/commerce-de-gros-entre-entreprises.json,94922,802
sirene/95/comptabilite-conseil-gestion.json,137225,1189
sirene/95/concessionnaires-vente-de-vehicules-et-pieces.json,64782,554
sirene/95/construction-de-navires.json,3,0
sirene/95/construction-maconnerie-gros-uvre.json,182131,1687
sirene/95/couture-confection.json,1715,15
sirene/95/creches-petite-enfance.json,45174,334
sirene/95/cuir-maroquinerie-cordonnerie.json,2234,18
sirene/95/cultures-specialisees-vergers-cultures-tropicales.json,1235,10
sirene/95/dechets-recyclage-assainissement.json,30434,237
sirene/95/demenagement.json,8515,71
sirene/95/eau-potable-captage-traitement-distribution.json,10396,81
sirene/95/ebenisterie-meubles-restauration-de-meubles.json,4579,40
sirene/95/ecoles-de-sport-equitation.json,4962,42
sirene/95/ecoles-maternelles-et-elementaires.json,127010,858
sirene/95/electricite-du-batiment.json,86475,791
sirene/95/electronique-materiel-electrique.json,6218,50
sirene/95/elements-prefabriques-en-beton.json,864,7
sirene/95/elevage-bovin-ovin-caprin-porcin-volailles.json,433,4
sirene/95/elevage-de-chevaux-haras.json,831,7
sirene/95/enseignement-culturel-conservatoires.json,6777,53
sirene/95/enseignes-signaletique-marquage.json,1253,10
sirene/95/entrepots-logistique.json,53649,424
sirene/95/esthetique-soins-de-beaute.json,28023,250
sirene/95/fabrication-de-monnaies-medailles.json,123,1
sirene/95/fleuristes-jardineries.json,12514,109
sirene/95/fleurs-artificielles-parures-de-mode.json,3,0
sirene/95/fonderies.json,491,4
sirene/95/forets-travaux-forestiers.json,1005,10
sirene/95/froid-industriel-installation-de-machines.json,3843,32
sirene/95/garages-carrosseries-voitures.json,67236,580
sirene/95/geometres-experts-topographie.json,3013,25
sirene/95/grossistes-en-fruits-et-legumes.json,1876,17
sirene/95/grossistes-en-poissons-crustaces-mollusques.json,321,3
sirene/95/grossistes-en-viandes.json,1438,13
sirene/95/guides-offices-de-tourisme.json,2005,15
sirene/95/handicap-foyers-esat-ime.json,20297,144
sirene/95/hopitaux-cliniques-laboratoires.json,26935,211
sirene/95/horticulture-maraichage-agriculture.json,12748,112
sirene/95/hotels.json,25538,210
sirene/95/imprimerie-prepresse-reliure.json,8438,72
sirene/95/industrie-agroalimentaire.json,2653,23
sirene/95/interim-recrutement.json,21772,174
sirene/95/laboratoires-d-analyses-et-d-essais.json,1767,12
sirene/95/laboratoires-de-recherche-scientifique.json,1801,14
sirene/95/loisirs-animation.json,57411,430
sirene/95/magasins-specialises-bricolage-maison-sport-high-tech.json,76528,612
sirene/95/maintenance-d-equipements-ascenseurs.json,14075,121
sirene/95/mairies-administrations.json,92177,599
sirene/95/materiels-agricoles-engins-de-chantier.json,15566,135
sirene/95/menuiserie-agencement-serrurerie.json,62200,553
sirene/95/motos-scooters.json,4782,41
sirene/95/navigation-fluviale.json,3,0
sirene/95/navigation-maritime-plaisance-professionnelle.json,96,1
sirene/95/nettoyage-proprete.json,59354,525
sirene/95/objets-en-bois-liege-vannerie.json,530,5
sirene/95/optique-photonique-instruments-de-mesure.json,2798,23
sirene/95/parcs-naturels-jardins-botaniques-et-zoologiques.json,427,2
sirene/95/parfumerie-cosmetiques.json,9799,75
sirene/95/paysagistes-espaces-verts.json,21812,194
sirene/95/peche-professionnelle.json,3,0
sirene/95/peinture-platre-carrelage-sols-isolation.json,118082,1107
sirene/95/personnes-agees-ehpad-residences.json,17053,131
sirene/95/pharmacie-optique-protheses.json,80419,662
sirene/95/photographie.json,3874,32
sirene/95/plastique-verre-materiaux.json,4649,37
sirene/95/plomberie-chauffage-climatisation-froid.json,91504,829
sirene/95/poids-lourds-utilitaires.json,4356,36
sirene/95/poste-courrier.json,11752,115
sirene/95/pressing-blanchisserie-retouches.json,14290,121
sirene/95/primeur-fromagerie-epicerie-fine-cave.json,10008,86
sirene/95/production-et-distribution-d-energie.json,5003,41
sirene/95/publicite-design-graphique.json,18846,167
sirene/95/remontees-mecaniques-telepheriques.json,3,0
sirene/95/reparation-d-ordinateurs-et-de-telephones.json,5289,46
sirene/95/reparation-de-machines-et-d-electronique.json,9792,82
sirene/95/reseaux-electriques-et-telecoms.json,2106,19
sirene/95/restaurants.json,77039,683
sirene/95/restauration-collective-cantines-entreprises.json,45537,304
sirene/95/restauration-rapide.json,105110,930
sirene/95/scieries-preparation-du-bois.json,669,5
sirene/95/secretariat-accueil-centres-d-appels.json,30783,271
sirene/95/securite-privee-surveillance.json,30123,257
sirene/95/services-a-l-elevage-marechalerie.json,1053,10
sirene/95/services-informatiques-reseaux.json,22550,206
sirene/95/spectacle-musees-bibliotheques.json,20290,169
sirene/95/superettes-alimentation-generale.json,16641,141
sirene/95/supermarches-grandes-surfaces.json,68882,608
sirene/95/tapisserie-decoration-textile.json,1298,11
sirene/95/telecommunications.json,15735,142
sirene/95/traitement-des-dechets-dangereux.json,152,1
sirene/95/traiteurs.json,14206,121
sirene/95/transformation-de-poissons-crustaces-mollusques.json,127,1
sirene/95/transformation-de-viandes.json,1230,11
sirene/95/transport-de-marchandises-livraison.json,92417,821
sirene/95/transport-de-voyageurs.json,49609,450
sirene/95/travaux-agricoles-services-aux-cultures.json,1637,15
sirene/95/travaux-publics-routes-reseaux.json,18589,160
sirene/95/usinage-mecanique-outillage.json,15294,124
sirene/95/vetements-chaussures-accessoires.json,58749,460
sirene/95/veterinaires-soins-aux-animaux.json,18233,158
sirene/95/viticulture-vinification.json,865,7
sirene/971/activites-sportives-dont-ecuries-de-course.json,1675,12
sirene/971/aeronautique.json,179,1
sirene/971/agences-immobilieres-gestion-de-logements.json,17145,131
sirene/971/aide-a-domicile.json,11254,82
sirene/971/ambulances.json,4270,35
sirene/971/aquaculture-pisciculture-conchyliculture.json,198,2
sirene/971/architectes.json,4931,36
sirene/971/armurerie-fabrication-d-armes.json,3,0
sirene/971/associations-animation-solidarite.json,52937,357
sirene/971/audiovisuel-cinema-son.json,4755,37
sirene/971/autres-elevages-dont-animaux-de-compagnie-apiculture.json,460,3
sirene/971/banques-assurances.json,28979,199
sirene/971/bateaux-nautisme.json,1960,16
sirene/971/bijouterie-horlogerie.json,1404,10
sirene/971/boucherie-charcuterie-poissonnerie.json,3238,27
sirene/971/boulangerie-patisserie.json,29154,237
sirene/971/bureaux-d-etudes-economistes-de-la-construction.json,22958,167
sirene/971/cafes-bars.json,2042,16
sirene/971/ceramique-verre-d-art-instruments-de-musique.json,105,1
sirene/971/chaudronnerie-soudure-structures-metalliques.json,6203,50
sirene/971/chimie-pharmacie-cosmetiques-papier.json,2865,23
sirene/971/chocolaterie-confiserie-glaces.json,2145,17
sirene/971/clubs-et-salles-de-sport.json,13101,96
sirene/971/coiffure.json,11353,89
sirene/971/commerce-de-gros-entre-entreprises.json,34694,262
sirene/971/comptabilite-conseil-gestion.json,58980,426
sirene/971/concessionnaires-vente-de-vehicules-et-pieces.json,25658,195
sirene/971/construction-de-navires.json,292,2
sirene/971/construction-maconnerie-gros-uvre.json,41822,333
sirene/971/couture-confection.json,1263,10
sirene/971/creches-petite-enfance.json,13993,108
sirene/971/cuir-maroquinerie-cordonnerie.json,570,5
sirene/971/cultures-specialisees-vergers-cultures-tropicales.json,9640,78
sirene/971/dechets-recyclage-assainissement.json,10448,79
sirene/971/demenagement.json,1125,8
sirene/971/eau-potable-captage-traitement-distribution.json,3748,27
sirene/971/ebenisterie-meubles-restauration-de-meubles.json,1444,11
sirene/971/ecoles-de-sport-equitation.json,1499,12
sirene/971/ecoles-maternelles-et-elementaires.json,38549,267
sirene/971/electricite-du-batiment.json,21298,164
sirene/971/electronique-materiel-electrique.json,1227,9
sirene/971/elements-prefabriques-en-beton.json,1366,10
sirene/971/elevage-bovin-ovin-caprin-porcin-volailles.json,1730,13
sirene/971/elevage-de-chevaux-haras.json,148,1
sirene/971/enseignement-culturel-conservatoires.json,1726,14
sirene/971/enseignes-signaletique-marquage.json,1131,8
sirene/971/entrepots-logistique.json,12346,92
sirene/971/esthetique-soins-de-beaute.json,12873,100
sirene/971/fabrication-de-monnaies-medailles.json,3,0
sirene/971/fleuristes-jardineries.json,4847,40
sirene/971/fleurs-artificielles-parures-de-mode.json,3,0
sirene/971/fonderies.json,133,1
sirene/971/forets-travaux-forestiers.json,124,1
sirene/971/froid-industriel-installation-de-machines.json,1772,13
sirene/971/garages-carrosseries-voitures.json,26235,210
sirene/971/geometres-experts-topographie.json,1849,13
sirene/971/grossistes-en-fruits-et-legumes.json,2517,20
sirene/971/grossistes-en-poissons-crustaces-mollusques.json,329,2
sirene/971/grossistes-en-viandes.json,259,2
sirene/971/guides-offices-de-tourisme.json,3258,23
sirene/971/handicap-foyers-esat-ime.json,8523,52
sirene/971/hopitaux-cliniques-laboratoires.json,9086,70
sirene/971/horticulture-maraichage-agriculture.json,7050,57
sirene/971/hotels.json,26116,211
sirene/971/imprimerie-prepresse-reliure.json,8269,63
sirene/971/industrie-agroalimentaire.json,17350,140
sirene/971/interim-recrutement.json,6838,49
sirene/971/laboratoires-d-analyses-et-d-essais.json,1013,6
sirene/971/laboratoires-de-recherche-scientifique.json,3589,26
sirene/971/loisirs-animation.json,32696,233
sirene/971/magasins-specialises-bricolage-maison-sport-high-tech.json,63037,484
sirene/971/maintenance-d-equipements-ascenseurs.json,6296,46
sirene/971/mairies-administrations.json,36062,223
sirene/971/materiels-agricoles-engins-de-chantier.json,3546,27
sirene/971/menuiserie-agencement-serrurerie.json,17586,139
sirene/971/motos-scooters.json,1272,10
sirene/971/navigation-fluviale.json,3,0
sirene/971/navigation-maritime-plaisance-professionnelle.json,5573,44
sirene/971/nettoyage-proprete.json,18182,143
sirene/971/objets-en-bois-liege-vannerie.json,368,3
sirene/971/optique-photonique-instruments-de-mesure.json,556,4
sirene/971/parcs-naturels-jardins-botaniques-et-zoologiques.json,1769,13
sirene/971/parfumerie-cosmetiques.json,7606,61
sirene/971/paysagistes-espaces-verts.json,9165,72
sirene/971/peche-professionnelle.json,319,3
sirene/971/peinture-platre-carrelage-sols-isolation.json,11896,93
sirene/971/personnes-agees-ehpad-residences.json,3151,22
sirene/971/pharmacie-optique-protheses.json,34160,263
sirene/971/photographie.json,1013,8
sirene/971/plastique-verre-materiaux.json,1923,14
sirene/971/plomberie-chauffage-climatisation-froid.json,19062,150
sirene/971/poids-lourds-utilitaires.json,1373,11
sirene/971/poste-courrier.json,127,1
sirene/971/pressing-blanchisserie-retouches.json,5213,41
sirene/971/primeur-fromagerie-epicerie-fine-cave.json,4659,37
sirene/971/production-et-distribution-d-energie.json,4694,33
sirene/971/publicite-design-graphique.json,6561,50
sirene/971/remontees-mecaniques-telepheriques.json,3,0
sirene/971/reparation-d-ordinateurs-et-de-telephones.json,2729,20
sirene/971/reparation-de-machines-et-d-electronique.json,4878,35
sirene/971/reseaux-electriques-et-telecoms.json,3082,23
sirene/971/restaurants.json,35074,287
sirene/971/restauration-collective-cantines-entreprises.json,3025,21
sirene/971/restauration-rapide.json,37259,303
sirene/971/scieries-preparation-du-bois.json,629,5
sirene/971/secretariat-accueil-centres-d-appels.json,12648,96
sirene/971/securite-privee-surveillance.json,13031,92
sirene/971/services-a-l-elevage-marechalerie.json,3,0
sirene/971/services-informatiques-reseaux.json,8635,65
sirene/971/spectacle-musees-bibliotheques.json,6686,52
sirene/971/superettes-alimentation-generale.json,4657,37
sirene/971/supermarches-grandes-surfaces.json,39589,332
sirene/971/tapisserie-decoration-textile.json,770,6
sirene/971/telecommunications.json,4875,37
sirene/971/traitement-des-dechets-dangereux.json,148,1
sirene/971/traiteurs.json,3215,28
sirene/971/transformation-de-poissons-crustaces-mollusques.json,1070,9
sirene/971/transformation-de-viandes.json,6465,50
sirene/971/transport-de-marchandises-livraison.json,26815,210
sirene/971/transport-de-voyageurs.json,18121,144
sirene/971/travaux-agricoles-services-aux-cultures.json,1836,15
sirene/971/travaux-publics-routes-reseaux.json,16304,129
sirene/971/usinage-mecanique-outillage.json,1978,16
sirene/971/vetements-chaussures-accessoires.json,38831,317
sirene/971/veterinaires-soins-aux-animaux.json,4626,38
sirene/971/viticulture-vinification.json,120,1
sirene/972/activites-sportives-dont-ecuries-de-course.json,1318,10
sirene/972/aeronautique.json,108,1
sirene/972/agences-immobilieres-gestion-de-logements.json,19264,145
sirene/972/aide-a-domicile.json,14056,105
sirene/972/ambulances.json,3437,28
sirene/972/aquaculture-pisciculture-conchyliculture.json,109,1
sirene/972/architectes.json,4253,29
sirene/972/armurerie-fabrication-d-armes.json,3,0
sirene/972/associations-animation-solidarite.json,36741,251
sirene/972/audiovisuel-cinema-son.json,3862,30
sirene/972/autres-elevages-dont-animaux-de-compagnie-apiculture.json,331,2
sirene/972/banques-assurances.json,29918,205
sirene/972/bateaux-nautisme.json,2787,23
sirene/972/bijouterie-horlogerie.json,1848,15
sirene/972/boucherie-charcuterie-poissonnerie.json,2745,23
sirene/972/boulangerie-patisserie.json,19505,157
sirene/972/bureaux-d-etudes-economistes-de-la-construction.json,17929,131
sirene/972/cafes-bars.json,1946,17
sirene/972/ceramique-verre-d-art-instruments-de-musique.json,3,0
sirene/972/chaudronnerie-soudure-structures-metalliques.json,6656,52
sirene/972/chimie-pharmacie-cosmetiques-papier.json,3263,27
sirene/972/chocolaterie-confiserie-glaces.json,1622,14
sirene/972/clubs-et-salles-de-sport.json,16446,119
sirene/972/coiffure.json,10176,84
sirene/972/commerce-de-gros-entre-entreprises.json,19653,156
sirene/972/comptabilite-conseil-gestion.json,48905,367
sirene/972/concessionnaires-vente-de-vehicules-et-pieces.json,25205,195
sirene/972/construction-de-navires.json,588,5
sirene/972/construction-maconnerie-gros-uvre.json,37089,295
sirene/972/couture-confection.json,734,6
sirene/972/creches-petite-enfance.json,14321,109
sirene/972/cuir-maroquinerie-cordonnerie.json,702,6
sirene/972/cultures-specialisees-vergers-cultures-tropicales.json,16876,153
sirene/972/dechets-recyclage-assainissement.json,7707,55
sirene/972/demenagement.json,829,6
sirene/972/eau-potable-captage-traitement-distribution.json,3359,26
sirene/972/ebenisterie-meubles-restauration-de-meubles.json,1803,15
sirene/972/ecoles-de-sport-equitation.json,1936,14
sirene/972/ecoles-maternelles-et-elementaires.json,33772,231
sirene/972/electricite-du-batiment.json,16827,134
sirene/972/electronique-materiel-electrique.json,788,6
sirene/972/elements-prefabriques-en-beton.json,2340,20
sirene/972/elevage-bovin-ovin-caprin-porcin-volailles.json,4392,37
sirene/972/elevage-de-chevaux-haras.json,737,6
sirene/972/enseignement-culturel-conservatoires.json,1331,10
sirene/972/enseignes-signaletique-marquage.json,1237,9
sirene/972/entrepots-logistique.json,12408,97
sirene/972/esthetique-soins-de-beaute.json,9872,79
sirene/972/fabrication-de-monnaies-medailles.json,3,0
sirene/972/fleuristes-jardineries.json,3739,29
sirene/972/fleurs-artificielles-parures-de-mode.json,3,0
sirene/972/fonderies.json,129,1
sirene/972/forets-travaux-forestiers.json,463,4
sirene/972/froid-industriel-installation-de-machines.json,1540,12
sirene/972/garages-carrosseries-voitures.json,20065,164
sirene/972/geometres-experts-topographie.json,2631,19
sirene/972/grossistes-en-fruits-et-legumes.json,2425,19
sirene/972/grossistes-en-poissons-crustaces-mollusques.json,357,3
sirene/972/grossistes-en-viandes.json,99,1
sirene/972/guides-offices-de-tourisme.json,1930,15
sirene/972/handicap-foyers-esat-ime.json,8354,49
sirene/972/hopitaux-cliniques-laboratoires.json,11892,84
sirene/972/horticulture-maraichage-agriculture.json,8303,69
sirene/972/hotels.json,18367,145
sirene/972/imprimerie-prepresse-reliure.json,5054,40
sirene/972/industrie-agroalimentaire.json,6902,55
sirene/972/interim-recrutement.json,6999,51
sirene/972/laboratoires-d-analyses-et-d-essais.json,1313,8
sirene/972/laboratoires-de-recherche-scientifique.json,2436,17
sirene/972/loisirs-animation.json,31434,228
sirene/972/magasins-specialises-bricolage-maison-sport-high-tech.json,56213,447
sirene/972/maintenance-d-equipements-ascenseurs.json,4947,40
sirene/972/mairies-administrations.json,33030,194
sirene/972/materiels-agricoles-engins-de-chantier.json,4458,37
sirene/972/menuiserie-agencement-serrurerie.json,13930,113
sirene/972/motos-scooters.json,1557,13
sirene/972/navigation-fluviale.json,3,0
sirene/972/navigation-maritime-plaisance-professionnelle.json,4208,33
sirene/972/nettoyage-proprete.json,14461,116
sirene/972/objets-en-bois-liege-vannerie.json,124,1
sirene/972/optique-photonique-instruments-de-mesure.json,399,3
sirene/972/parcs-naturels-jardins-botaniques-et-zoologiques.json,338,3
sirene/972/parfumerie-cosmetiques.json,10843,87
sirene/972/paysagistes-espaces-verts.json,10552,85
sirene/972/peche-professionnelle.json,3,0
sirene/972/peinture-platre-carrelage-sols-isolation.json,13260,111
sirene/972/personnes-agees-ehpad-residences.json,3497,26
sirene/972/pharmacie-optique-protheses.json,33472,259
sirene/972/photographie.json,382,3
sirene/972/plastique-verre-materiaux.json,1721,14
sirene/972/plomberie-chauffage-climatisation-froid.json,15220,121
sirene/972/poids-lourds-utilitaires.json,1302,11
sirene/972/poste-courrier.json,1062,10
sirene/972/pressing-blanchisserie-retouches.json,7985,61
sirene/972/primeur-fromagerie-epicerie-fine-cave.json,2798,22
sirene/972/production-et-distribution-d-energie.json,4703,35
sirene/972/publicite-design-graphique.json,9057,70
sirene/972/remontees-mecaniques-telepheriques.json,3,0
sirene/972/reparation-d-ordinateurs-et-de-telephones.json,4065,32
sirene/972/reparation-de-machines-et-d-electronique.json,5768,44
sirene/972/reseaux-electriques-et-telecoms.json,1212,9
sirene/972/restaurants.json,41702,347
sirene/972/restauration-collective-cantines-entreprises.json,3399,25
sirene/972/restauration-rapide.json,40286,334
sirene/972/scieries-preparation-du-bois.json,496,4
sirene/972/secretariat-accueil-centres-d-appels.json,15040,115
sirene/972/securite-privee-surveillance.json,10007,72
sirene/972/services-a-l-elevage-marechalerie.json,130,1
sirene/972/services-informatiques-reseaux.json,7663,59
sirene/972/spectacle-musees-bibliotheques.json,5657,44
sirene/972/superettes-alimentation-generale.json,7888,62
sirene/972/supermarches-grandes-surfaces.json,24011,194
sirene/972/tapisserie-decoration-textile.json,1121,9
sirene/972/telecommunications.json,6457,51
sirene/972/traitement-des-dechets-dangereux.json,282,2
sirene/972/traiteurs.json,2466,20
sirene/972/transformation-de-poissons-crustaces-mollusques.json,911,8
sirene/972/transformation-de-viandes.json,1855,14
sirene/972/transport-de-marchandises-livraison.json,22434,183
sirene/972/transport-de-voyageurs.json,20763,167
sirene/972/travaux-agricoles-services-aux-cultures.json,2257,20
sirene/972/travaux-publics-routes-reseaux.json,14116,112
sirene/972/usinage-mecanique-outillage.json,1082,9
sirene/972/vetements-chaussures-accessoires.json,38919,318
sirene/972/veterinaires-soins-aux-animaux.json,6246,49
sirene/972/viticulture-vinification.json,3,0
sirene/973/activites-sportives-dont-ecuries-de-course.json,124,1
sirene/973/aeronautique.json,354,3
sirene/973/agences-immobilieres-gestion-de-logements.json,7654,62
sirene/973/aide-a-domicile.json,5039,36
sirene/973/ambulances.json,3692,29
sirene/973/aquaculture-pisciculture-conchyliculture.json,3,0
sirene/973/architectes.json,5050,39
sirene/973/armurerie-fabrication-d-armes.json,3,0
sirene/973/associations-animation-solidarite.json,25392,183
sirene/973/audiovisuel-cinema-son.json,1839,15
sirene/973/autres-elevages-dont-animaux-de-compagnie-apiculture.json,531,4
sirene/973/banques-assurances.json,10840,74
sirene/973/bateaux-nautisme.json,243,2
sirene/973/bijouterie-horlogerie.json,1666,12
sirene/973/boucherie-charcuterie-poissonnerie.json,562,4
sirene/973/boulangerie-patisserie.json,6976,57
sirene/973/bureaux-d-etudes-economistes-de-la-construction.json,15904,119
sirene/973/cafes-bars.json,2055,17
sirene/973/ceramique-verre-d-art-instruments-de-musique.json,3,0
sirene/973/chaudronnerie-soudure-structures-metalliques.json,6272,49
sirene/973/chimie-pharmacie-cosmetiques-papier.json,1839,14
sirene/973/chocolaterie-confiserie-glaces.json,642,5
sirene/973/clubs-et-salles-de-sport.json,6510,51
sirene/973/coiffure.json,3356,28
sirene/973/commerce-de-gros-entre-entreprises.json,13490,107
sirene/973/comptabilite-conseil-gestion.json,25557,197
sirene/973/concessionnaires-vente-de-vehicules-et-pieces.json,12044,92
sirene/973/construction-de-navires.json,3,0
sirene/973/construction-maconnerie-gros-uvre.json,27295,217
sirene/973/couture-confection.json,1149,10
sirene/973/creches-petite-enfance.json,9077,69
sirene/973/cuir-maroquinerie-cordonnerie.json,243,2
sirene/973/cultures-specialisees-vergers-cultures-tropicales.json,536,4
sirene/973/dechets-recyclage-assainissement.json,6064,45
sirene/973/demenagement.json,446,3
sirene/973/eau-potable-captage-traitement-distribution.json,2313,18
sirene/973/ebenisterie-meubles-restauration-de-meubles.json,1970,15
sirene/973/ecoles-de-sport-equitation.json,1102,9
sirene/973/ecoles-maternelles-et-elementaires.json,27121,182
sirene/973/electricite-du-batiment.json,13872,111
sirene/973/electronique-materiel-electrique.json,927,7
sirene/973/elements-prefabriques-en-beton.json,553,4
sirene/973/elevage-bovin-ovin-caprin-porcin-volailles.json,2346,19
sirene/973/elevage-de-chevaux-haras.json,113,1
sirene/973/enseignement-culturel-conservatoires.json,405,3
sirene/973/enseignes-signaletique-marquage.json,482,4
sirene/973/entrepots-logistique.json,6367,47
sirene/973/esthetique-soins-de-beaute.json,3963,32
sirene/973/fabrication-de-monnaies-medailles.json,3,0
sirene/973/fleuristes-jardineries.json,1190,10
sirene/973/fleurs-artificielles-parures-de-mode.json,3,0
sirene/973/fonderies.json,3,0
sirene/973/forets-travaux-forestiers.json,2312,18
sirene/973/froid-industriel-installation-de-machines.json,610,4
sirene/973/garages-carrosseries-voitures.json,8175,66
sirene/973/geometres-experts-topographie.json,1950,14
sirene/973/grossistes-en-fruits-et-legumes.json,271,2
sirene/973/grossistes-en-poissons-crustaces-mollusques.json,3,0
sirene/973/grossistes-en-viandes.json,122,1
sirene/973/guides-offices-de-tourisme.json,1255,9
sirene/973/handicap-foyers-esat-ime.json,2358,16
sirene/973/hopitaux-cliniques-laboratoires.json,4163,29
sirene/973/horticulture-maraichage-agriculture.json,1887,16
sirene/973/hotels.json,8952,72
sirene/973/imprimerie-prepresse-reliure.json,2546,20
sirene/973/industrie-agroalimentaire.json,2741,23
sirene/973/interim-recrutement.json,4814,36
sirene/973/laboratoires-d-analyses-et-d-essais.json,464,3
sirene/973/laboratoires-de-recherche-scientifique.json,1722,12
sirene/973/loisirs-animation.json,16376,115
sirene/973/magasins-specialises-bricolage-maison-sport-high-tech.json,26665,215
sirene/973/maintenance-d-equipements-ascenseurs.json,3137,25
sirene/973/mairies-administrations.json,22565,134
sirene/973/materiels-agricoles-engins-de-chantier.json,2409,19
sirene/973/menuiserie-agencement-serrurerie.json,8725,68
sirene/973/motos-scooters.json,1322,12
sirene/973/navigation-fluviale.json,769,6
sirene/973/navigation-maritime-plaisance-professionnelle.json,979,8
sirene/973/nettoyage-proprete.json,6704,55
sirene/973/objets-en-bois-liege-vannerie.json,110,1
sirene/973/optique-photonique-instruments-de-mesure.json,3,0
sirene/973/parcs-naturels-jardins-botaniques-et-zoologiques.json,2275,16
sirene/973/parfumerie-cosmetiques.json,3798,30
sirene/973/paysagistes-espaces-verts.json,6505,52
sirene/973/peche-professionnelle.json,1137,9
sirene/973/peinture-platre-carrelage-sols-isolation.json,7405,61
sirene/973/personnes-agees-ehpad-residences.json,651,4
sirene/973/pharmacie-optique-protheses.json,12456,97
sirene/973/photographie.json,106,1
sirene/973/plastique-verre-materiaux.json,560,4
sirene/973/plomberie-chauffage-climatisation-froid.json,13732,109
sirene/973/poids-lourds-utilitaires.json,1296,10
sirene/973/poste-courrier.json,2128,21
sirene/973/pressing-blanchisserie-retouches.json,1729,12
sirene/973/primeur-fromagerie-epicerie-fine-cave.json,1080,8
sirene/973/production-et-distribution-d-energie.json,3311,25
sirene/973/publicite-design-graphique.json,3228,26
sirene/973/remontees-mecaniques-telepheriques.json,3,0
sirene/973/reparation-d-ordinateurs-et-de-telephones.json,2109,16
sirene/973/reparation-de-machines-et-d-electronique.json,6933,52
sirene/973/reseaux-electriques-et-telecoms.json,2982,22
sirene/973/restaurants.json,11473,98
sirene/973/restauration-collective-cantines-entreprises.json,2085,15
sirene/973/restauration-rapide.json,13566,114
sirene/973/scieries-preparation-du-bois.json,1492,12
sirene/973/secretariat-accueil-centres-d-appels.json,5573,44
sirene/973/securite-privee-surveillance.json,8406,62
sirene/973/services-a-l-elevage-marechalerie.json,3,0
sirene/973/services-informatiques-reseaux.json,2532,20
sirene/973/spectacle-musees-bibliotheques.json,2641,21
sirene/973/superettes-alimentation-generale.json,2081,16
sirene/973/supermarches-grandes-surfaces.json,11028,91
sirene/973/tapisserie-decoration-textile.json,606,5
sirene/973/telecommunications.json,4521,37
sirene/973/traitement-des-dechets-dangereux.json,3,0
sirene/973/traiteurs.json,1432,11
sirene/973/transformation-de-poissons-crustaces-mollusques.json,953,8
sirene/973/transformation-de-viandes.json,1053,8
sirene/973/transport-de-marchandises-livraison.json,14933,117
sirene/973/transport-de-voyageurs.json,9602,72
sirene/973/travaux-agricoles-services-aux-cultures.json,431,3
sirene/973/travaux-publics-routes-reseaux.json,15254,119
sirene/973/usinage-mecanique-outillage.json,957,8
sirene/973/vetements-chaussures-accessoires.json,11833,94
sirene/973/veterinaires-soins-aux-animaux.json,1738,14
sirene/973/viticulture-vinification.json,3,0
sirene/974/activites-sportives-dont-ecuries-de-course.json,4895,37
sirene/974/aeronautique.json,531,4
sirene/974/agences-immobilieres-gestion-de-logements.json,45295,352
sirene/974/aide-a-domicile.json,16793,119
sirene/974/ambulances.json,14517,114
sirene/974/aquaculture-pisciculture-conchyliculture.json,346,3
sirene/974/architectes.json,9285,73
sirene/974/armurerie-fabrication-d-armes.json,3,0
sirene/974/associations-animation-solidarite.json,68332,490
sirene/974/audiovisuel-cinema-son.json,8061,66
sirene/974/autres-elevages-dont-animaux-de-compagnie-apiculture.json,1259,10
sirene/974/banques-assurances.json,53756,384
sirene/974/bateaux-nautisme.json,1156,10
sirene/974/bijouterie-horlogerie.json,4373,37
sirene/974/boucherie-charcuterie-poissonnerie.json,11806,92
sirene/974/boulangerie-patisserie.json,48286,392
sirene/974/bureaux-d-etudes-economistes-de-la-construction.json,36985,287
sirene/974/cafes-bars.json,6698,56
sirene/974/ceramique-verre-d-art-instruments-de-musique.json,3,0
sirene/974/chaudronnerie-soudure-structures-metalliques.json,14754,113
sirene/974/chimie-pharmacie-cosmetiques-papier.json,6438,51
sirene/974/chocolaterie-confiserie-glaces.json,5090,39
sirene/974/clubs-et-salles-de-sport.json,45948,343
sirene/974/coiffure.json,30179,250
sirene/974/commerce-de-gros-entre-entreprises.json,57091,453
sirene/974/comptabilite-conseil-gestion.json,96584,760
sirene/974/concessionnaires-vente-de-vehicules-et-pieces.json,65304,512
sirene/974/construction-de-navires.json,3,0
sirene/974/construction-maconnerie-gros-uvre.json,94529,742
sirene/974/couture-confection.json,1544,13
sirene/974/creches-petite-enfance.json,63793,497
sirene/974/cuir-maroquinerie-cordonnerie.json,116,1
sirene/974/cultures-specialisees-vergers-cultures-tropicales.json,13047,105
sirene/974/dechets-recyclage-assainissement.json,20246,157
sirene/974/demenagement.json,1168,9
sirene/974/eau-potable-captage-traitement-distribution.json,4908,37
sirene/974/ebenisterie-meubles-restauration-de-meubles.json,4979,39
sirene/974/ecoles-de-sport-equitation.json,5093,40
sirene/974/ecoles-maternelles-et-elementaires.json,83429,545
sirene/974/electricite-du-batiment.json,36152,282
sirene/974/electronique-materiel-electrique.json,2434,18
sirene/974/elements-prefabriques-en-beton.json,4466,33
sirene/974/elevage-bovin-ovin-caprin-porcin-volailles.json,12745,106
sirene/974/elevage-de-chevaux-haras.json,1212,10
sirene/974/enseignement-culturel-conservatoires.json,3063,24
sirene/974/enseignes-signaletique-marquage.json,819,6
sirene/974/entrepots-logistique.json,28395,225
sirene/974/esthetique-soins-de-beaute.json,21813,175
sirene/974/fabrication-de-monnaies-medailles.json,3,0
sirene/974/fleuristes-jardineries.json,9444,74
sirene/974/fleurs-artificielles-parures-de-mode.json,126,1
sirene/974/fonderies.json,3,0
sirene/974/forets-travaux-forestiers.json,492,4
sirene/974/froid-industriel-installation-de-machines.json,2515,20
sirene/974/garages-carrosseries-voitures.json,48283,379
sirene/974/geometres-experts-topographie.json,3019,25
sirene/974/grossistes-en-fruits-et-legumes.json,6003,47
sirene/974/grossistes-en-poissons-crustaces-mollusques.json,1247,9
sirene/974/grossistes-en-viandes.json,371,3
sirene/974/guides-offices-de-tourisme.json,3594,25
sirene/974/handicap-foyers-esat-ime.json,12953,78
sirene/974/hopitaux-cliniques-laboratoires.json,22898,168
sirene/974/horticulture-maraichage-agriculture.json,16246,136
sirene/974/hotels.json,25052,198
sirene/974/imprimerie-prepresse-reliure.json,8880,72
sirene/974/industrie-agroalimentaire.json,16831,138
sirene/974/interim-recrutement.json,14671,113
sirene/974/laboratoires-d-analyses-et-d-essais.json,1464,9
sirene/974/laboratoires-de-recherche-scientifique.json,6720,46
sirene/974/loisirs-animation.json,55918,404
sirene/974/magasins-specialises-bricolage-maison-sport-high-tech.json,105135,855
sirene/974/maintenance-d-equipements-ascenseurs.json,7408,53
sirene/974/mairies-administrations.json,48793,291
sirene/974/materiels-agricoles-engins-de-chantier.json,7161,58
sirene/974/menuiserie-agencement-serrurerie.json,30402,235
sirene/974/motos-scooters.json,5430,44
sirene/974/navigation-fluviale.json,3,0
sirene/974/navigation-maritime-plaisance-professionnelle.json,938,8
sirene/974/nettoyage-proprete.json,31014,249
sirene/974/objets-en-bois-liege-vannerie.json,120,1
sirene/974/optique-photonique-instruments-de-mesure.json,386,3
sirene/974/parcs-naturels-jardins-botaniques-et-zoologiques.json,1525,11
sirene/974/parfumerie-cosmetiques.json,13612,112
sirene/974/paysagistes-espaces-verts.json,11945,92
sirene/974/peche-professionnelle.json,4107,34
sirene/974/peinture-platre-carrelage-sols-isolation.json,27709,218
sirene/974/personnes-agees-ehpad-residences.json,5201,39
sirene/974/pharmacie-optique-protheses.json,62972,475
sirene/974/photographie.json,1260,10
sirene/974/plastique-verre-materiaux.json,3046,24
sirene/974/plomberie-chauffage-climatisation-froid.json,23452,181
sirene/974/poids-lourds-utilitaires.json,2352,18
sirene/974/poste-courrier.json,359,3
sirene/974/pressing-blanchisserie-retouches.json,6124,50
sirene/974/primeur-fromagerie-epicerie-fine-cave.json,15456,124
sirene/974/production-et-distribution-d-energie.json,19671,124
sirene/974/publicite-design-graphique.json,10302,83
sirene/974/remontees-mecaniques-telepheriques.json,3,0
sirene/974/reparation-d-ordinateurs-et-de-telephones.json,6373,49
sirene/974/reparation-de-machines-et-d-electronique.json,14640,109
sirene/974/reseaux-electriques-et-telecoms.json,1678,13
sirene/974/restaurants.json,73220,606
sirene/974/restauration-collective-cantines-entreprises.json,6782,50
sirene/974/restauration-rapide.json,107432,869
sirene/974/scieries-preparation-du-bois.json,928,7
sirene/974/secretariat-accueil-centres-d-appels.json,29652,236
sirene/974/securite-privee-surveillance.json,12729,91
sirene/974/services-a-l-elevage-marechalerie.json,784,6
sirene/974/services-informatiques-reseaux.json,13960,118
sirene/974/spectacle-musees-bibliotheques.json,14289,114
sirene/974/superettes-alimentation-generale.json,10955,85
sirene/974/supermarches-grandes-surfaces.json,42066,330
sirene/974/tapisserie-decoration-textile.json,1194,9
sirene/974/telecommunications.json,11713,93
sirene/974/traitement-des-dechets-dangereux.json,895,7
sirene/974/traiteurs.json,5423,42
sirene/974/transformation-de-poissons-crustaces-mollusques.json,2397,18
sirene/974/transformation-de-viandes.json,4369,32
sirene/974/transport-de-marchandises-livraison.json,42295,328
sirene/974/transport-de-voyageurs.json,27334,210
sirene/974/travaux-agricoles-services-aux-cultures.json,2721,23
sirene/974/travaux-publics-routes-reseaux.json,37014,286
sirene/974/usinage-mecanique-outillage.json,2076,16
sirene/974/vetements-chaussures-accessoires.json,99361,802
sirene/974/veterinaires-soins-aux-animaux.json,13115,102
sirene/974/viticulture-vinification.json,147,1
sirene/976/activites-sportives-dont-ecuries-de-course.json,581,4
sirene/976/aeronautique.json,129,1
sirene/976/agences-immobilieres-gestion-de-logements.json,675,5
sirene/976/aide-a-domicile.json,822,6
sirene/976/ambulances.json,962,8
sirene/976/aquaculture-pisciculture-conchyliculture.json,3,0
sirene/976/architectes.json,1763,13
sirene/976/armurerie-fabrication-d-armes.json,3,0
sirene/976/associations-animation-solidarite.json,6967,52
sirene/976/audiovisuel-cinema-son.json,358,3
sirene/976/autres-elevages-dont-animaux-de-compagnie-apiculture.json,3,0
sirene/976/banques-assurances.json,1691,13
sirene/976/bateaux-nautisme.json,240,2
sirene/976/bijouterie-horlogerie.json,3,0
sirene/976/boucherie-charcuterie-poissonnerie.json,3,0
sirene/976/boulangerie-patisserie.json,2874,24
sirene/976/bureaux-d-etudes-economistes-de-la-construction.json,3487,28
sirene/976/cafes-bars.json,3,0
sirene/976/ceramique-verre-d-art-instruments-de-musique.json,3,0
sirene/976/chaudronnerie-soudure-structures-metalliques.json,1484,12
sirene/976/chimie-pharmacie-cosmetiques-papier.json,345,3
sirene/976/chocolaterie-confiserie-glaces.json,214,2
sirene/976/clubs-et-salles-de-sport.json,500,4
sirene/976/coiffure.json,616,5
sirene/976/commerce-de-gros-entre-entreprises.json,4568,37
sirene/976/comptabilite-conseil-gestion.json,4615,34
sirene/976/concessionnaires-vente-de-vehicules-et-pieces.json,2123,16
sirene/976/construction-de-navires.json,3,0
sirene/976/construction-maconnerie-gros-uvre.json,6750,53
sirene/976/couture-confection.json,127,1
sirene/976/creches-petite-enfance.json,1638,12
sirene/976/cuir-maroquinerie-cordonnerie.json,3,0
sirene/976/cultures-specialisees-vergers-cultures-tropicales.json,132,1
sirene/976/dechets-recyclage-assainissement.json,1066,8
sirene/976/demenagement.json,113,1
sirene/976/eau-potable-captage-traitement-distribution.json,3,0
sirene/976/ebenisterie-meubles-restauration-de-meubles.json,238,2
sirene/976/ecoles-de-sport-equitation.json,3,0
sirene/976/ecoles-maternelles-et-elementaires.json,21185,138
sirene/976/electricite-du-batiment.json,5250,42
sirene/976/electronique-materiel-electrique.json,3,0
sirene/976/elements-prefabriques-en-beton.json,332,3
sirene/976/elevage-bovin-ovin-caprin-porcin-volailles.json,3,0
sirene/976/elevage-de-chevaux-haras.json,3,0
sirene/976/enseignement-culturel-conservatoires.json,120,1
sirene/976/enseignes-signaletique-marquage.json,3,0
sirene/976/entrepots-logistique.json,1725,14
sirene/976/esthetique-soins-de-beaute.json,332,3
sirene/976/fabrication-de-monnaies-medailles.json,3,0
sirene/976/fleuristes-jardineries.json,107,1
sirene/976/fleurs-artificielles-parures-de-mode.json,3,0
sirene/976/fonderies.json,3,0
sirene/976/forets-travaux-forestiers.json,3,0
sirene/976/froid-industriel-installation-de-machines.json,124,1
sirene/976/garages-carrosseries-voitures.json,1226,10
sirene/976/geometres-experts-topographie.json,3,0
sirene/976/grossistes-en-fruits-et-legumes.json,3,0
sirene/976/grossistes-en-poissons-crustaces-mollusques.json,3,0
sirene/976/grossistes-en-viandes.json,3,0
sirene/976/guides-offices-de-tourisme.json,275,2
sirene/976/handicap-foyers-esat-ime.json,1403,10
sirene/976/hopitaux-cliniques-laboratoires.json,527,4
sirene/976/horticulture-maraichage-agriculture.json,226,2
sirene/976/hotels.json,1062,9
sirene/976/imprimerie-prepresse-reliure.json,391,3
sirene/976/industrie-agroalimentaire.json,372,4
sirene/976/interim-recrutement.json,1025,8
sirene/976/laboratoires-d-analyses-et-d-essais.json,136,1
sirene/976/laboratoires-de-recherche-scientifique.json,601,4
sirene/976/loisirs-animation.json,4516,34
sirene/976/magasins-specialises-bricolage-maison-sport-high-tech.json,8058,67
sirene/976/maintenance-d-equipements-ascenseurs.json,148,1
sirene/976/mairies-administrations.json,5507,35
sirene/976/materiels-agricoles-engins-de-chantier.json,400,3
sirene/976/menuiserie-agencement-serrurerie.json,1589,12
sirene/976/motos-scooters.json,110,1
sirene/976/navigation-fluviale.json,3,0
sirene/976/navigation-maritime-plaisance-professionnelle.json,448,4
sirene/976/nettoyage-proprete.json,1775,14
sirene/976/objets-en-bois-liege-vannerie.json,161,1
sirene/976/optique-photonique-instruments-de-mesure.json,3,0
sirene/976/parcs-naturels-jardins-botaniques-et-zoologiques.json,3,0
sirene/976/parfumerie-cosmetiques.json,711,6
sirene/976/paysagistes-espaces-verts.json,680,6
sirene/976/peche-professionnelle.json,114,1
sirene/976/peinture-platre-carrelage-sols-isolation.json,754,6
sirene/976/personnes-agees-ehpad-residences.json,3,0
sirene/976/pharmacie-optique-protheses.json,3751,31
sirene/976/photographie.json,127,1
sirene/976/plastique-verre-materiaux.json,109,1
sirene/976/plomberie-chauffage-climatisation-froid.json,856,6
sirene/976/poids-lourds-utilitaires.json,291,2
sirene/976/poste-courrier.json,131,1
sirene/976/pressing-blanchisserie-retouches.json,493,4
sirene/976/primeur-fromagerie-epicerie-fine-cave.json,3,0
sirene/976/production-et-distribution-d-energie.json,5450,37
sirene/976/publicite-design-graphique.json,465,4
sirene/976/remontees-mecaniques-telepheriques.json,3,0
sirene/976/reparation-d-ordinateurs-et-de-telephones.json,3,0
sirene/976/reparation-de-machines-et-d-electronique.json,738,5
sirene/976/reseaux-electriques-et-telecoms.json,221,2
sirene/976/restaurants.json,2698,23
sirene/976/restauration-collective-cantines-entreprises.json,145,1
sirene/976/restauration-rapide.json,2879,25
sirene/976/scieries-preparation-du-bois.json,3,0
sirene/976/secretariat-accueil-centres-d-appels.json,727,6
sirene/976/securite-privee-surveillance.json,1922,14
sirene/976/services-a-l-elevage-marechalerie.json,3,0
sirene/976/services-informatiques-reseaux.json,615,5
sirene/976/spectacle-musees-bibliotheques.json,106,1
sirene/976/superettes-alimentation-generale.json,248,2
sirene/976/supermarches-grandes-surfaces.json,3832,29
sirene/976/tapisserie-decoration-textile.json,105,1
sirene/976/telecommunications.json,1160,10
sirene/976/traitement-des-dechets-dangereux.json,3,0
sirene/976/traiteurs.json,234,2
sirene/976/transformation-de-poissons-crustaces-mollusques.json,218,2
sirene/976/transformation-de-viandes.json,135,1
sirene/976/transport-de-marchandises-livraison.json,2033,16
sirene/976/transport-de-voyageurs.json,2162,16
sirene/976/travaux-agricoles-services-aux-cultures.json,384,3
sirene/976/travaux-publics-routes-reseaux.json,1739,12
sirene/976/usinage-mecanique-outillage.json,3,0
sirene/976/vetements-chaussures-accessoires.json,2188,18
sirene/976/veterinaires-soins-aux-animaux.json,353,3
sirene/976/viticulture-vinification.json,3,0
